OrderID,OrderDate,CustomerID
O00001,08-06-2025,C011
O00002,05-07-2025,C106
O00003,03-06-2025,C145
O00004,13-10-2025,C183
O00005,15-09-2025,C259
O00006,08-04-2025,C191
O00007,26-06-2025,C074
O00008,05-04-2025,C198
O00009,18-06-2025,C074
O00010,15-03-2025,C137
O00011,11-05-2025,C278
O00012,01-10-2025,C074
O00013,19-01-2025,C177
O00014,21-05-2025,C269
O00015,10-07-2025,C159
O00016,26-08-2025,C233
O00017,07-07-2025,C255
O00018,17-05-2025,C071
O00019,23-08-2025,C150
O00020,04-01-2025,C068
O00021,22-01-2025,C286
O00022,25-05-2025,C285
O00023,01-05-2025,C235
O00024,29-08-2025,C148
O00025,09-02-2025,C227
O00026,18-12-2025,C102
O00027,14-05-2025,C118
O00028,09-11-2025,C076
O00029,02-04-2025,C131
O00030,13-10-2025,C049
O00031,13-09-2025,C290
O00032,17-03-2025,C081
O00033,07-02-2025,C199
O00034,23-06-2025,C156
O00035,29-03-2025,C117
O00036,04-12-2025,C033
O00037,15-11-2025,C175
O00038,24-08-2025,C158
O00039,03-10-2025,C260
O00040,05-09-2025,C181
O00041,26-06-2025,C210
O00042,11-04-2025,C135
O00043,26-01-2025,C128
O00044,02-03-2025,C124
O00045,23-09-2025,C036
O00046,17-07-2025,C223
O00047,28-07-2025,C204
O00048,06-11-2025,C155
O00049,05-01-2025,C021
O00050,13-10-2025,C153
O00051,11-05-2025,C030
O00052,17-12-2025,C133
O00053,25-11-2025,C271
O00054,14-10-2025,C118
O00055,11-01-2025,C067
O00056,05-09-2025,C152
O00057,13-10-2025,C121
O00058,11-07-2025,C260
O00059,13-11-2025,C172
O00060,05-07-2025,C114
O00061,18-02-2025,C045
O00062,31-08-2025,C035
O00063,08-08-2025,C049
O00064,16-01-2025,C082
O00065,22-12-2025,C096
O00066,01-03-2025,C109
O00067,21-01-2025,C275
O00068,25-06-2025,C238
O00069,11-06-2025,C128
O00070,21-04-2025,C082
O00071,28-04-2025,C006
O00072,12-09-2025,C252
O00073,22-06-2025,C242
O00074,16-01-2025,C100
O00075,08-05-2025,C077
O00076,18-04-2025,C251
O00077,28-10-2025,C171
O00078,24-10-2025,C014
O00079,30-06-2025,C033
O00080,02-12-2025,C174
O00081,11-10-2025,C291
O00082,01-07-2025,C218
O00083,17-10-2025,C026
O00084,27-11-2025,C027
O00085,26-05-2025,C097
O00086,23-03-2025,C116
O00087,17-09-2025,C267
O00088,07-03-2025,C211
O00089,13-06-2025,C218
O00090,26-04-2025,C124
O00091,15-12-2025,C038
O00092,30-09-2025,C272
O00093,03-08-2025,C005
O00094,30-08-2025,C243
O00095,09-04-2025,C012
O00096,04-06-2025,C015
O00097,20-06-2025,C115
O00098,04-01-2025,C163
O00099,28-06-2025,C282
O00100,10-05-2025,C026
O00101,29-09-2025,C243
O00102,28-11-2025,C052
O00103,08-03-2025,C042
O00104,29-04-2025,C040
O00105,22-08-2025,C276
O00106,20-09-2025,C179
O00107,14-11-2025,C244
O00108,18-10-2025,C146
O00109,22-01-2025,C185
O00110,09-06-2025,C253
O00111,12-10-2025,C106
O00112,10-08-2025,C270
O00113,16-12-2025,C039
O00114,29-08-2025,C225
O00115,03-09-2025,C009
O00116,26-02-2025,C095
O00117,01-12-2025,C093
O00118,25-06-2025,C048
O00119,02-07-2025,C006
O00120,20-08-2025,C046
O00121,13-12-2025,C268
O00122,14-09-2025,C286
O00123,07-11-2025,C119
O00124,08-12-2025,C295
O00125,29-08-2025,C173
O00126,06-03-2025,C149
O00127,25-10-2025,C033
O00128,09-11-2025,C213
O00129,21-11-2025,C042
O00130,06-02-2025,C247
O00131,24-07-2025,C166
O00132,17-01-2025,C296
O00133,30-04-2025,C258
O00134,22-09-2025,C274
O00135,11-05-2025,C073
O00136,26-05-2025,C234
O00137,03-07-2025,C296
O00138,29-04-2025,C097
O00139,12-01-2025,C270
O00140,04-04-2025,C113
O00141,30-04-2025,C275
O00142,27-12-2025,C171
O00143,20-08-2025,C038
O00144,01-09-2025,C070
O00145,05-03-2025,C187
O00146,11-06-2025,C221
O00147,13-02-2025,C078
O00148,19-07-2025,C262
O00149,19-03-2025,C013
O00150,23-08-2025,C284
O00151,12-12-2025,C106
O00152,11-08-2025,C093
O00153,27-02-2025,C287
O00154,30-11-2025,C001
O00155,25-04-2025,C062
O00156,22-06-2025,C246
O00157,03-01-2025,C106
O00158,19-03-2025,C021
O00159,29-09-2025,C154
O00160,05-12-2025,C125
O00161,04-06-2025,C250
O00162,28-08-2025,C112
O00163,09-04-2025,C165
O00164,20-02-2025,C286
O00165,04-07-2025,C253
O00166,16-04-2025,C171
O00167,17-08-2025,C060
O00168,15-08-2025,C271
O00169,04-12-2025,C052
O00170,07-02-2025,C293
O00171,03-07-2025,C049
O00172,22-12-2025,C215
O00173,20-06-2025,C035
O00174,15-03-2025,C088
O00175,30-08-2025,C087
O00176,03-02-2025,C235
O00177,01-11-2025,C038
O00178,06-10-2025,C253
O00179,03-11-2025,C297
O00180,05-06-2025,C006
O00181,02-05-2025,C257
O00182,27-05-2025,C253
O00183,29-04-2025,C049
O00184,23-10-2025,C126
O00185,01-03-2025,C221
O00186,19-01-2025,C030
O00187,26-09-2025,C300
O00188,03-07-2025,C065
O00189,25-03-2025,C237
O00190,25-07-2025,C129
O00191,07-10-2025,C137
O00192,16-09-2025,C092
O00193,11-10-2025,C019
O00194,26-03-2025,C274
O00195,05-04-2025,C080
O00196,05-06-2025,C087
O00197,05-07-2025,C287
O00198,22-01-2025,C181
O00199,13-12-2025,C049
O00200,29-01-2025,C083
O00201,20-03-2025,C043
O00202,26-12-2025,C211
O00203,04-06-2025,C136
O00204,19-07-2025,C247
O00205,06-12-2025,C113
O00206,23-05-2025,C159
O00207,04-12-2025,C242
O00208,28-06-2025,C005
O00209,25-01-2025,C191
O00210,22-10-2025,C230
O00211,09-01-2025,C143
O00212,05-09-2025,C105
O00213,27-01-2025,C118
O00214,27-03-2025,C011
O00215,07-01-2025,C031
O00216,10-07-2025,C110
O00217,16-12-2025,C196
O00218,16-09-2025,C072
O00219,20-10-2025,C040
O00220,21-06-2025,C024
O00221,01-03-2025,C048
O00222,15-06-2025,C114
O00223,23-11-2025,C005
O00224,30-08-2025,C240
O00225,31-10-2025,C151
O00226,18-10-2025,C189
O00227,16-07-2025,C144
O00228,01-08-2025,C095
O00229,28-01-2025,C249
O00230,10-06-2025,C166
O00231,08-04-2025,C186
O00232,05-02-2025,C293
O00233,01-06-2025,C204
O00234,15-12-2025,C281
O00235,25-01-2025,C171
O00236,23-03-2025,C061
O00237,24-06-2025,C264
O00238,30-09-2025,C178
O00239,17-09-2025,C062
O00240,04-12-2025,C182
O00241,29-05-2025,C032
O00242,13-07-2025,C248
O00243,03-09-2025,C215
O00244,07-04-2025,C058
O00245,31-10-2025,C284
O00246,25-04-2025,C135
O00247,18-05-2025,C136
O00248,31-01-2025,C043
O00249,27-04-2025,C107
O00250,19-09-2025,C200
O00251,17-08-2025,C107
O00252,21-08-2025,C054
O00253,09-07-2025,C278
O00254,05-08-2025,C286
O00255,22-05-2025,C219
O00256,04-07-2025,C089
O00257,04-06-2025,C073
O00258,25-09-2025,C239
O00259,22-02-2025,C091
O00260,27-02-2025,C066
O00261,14-06-2025,C204
O00262,20-11-2025,C139
O00263,24-06-2025,C297
O00264,06-11-2025,C031
O00265,13-06-2025,C049
O00266,07-03-2025,C193
O00267,23-05-2025,C046
O00268,25-05-2025,C186
O00269,17-06-2025,C100
O00270,30-01-2025,C181
O00271,19-10-2025,C214
O00272,04-04-2025,C170
O00273,06-07-2025,C058
O00274,25-01-2025,C015
O00275,01-07-2025,C192
O00276,04-02-2025,C084
O00277,07-07-2025,C075
O00278,12-03-2025,C277
O00279,27-12-2025,C207
O00280,18-06-2025,C100
O00281,25-06-2025,C187
O00282,15-02-2025,C179
O00283,11-02-2025,C138
O00284,21-05-2025,C250
O00285,07-05-2025,C275
O00286,12-05-2025,C276
O00287,01-07-2025,C100
O00288,07-09-2025,C123
O00289,26-09-2025,C105
O00290,19-10-2025,C240
O00291,05-12-2025,C174
O00292,08-12-2025,C267
O00293,28-04-2025,C141
O00294,28-07-2025,C191
O00295,24-03-2025,C032
O00296,04-03-2025,C101
O00297,01-02-2025,C161
O00298,22-03-2025,C277
O00299,06-01-2025,C107
O00300,31-08-2025,C012
O00301,28-09-2025,C036
O00302,01-11-2025,C149
O00303,22-09-2025,C084
O00304,01-03-2025,C085
O00305,06-05-2025,C182
O00306,22-03-2025,C159
O00307,08-06-2025,C131
O00308,14-12-2025,C253
O00309,14-06-2025,C181
O00310,29-11-2025,C056
O00311,01-11-2025,C251
O00312,14-06-2025,C060
O00313,23-07-2025,C262
O00314,30-10-2025,C229
O00315,27-05-2025,C216
O00316,10-04-2025,C239
O00317,30-07-2025,C046
O00318,11-11-2025,C105
O00319,13-07-2025,C081
O00320,21-10-2025,C118
O00321,07-01-2025,C013
O00322,28-08-2025,C212
O00323,06-02-2025,C266
O00324,08-10-2025,C182
O00325,28-01-2025,C114
O00326,28-01-2025,C170
O00327,06-05-2025,C142
O00328,10-06-2025,C299
O00329,11-03-2025,C230
O00330,05-12-2025,C200
O00331,02-10-2025,C064
O00332,04-05-2025,C298
O00333,08-02-2025,C249
O00334,27-03-2025,C221
O00335,12-06-2025,C133
O00336,07-10-2025,C183
O00337,13-10-2025,C056
O00338,10-03-2025,C058
O00339,14-05-2025,C088
O00340,19-09-2025,C086
O00341,20-01-2025,C290
O00342,19-03-2025,C194
O00343,29-12-2025,C109
O00344,19-03-2025,C209
O00345,30-07-2025,C158
O00346,20-10-2025,C277
O00347,12-06-2025,C014
O00348,24-12-2025,C170
O00349,11-09-2025,C175
O00350,12-09-2025,C276
O00351,29-12-2025,C126
O00352,20-02-2025,C003
O00353,04-11-2025,C098
O00354,12-08-2025,C218
O00355,01-11-2025,C135
O00356,15-05-2025,C279
O00357,14-10-2025,C298
O00358,11-01-2025,C035
O00359,21-06-2025,C191
O00360,20-10-2025,C276
O00361,25-04-2025,C130
O00362,17-09-2025,C158
O00363,08-08-2025,C030
O00364,22-01-2025,C264
O00365,07-02-2025,C151
O00366,09-06-2025,C295
O00367,26-04-2025,C067
O00368,28-09-2025,C041
O00369,02-12-2025,C232
O00370,12-08-2025,C209
O00371,29-03-2025,C020
O00372,22-07-2025,C036
O00373,25-08-2025,C129
O00374,14-07-2025,C117
O00375,26-09-2025,C172
O00376,09-10-2025,C213
O00377,23-12-2025,C073
O00378,21-07-2025,C175
O00379,01-06-2025,C154
O00380,09-12-2025,C051
O00381,25-03-2025,C073
O00382,19-06-2025,C287
O00383,05-01-2025,C265
O00384,07-07-2025,C179
O00385,13-04-2025,C086
O00386,18-12-2025,C157
O00387,12-03-2025,C103
O00388,10-10-2025,C191
O00389,17-02-2025,C270
O00390,13-10-2025,C148
O00391,06-11-2025,C248
O00392,30-12-2025,C190
O00393,28-03-2025,C197
O00394,21-09-2025,C139
O00395,06-02-2025,C297
O00396,23-02-2025,C122
O00397,24-11-2025,C236
O00398,30-08-2025,C056
O00399,04-06-2025,C110
O00400,21-12-2025,C110
O00401,10-07-2025,C258
O00402,21-09-2025,C241
O00403,23-01-2025,C107
O00404,01-05-2025,C193
O00405,30-08-2025,C032
O00406,04-10-2025,C221
O00407,24-09-2025,C117
O00408,17-11-2025,C262
O00409,21-07-2025,C250
O00410,25-08-2025,C171
O00411,03-04-2025,C272
O00412,24-05-2025,C190
O00413,24-02-2025,C079
O00414,27-02-2025,C257
O00415,28-08-2025,C010
O00416,01-04-2025,C274
O00417,21-12-2025,C271
O00418,30-10-2025,C099
O00419,25-03-2025,C277
O00420,23-07-2025,C179
O00421,15-05-2025,C008
O00422,25-05-2025,C067
O00423,06-02-2025,C074
O00424,23-03-2025,C014
O00425,22-10-2025,C034
O00426,20-09-2025,C064
O00427,01-03-2025,C028
O00428,05-01-2025,C174
O00429,02-05-2025,C048
O00430,25-12-2025,C206
O00431,19-10-2025,C273
O00432,28-12-2025,C265
O00433,22-12-2025,C221
O00434,05-11-2025,C005
O00435,17-06-2025,C261
O00436,12-03-2025,C249
O00437,06-05-2025,C199
O00438,20-02-2025,C020
O00439,03-09-2025,C065
O00440,04-11-2025,C108
O00441,28-09-2025,C004
O00442,13-12-2025,C164
O00443,16-08-2025,C180
O00444,07-10-2025,C095
O00445,26-11-2025,C054
O00446,18-08-2025,C252
O00447,12-09-2025,C153
O00448,25-01-2025,C207
O00449,29-11-2025,C144
O00450,01-10-2025,C037
O00451,31-10-2025,C073
O00452,28-08-2025,C208
O00453,14-03-2025,C174
O00454,23-10-2025,C271
O00455,24-07-2025,C139
O00456,04-01-2025,C291
O00457,26-04-2025,C226
O00458,03-03-2025,C156
O00459,10-07-2025,C077
O00460,21-09-2025,C108
O00461,11-04-2025,C009
O00462,18-09-2025,C027
O00463,19-01-2025,C222
O00464,22-06-2025,C221
O00465,13-03-2025,C130
O00466,29-04-2025,C224
O00467,05-10-2025,C058
O00468,20-06-2025,C271
O00469,18-11-2025,C097
O00470,09-08-2025,C224
O00471,04-04-2025,C107
O00472,26-01-2025,C296
O00473,05-01-2025,C130
O00474,18-07-2025,C195
O00475,21-04-2025,C126
O00476,23-03-2025,C168
O00477,23-04-2025,C024
O00478,19-05-2025,C185
O00479,06-04-2025,C155
O00480,17-05-2025,C024
O00481,19-06-2025,C189
O00482,13-05-2025,C284
O00483,07-09-2025,C092
O00484,28-12-2025,C069
O00485,12-09-2025,C165
O00486,16-08-2025,C251
O00487,07-07-2025,C120
O00488,09-12-2025,C125
O00489,02-11-2025,C120
O00490,09-12-2025,C022
O00491,01-09-2025,C218
O00492,15-10-2025,C084
O00493,27-12-2025,C261
O00494,10-02-2025,C224
O00495,22-03-2025,C072
O00496,06-07-2025,C247
O00497,06-11-2025,C012
O00498,01-11-2025,C298
O00499,17-08-2025,C178
O00500,30-07-2025,C036
O00501,12-06-2025,C092
O00502,23-11-2025,C139
O00503,29-07-2025,C161
O00504,22-12-2025,C009
O00505,28-09-2025,C232
O00506,02-01-2025,C200
O00507,03-12-2025,C087
O00508,31-08-2025,C060
O00509,24-08-2025,C169
O00510,22-02-2025,C011
O00511,12-07-2025,C188
O00512,10-10-2025,C068
O00513,28-04-2025,C274
O00514,03-02-2025,C166
O00515,27-06-2025,C049
O00516,20-10-2025,C105
O00517,27-01-2025,C299
O00518,21-04-2025,C041
O00519,21-09-2025,C027
O00520,23-02-2025,C258
O00521,13-05-2025,C129
O00522,11-01-2025,C234
O00523,05-07-2025,C014
O00524,22-11-2025,C274
O00525,14-04-2025,C079
O00526,04-11-2025,C279
O00527,18-02-2025,C030
O00528,26-08-2025,C284
O00529,02-05-2025,C127
O00530,30-11-2025,C133
O00531,11-04-2025,C214
O00532,12-03-2025,C082
O00533,06-01-2025,C038
O00534,12-08-2025,C178
O00535,23-02-2025,C170
O00536,27-10-2025,C192
O00537,03-09-2025,C181
O00538,28-05-2025,C224
O00539,05-03-2025,C281
O00540,05-06-2025,C169
O00541,11-12-2025,C240
O00542,06-10-2025,C089
O00543,07-05-2025,C294
O00544,29-05-2025,C213
O00545,11-02-2025,C008
O00546,04-07-2025,C243
O00547,29-10-2025,C071
O00548,12-09-2025,C199
O00549,06-03-2025,C188
O00550,15-07-2025,C140
O00551,03-10-2025,C096
O00552,10-11-2025,C298
O00553,17-12-2025,C088
O00554,19-01-2025,C133
O00555,10-02-2025,C243
O00556,18-05-2025,C282
O00557,11-05-2025,C291
O00558,06-12-2025,C292
O00559,28-06-2025,C227
O00560,22-11-2025,C170
O00561,09-03-2025,C285
O00562,02-06-2025,C212
O00563,07-01-2025,C216
O00564,28-06-2025,C231
O00565,02-10-2025,C089
O00566,11-02-2025,C036
O00567,10-08-2025,C170
O00568,06-12-2025,C055
O00569,12-03-2025,C049
O00570,06-06-2025,C272
O00571,01-08-2025,C034
O00572,02-09-2025,C106
O00573,07-08-2025,C036
O00574,20-07-2025,C265
O00575,29-04-2025,C280
O00576,01-06-2025,C040
O00577,18-05-2025,C298
O00578,27-04-2025,C114
O00579,03-12-2025,C127
O00580,10-07-2025,C094
O00581,15-09-2025,C276
O00582,20-08-2025,C008
O00583,08-09-2025,C115
O00584,02-08-2025,C111
O00585,24-07-2025,C099
O00586,24-10-2025,C257
O00587,19-09-2025,C039
O00588,28-07-2025,C009
O00589,30-05-2025,C193
O00590,28-09-2025,C241
O00591,01-09-2025,C207
O00592,17-03-2025,C204
O00593,03-08-2025,C167
O00594,25-11-2025,C266
O00595,09-03-2025,C160
O00596,30-10-2025,C083
O00597,24-07-2025,C170
O00598,30-01-2025,C226
O00599,08-02-2025,C121
O00600,05-12-2025,C014
O00601,07-02-2025,C052
O00602,21-07-2025,C133
O00603,14-05-2025,C051
O00604,13-11-2025,C252
O00605,29-10-2025,C061
O00606,12-02-2025,C279
O00607,09-01-2025,C062
O00608,03-12-2025,C290
O00609,21-05-2025,C263
O00610,22-10-2025,C041
O00611,16-03-2025,C067
O00612,09-04-2025,C250
O00613,21-11-2025,C161
O00614,30-11-2025,C148
O00615,11-01-2025,C242
O00616,08-12-2025,C059
O00617,01-10-2025,C282
O00618,25-02-2025,C062
O00619,21-04-2025,C260
O00620,20-06-2025,C257
O00621,18-01-2025,C170
O00622,07-07-2025,C240
O00623,13-02-2025,C094
O00624,20-03-2025,C053
O00625,01-09-2025,C053
O00626,11-03-2025,C167
O00627,26-08-2025,C117
O00628,03-02-2025,C139
O00629,26-03-2025,C146
O00630,24-02-2025,C129
O00631,09-12-2025,C102
O00632,22-07-2025,C239
O00633,20-01-2025,C007
O00634,26-10-2025,C290
O00635,04-07-2025,C013
O00636,22-03-2025,C248
O00637,20-04-2025,C279
O00638,27-06-2025,C283
O00639,16-10-2025,C075
O00640,22-11-2025,C196
O00641,21-03-2025,C251
O00642,12-09-2025,C192
O00643,17-07-2025,C069
O00644,07-02-2025,C030
O00645,17-09-2025,C297
O00646,21-02-2025,C108
O00647,21-02-2025,C169
O00648,21-12-2025,C241
O00649,10-08-2025,C038
O00650,27-04-2025,C005
O00651,30-01-2025,C022
O00652,15-11-2025,C241
O00653,06-09-2025,C181
O00654,23-11-2025,C219
O00655,11-12-2025,C192
O00656,23-12-2025,C235
O00657,31-05-2025,C158
O00658,02-12-2025,C193
O00659,16-11-2025,C151
O00660,06-09-2025,C114
O00661,15-03-2025,C263
O00662,03-03-2025,C043
O00663,24-12-2025,C171
O00664,26-02-2025,C051
O00665,15-08-2025,C233
O00666,12-04-2025,C258
O00667,21-08-2025,C176
O00668,28-07-2025,C116
O00669,08-06-2025,C274
O00670,14-01-2025,C238
O00671,24-08-2025,C149
O00672,17-04-2025,C039
O00673,29-11-2025,C207
O00674,14-11-2025,C171
O00675,29-05-2025,C130
O00676,12-05-2025,C029
O00677,12-01-2025,C278
O00678,08-02-2025,C174
O00679,15-08-2025,C078
O00680,05-02-2025,C085
O00681,31-08-2025,C114
O00682,18-08-2025,C203
O00683,20-04-2025,C055
O00684,24-05-2025,C222
O00685,11-11-2025,C117
O00686,24-09-2025,C199
O00687,09-10-2025,C128
O00688,29-03-2025,C254
O00689,08-11-2025,C226
O00690,06-09-2025,C089
O00691,24-07-2025,C288
O00692,05-10-2025,C269
O00693,22-05-2025,C216
O00694,17-02-2025,C053
O00695,16-02-2025,C195
O00696,23-06-2025,C087
O00697,12-02-2025,C008
O00698,14-01-2025,C296
O00699,11-07-2025,C131
O00700,20-02-2025,C112
O00701,14-03-2025,C095
O00702,08-12-2025,C216
O00703,02-02-2025,C112
O00704,15-11-2025,C120
O00705,04-07-2025,C224
O00706,21-10-2025,C225
O00707,19-03-2025,C132
O00708,13-04-2025,C069
O00709,09-05-2025,C100
O00710,21-04-2025,C204
O00711,06-11-2025,C185
O00712,25-03-2025,C203
O00713,21-05-2025,C069
O00714,03-06-2025,C240
O00715,09-12-2025,C194
O00716,04-11-2025,C117
O00717,16-10-2025,C183
O00718,07-11-2025,C106
O00719,26-12-2025,C190
O00720,13-05-2025,C003
O00721,08-09-2025,C263
O00722,25-01-2025,C148
O00723,26-09-2025,C154
O00724,03-10-2025,C235
O00725,19-08-2025,C271
O00726,30-12-2025,C249
O00727,23-09-2025,C244
O00728,07-02-2025,C238
O00729,13-03-2025,C191
O00730,02-06-2025,C221
O00731,13-11-2025,C027
O00732,20-10-2025,C168
O00733,14-05-2025,C045
O00734,10-06-2025,C039
O00735,23-07-2025,C299
O00736,21-10-2025,C292
O00737,29-12-2025,C144
O00738,17-07-2025,C028
O00739,22-04-2025,C017
O00740,08-06-2025,C178
O00741,14-03-2025,C146
O00742,18-09-2025,C206
O00743,20-04-2025,C043
O00744,03-08-2025,C159
O00745,10-04-2025,C282
O00746,03-10-2025,C086
O00747,02-06-2025,C293
O00748,04-09-2025,C207
O00749,14-05-2025,C278
O00750,02-02-2025,C278
O00751,16-03-2025,C185
O00752,27-06-2025,C150
O00753,11-07-2025,C168
O00754,15-10-2025,C248
O00755,07-03-2025,C110
O00756,21-11-2025,C283
O00757,23-08-2025,C225
O00758,27-02-2025,C114
O00759,25-03-2025,C214
O00760,03-11-2025,C144
O00761,10-05-2025,C143
O00762,22-11-2025,C153
O00763,17-03-2025,C043
O00764,15-01-2025,C109
O00765,01-01-2025,C171
O00766,14-02-2025,C268
O00767,14-05-2025,C066
O00768,23-01-2025,C258
O00769,05-07-2025,C140
O00770,04-10-2025,C044
O00771,04-09-2025,C201
O00772,20-11-2025,C077
O00773,28-11-2025,C010
O00774,25-04-2025,C286
O00775,12-09-2025,C109
O00776,21-08-2025,C109
O00777,05-07-2025,C243
O00778,27-01-2025,C138
O00779,18-12-2025,C052
O00780,17-12-2025,C226
O00781,28-04-2025,C007
O00782,20-11-2025,C114
O00783,04-03-2025,C215
O00784,06-03-2025,C132
O00785,02-12-2025,C288
O00786,27-10-2025,C022
O00787,08-09-2025,C101
O00788,08-10-2025,C274
O00789,16-12-2025,C234
O00790,17-01-2025,C012
O00791,14-01-2025,C051
O00792,18-07-2025,C211
O00793,22-07-2025,C036
O00794,25-07-2025,C007
O00795,19-01-2025,C177
O00796,30-08-2025,C107
O00797,06-06-2025,C285
O00798,13-05-2025,C036
O00799,10-12-2025,C013
O00800,07-05-2025,C262
O00801,10-12-2025,C283
O00802,30-11-2025,C265
O00803,30-08-2025,C038
O00804,29-03-2025,C180
O00805,21-05-2025,C087
O00806,20-06-2025,C050
O00807,27-07-2025,C148
O00808,30-03-2025,C087
O00809,27-01-2025,C198
O00810,01-01-2025,C118
O00811,19-10-2025,C109
O00812,06-01-2025,C124
O00813,01-03-2025,C016
O00814,19-09-2025,C107
O00815,16-03-2025,C142
O00816,11-07-2025,C236
O00817,07-02-2025,C116
O00818,10-05-2025,C300
O00819,28-06-2025,C262
O00820,17-01-2025,C032
O00821,19-06-2025,C291
O00822,13-08-2025,C064
O00823,02-09-2025,C269
O00824,28-06-2025,C275
O00825,13-10-2025,C164
O00826,17-01-2025,C283
O00827,14-02-2025,C260
O00828,18-10-2025,C095
O00829,12-03-2025,C024
O00830,15-01-2025,C109
O00831,06-11-2025,C007
O00832,29-08-2025,C286
O00833,20-11-2025,C280
O00834,15-11-2025,C231
O00835,08-01-2025,C261
O00836,04-11-2025,C059
O00837,31-08-2025,C216
O00838,20-10-2025,C005
O00839,10-05-2025,C099
O00840,09-10-2025,C196
O00841,04-01-2025,C073
O00842,11-05-2025,C096
O00843,13-02-2025,C300
O00844,12-01-2025,C184
O00845,05-12-2025,C067
O00846,19-04-2025,C027
O00847,16-09-2025,C166
O00848,04-04-2025,C073
O00849,25-07-2025,C229
O00850,01-01-2025,C260
O00851,28-10-2025,C180
O00852,30-10-2025,C296
O00853,03-11-2025,C130
O00854,11-06-2025,C205
O00855,17-12-2025,C210
O00856,26-12-2025,C106
O00857,16-02-2025,C281
O00858,21-09-2025,C193
O00859,24-03-2025,C206
O00860,02-07-2025,C189
O00861,04-04-2025,C062
O00862,26-07-2025,C015
O00863,14-10-2025,C271
O00864,21-06-2025,C258
O00865,24-12-2025,C279
O00866,05-07-2025,C222
O00867,29-07-2025,C227
O00868,27-06-2025,C079
O00869,15-02-2025,C017
O00870,12-07-2025,C073
O00871,07-08-2025,C162
O00872,15-01-2025,C006
O00873,23-05-2025,C264
O00874,26-04-2025,C185
O00875,15-07-2025,C156
O00876,19-07-2025,C257
O00877,14-06-2025,C132
O00878,08-01-2025,C230
O00879,04-12-2025,C036
O00880,30-11-2025,C053
O00881,05-04-2025,C065
O00882,28-10-2025,C085
O00883,23-03-2025,C299
O00884,09-06-2025,C096
O00885,26-05-2025,C023
O00886,27-03-2025,C230
O00887,14-11-2025,C182
O00888,24-03-2025,C101
O00889,31-03-2025,C256
O00890,15-04-2025,C127
O00891,17-08-2025,C049
O00892,25-10-2025,C128
O00893,05-06-2025,C058
O00894,26-09-2025,C297
O00895,30-06-2025,C062
O00896,25-11-2025,C273
O00897,12-03-2025,C074
O00898,11-10-2025,C285
O00899,19-11-2025,C195
O00900,18-08-2025,C159
O00901,16-04-2025,C143
O00902,25-11-2025,C296
O00903,30-12-2025,C202
O00904,06-04-2025,C258
O00905,17-05-2025,C059
O00906,28-03-2025,C019
O00907,09-08-2025,C036
O00908,22-09-2025,C046
O00909,11-01-2025,C018
O00910,24-02-2025,C113
O00911,26-08-2025,C221
O00912,06-12-2025,C239
O00913,27-10-2025,C259
O00914,09-07-2025,C283
O00915,07-02-2025,C243
O00916,04-10-2025,C034
O00917,19-01-2025,C087
O00918,16-01-2025,C211
O00919,11-07-2025,C155
O00920,22-07-2025,C092
O00921,27-02-2025,C149
O00922,14-12-2025,C290
O00923,12-04-2025,C146
O00924,12-06-2025,C224
O00925,25-07-2025,C123
O00926,09-10-2025,C055
O00927,01-01-2025,C260
O00928,18-06-2025,C241
O00929,08-08-2025,C285
O00930,07-09-2025,C227
O00931,24-12-2025,C212
O00932,28-02-2025,C040
O00933,06-12-2025,C175
O00934,27-06-2025,C202
O00935,15-10-2025,C097
O00936,23-12-2025,C088
O00937,29-10-2025,C146
O00938,11-11-2025,C129
O00939,06-03-2025,C299
O00940,01-05-2025,C177
O00941,06-01-2025,C057
O00942,23-03-2025,C163
O00943,21-06-2025,C240
O00944,21-10-2025,C170
O00945,28-10-2025,C196
O00946,28-12-2025,C205
O00947,15-06-2025,C220
O00948,21-01-2025,C297
O00949,28-05-2025,C150
O00950,29-03-2025,C115
O00951,27-05-2025,C265
O00952,31-10-2025,C111
O00953,21-10-2025,C212
O00954,27-01-2025,C080
O00955,20-07-2025,C294
O00956,01-01-2025,C240
O00957,05-10-2025,C153
O00958,28-08-2025,C013
O00959,07-03-2025,C265
O00960,07-02-2025,C291
O00961,19-07-2025,C156
O00962,08-08-2025,C252
O00963,20-10-2025,C028
O00964,15-09-2025,C096
O00965,20-09-2025,C192
O00966,01-05-2025,C216
O00967,20-12-2025,C113
O00968,30-10-2025,C115
O00969,04-12-2025,C162
O00970,07-08-2025,C265
O00971,05-11-2025,C049
O00972,06-03-2025,C243
O00973,26-03-2025,C223
O00974,19-06-2025,C270
O00975,14-04-2025,C131
O00976,26-11-2025,C050
O00977,22-04-2025,C150
O00978,29-07-2025,C109
O00979,20-06-2025,C106
O00980,17-03-2025,C024
O00981,05-04-2025,C293
O00982,17-04-2025,C277
O00983,21-06-2025,C296
O00984,13-04-2025,C129
O00985,29-01-2025,C127
O00986,13-03-2025,C280
O00987,17-10-2025,C037
O00988,17-07-2025,C141
O00989,26-08-2025,C097
O00990,12-08-2025,C123
O00991,04-09-2025,C174
O00992,01-03-2025,C083
O00993,28-05-2025,C276
O00994,20-05-2025,C129
O00995,23-11-2025,C257
O00996,01-04-2025,C085
O00997,10-02-2025,C144
O00998,04-12-2025,C124
O00999,24-11-2025,C222
O01000,01-04-2025,C240
O01001,05-09-2025,C016
O01002,05-02-2025,C277
O01003,09-10-2025,C209
O01004,19-07-2025,C011
O01005,16-12-2025,C079
O01006,14-05-2025,C058
O01007,12-03-2025,C131
O01008,04-12-2025,C093
O01009,12-11-2025,C224
O01010,22-11-2025,C263
O01011,03-01-2025,C277
O01012,23-04-2025,C031
O01013,27-11-2025,C017
O01014,21-07-2025,C029
O01015,28-12-2025,C179
O01016,30-07-2025,C012
O01017,14-10-2025,C180
O01018,02-05-2025,C132
O01019,20-10-2025,C065
O01020,15-10-2025,C055
O01021,13-03-2025,C053
O01022,04-06-2025,C055
O01023,03-06-2025,C083
O01024,14-01-2025,C162
O01025,17-11-2025,C102
O01026,13-03-2025,C022
O01027,18-11-2025,C107
O01028,09-01-2025,C068
O01029,01-02-2025,C012
O01030,03-08-2025,C239
O01031,25-08-2025,C080
O01032,05-09-2025,C140
O01033,13-05-2025,C005
O01034,25-09-2025,C199
O01035,21-12-2025,C227
O01036,26-12-2025,C251
O01037,17-03-2025,C252
O01038,07-09-2025,C104
O01039,22-03-2025,C076
O01040,28-06-2025,C259
O01041,11-03-2025,C134
O01042,07-04-2025,C247
O01043,23-10-2025,C171
O01044,09-11-2025,C166
O01045,22-04-2025,C293
O01046,24-10-2025,C004
O01047,19-06-2025,C148
O01048,14-09-2025,C059
O01049,09-10-2025,C132
O01050,11-10-2025,C095
O01051,30-03-2025,C086
O01052,27-03-2025,C089
O01053,12-04-2025,C267
O01054,05-06-2025,C066
O01055,08-07-2025,C281
O01056,27-09-2025,C001
O01057,14-04-2025,C142
O01058,31-10-2025,C193
O01059,12-10-2025,C243
O01060,21-09-2025,C127
O01061,23-05-2025,C177
O01062,27-12-2025,C217
O01063,22-03-2025,C295
O01064,21-09-2025,C033
O01065,18-11-2025,C255
O01066,07-05-2025,C150
O01067,19-07-2025,C276
O01068,18-10-2025,C047
O01069,23-12-2025,C008
O01070,23-07-2025,C246
O01071,06-04-2025,C144
O01072,22-12-2025,C056
O01073,17-10-2025,C170
O01074,04-05-2025,C111
O01075,30-06-2025,C124
O01076,29-09-2025,C108
O01077,04-10-2025,C113
O01078,10-01-2025,C232
O01079,14-06-2025,C245
O01080,17-02-2025,C204
O01081,22-08-2025,C123
O01082,24-02-2025,C263
O01083,31-07-2025,C100
O01084,28-07-2025,C255
O01085,01-03-2025,C260
O01086,06-09-2025,C056
O01087,05-03-2025,C167
O01088,22-10-2025,C067
O01089,27-05-2025,C273
O01090,04-06-2025,C204
O01091,09-10-2025,C187
O01092,16-06-2025,C023
O01093,21-04-2025,C151
O01094,05-10-2025,C283
O01095,19-12-2025,C268
O01096,05-04-2025,C107
O01097,18-10-2025,C033
O01098,26-11-2025,C276
O01099,12-09-2025,C280
O01100,11-05-2025,C095
O01101,29-10-2025,C155
O01102,24-01-2025,C086
O01103,01-06-2025,C035
O01104,17-09-2025,C047
O01105,22-11-2025,C140
O01106,06-04-2025,C185
O01107,10-09-2025,C017
O01108,23-01-2025,C250
O01109,09-02-2025,C163
O01110,02-04-2025,C211
O01111,03-11-2025,C093
O01112,16-05-2025,C240
O01113,09-12-2025,C127
O01114,16-08-2025,C268
O01115,01-11-2025,C160
O01116,12-01-2025,C218
O01117,21-01-2025,C282
O01118,01-06-2025,C173
O01119,19-10-2025,C291
O01120,24-05-2025,C176
O01121,07-07-2025,C003
O01122,10-07-2025,C274
O01123,25-07-2025,C170
O01124,01-05-2025,C153
O01125,06-01-2025,C004
O01126,30-06-2025,C060
O01127,30-08-2025,C141
O01128,07-04-2025,C158
O01129,08-03-2025,C201
O01130,21-09-2025,C282
O01131,05-03-2025,C278
O01132,22-06-2025,C086
O01133,18-12-2025,C006
O01134,22-09-2025,C298
O01135,19-05-2025,C065
O01136,31-08-2025,C259
O01137,29-04-2025,C005
O01138,03-05-2025,C176
O01139,02-05-2025,C025
O01140,02-09-2025,C295
O01141,21-10-2025,C252
O01142,13-09-2025,C284
O01143,15-06-2025,C183
O01144,26-07-2025,C141
O01145,11-10-2025,C116
O01146,21-03-2025,C270
O01147,15-01-2025,C221
O01148,29-01-2025,C098
O01149,10-12-2025,C294
O01150,21-07-2025,C156
O01151,14-04-2025,C020
O01152,13-01-2025,C047
O01153,26-12-2025,C287
O01154,07-09-2025,C290
O01155,11-07-2025,C052
O01156,23-07-2025,C031
O01157,21-06-2025,C129
O01158,04-05-2025,C024
O01159,02-11-2025,C218
O01160,21-08-2025,C220
O01161,25-03-2025,C046
O01162,24-03-2025,C159
O01163,18-04-2025,C195
O01164,21-11-2025,C119
O01165,04-08-2025,C179
O01166,06-06-2025,C072
O01167,17-03-2025,C224
O01168,22-05-2025,C186
O01169,14-01-2025,C167
O01170,17-07-2025,C264
O01171,24-01-2025,C061
O01172,07-06-2025,C216
O01173,12-09-2025,C075
O01174,20-10-2025,C204
O01175,01-10-2025,C264
O01176,30-10-2025,C185
O01177,29-01-2025,C114
O01178,21-10-2025,C071
O01179,30-09-2025,C273
O01180,12-06-2025,C240
O01181,22-01-2025,C269
O01182,01-01-2025,C125
O01183,08-05-2025,C096
O01184,04-10-2025,C095
O01185,22-01-2025,C198
O01186,26-04-2025,C031
O01187,09-09-2025,C159
O01188,01-09-2025,C001
O01189,30-03-2025,C025
O01190,03-04-2025,C186
O01191,04-04-2025,C025
O01192,15-01-2025,C100
O01193,15-02-2025,C196
O01194,13-11-2025,C087
O01195,08-02-2025,C265
O01196,31-03-2025,C014
O01197,16-11-2025,C274
O01198,08-03-2025,C173
O01199,21-09-2025,C060
O01200,06-06-2025,C177
O01201,11-02-2025,C218
O01202,06-12-2025,C107
O01203,12-11-2025,C209
O01204,23-02-2025,C085
O01205,27-10-2025,C289
O01206,08-06-2025,C033
O01207,02-06-2025,C120
O01208,23-06-2025,C244
O01209,20-12-2025,C154
O01210,09-11-2025,C193
O01211,22-11-2025,C122
O01212,21-10-2025,C090
O01213,01-10-2025,C164
O01214,05-08-2025,C202
O01215,30-03-2025,C177
O01216,25-01-2025,C058
O01217,29-06-2025,C173
O01218,15-05-2025,C078
O01219,10-08-2025,C126
O01220,20-05-2025,C165
O01221,28-09-2025,C124
O01222,03-08-2025,C142
O01223,05-08-2025,C081
O01224,14-02-2025,C164
O01225,12-08-2025,C292
O01226,07-02-2025,C051
O01227,23-05-2025,C183
O01228,07-12-2025,C131
O01229,03-01-2025,C076
O01230,10-06-2025,C165
O01231,27-08-2025,C205
O01232,22-10-2025,C024
O01233,05-06-2025,C042
O01234,01-04-2025,C017
O01235,22-10-2025,C255
O01236,24-08-2025,C292
O01237,28-01-2025,C030
O01238,13-08-2025,C161
O01239,04-10-2025,C155
O01240,15-10-2025,C203
O01241,31-05-2025,C064
O01242,04-06-2025,C082
O01243,28-06-2025,C008
O01244,02-10-2025,C022
O01245,22-06-2025,C190
O01246,19-01-2025,C223
O01247,10-12-2025,C021
O01248,27-10-2025,C253
O01249,03-03-2025,C180
O01250,13-01-2025,C137
O01251,21-05-2025,C100
O01252,13-09-2025,C225
O01253,18-12-2025,C057
O01254,29-08-2025,C288
O01255,29-09-2025,C043
O01256,06-09-2025,C158
O01257,05-06-2025,C259
O01258,18-06-2025,C106
O01259,19-04-2025,C247
O01260,18-09-2025,C009
O01261,18-02-2025,C017
O01262,29-12-2025,C230
O01263,23-03-2025,C165
O01264,04-08-2025,C298
O01265,20-05-2025,C175
O01266,15-05-2025,C259
O01267,21-04-2025,C185
O01268,05-01-2025,C040
O01269,10-12-2025,C172
O01270,05-11-2025,C223
O01271,25-08-2025,C083
O01272,22-07-2025,C153
O01273,18-09-2025,C283
O01274,05-10-2025,C136
O01275,03-04-2025,C162
O01276,05-06-2025,C103
O01277,09-07-2025,C037
O01278,12-12-2025,C138
O01279,10-03-2025,C231
O01280,10-10-2025,C288
O01281,14-03-2025,C235
O01282,19-09-2025,C256
O01283,22-09-2025,C006
O01284,14-10-2025,C181
O01285,12-05-2025,C229
O01286,10-03-2025,C154
O01287,03-09-2025,C204
O01288,11-07-2025,C221
O01289,28-05-2025,C298
O01290,08-03-2025,C114
O01291,05-12-2025,C037
O01292,13-07-2025,C128
O01293,17-06-2025,C267
O01294,16-01-2025,C154
O01295,11-10-2025,C201
O01296,02-04-2025,C186
O01297,04-10-2025,C125
O01298,23-06-2025,C107
O01299,30-09-2025,C267
O01300,19-11-2025,C051
O01301,28-12-2025,C105
O01302,13-02-2025,C073
O01303,31-07-2025,C132
O01304,12-06-2025,C118
O01305,31-03-2025,C092
O01306,02-09-2025,C211
O01307,03-03-2025,C294
O01308,19-04-2025,C055
O01309,12-12-2025,C185
O01310,16-01-2025,C178
O01311,10-12-2025,C139
O01312,17-05-2025,C113
O01313,04-10-2025,C050
O01314,30-01-2025,C113
O01315,19-08-2025,C260
O01316,19-03-2025,C299
O01317,10-07-2025,C235
O01318,13-02-2025,C027
O01319,07-06-2025,C008
O01320,04-12-2025,C002
O01321,25-12-2025,C172
O01322,11-12-2025,C026
O01323,07-03-2025,C114
O01324,25-06-2025,C076
O01325,20-07-2025,C245
O01326,08-05-2025,C058
O01327,25-07-2025,C278
O01328,05-07-2025,C107
O01329,11-03-2025,C044
O01330,20-09-2025,C174
O01331,23-09-2025,C210
O01332,27-05-2025,C269
O01333,18-04-2025,C007
O01334,29-08-2025,C255
O01335,21-07-2025,C056
O01336,05-04-2025,C095
O01337,05-05-2025,C136
O01338,07-04-2025,C223
O01339,27-03-2025,C252
O01340,22-03-2025,C190
O01341,28-10-2025,C225
O01342,24-06-2025,C267
O01343,21-09-2025,C144
O01344,16-02-2025,C131
O01345,10-12-2025,C123
O01346,17-11-2025,C145
O01347,27-05-2025,C082
O01348,07-12-2025,C255
O01349,18-01-2025,C206
O01350,07-11-2025,C251
O01351,25-01-2025,C156
O01352,28-05-2025,C099
O01353,04-02-2025,C072
O01354,07-11-2025,C036
O01355,03-01-2025,C235
O01356,24-07-2025,C042
O01357,25-07-2025,C039
O01358,30-03-2025,C031
O01359,22-07-2025,C272
O01360,23-03-2025,C083
O01361,18-06-2025,C024
O01362,11-04-2025,C005
O01363,30-12-2025,C271
O01364,16-07-2025,C143
O01365,02-11-2025,C062
O01366,04-11-2025,C185
O01367,21-12-2025,C006
O01368,08-09-2025,C179
O01369,03-03-2025,C290
O01370,14-12-2025,C045
O01371,21-10-2025,C009
O01372,05-07-2025,C262
O01373,10-11-2025,C200
O01374,04-12-2025,C297
O01375,08-07-2025,C120
O01376,05-10-2025,C271
O01377,12-08-2025,C026
O01378,01-07-2025,C021
O01379,31-12-2025,C219
O01380,08-01-2025,C281
O01381,13-05-2025,C238
O01382,11-08-2025,C249
O01383,14-05-2025,C176
O01384,20-04-2025,C268
O01385,08-08-2025,C235
O01386,18-06-2025,C084
O01387,11-05-2025,C257
O01388,07-09-2025,C292
O01389,16-10-2025,C092
O01390,06-04-2025,C264
O01391,07-06-2025,C166
O01392,09-09-2025,C275
O01393,23-07-2025,C123
O01394,15-09-2025,C167
O01395,22-05-2025,C043
O01396,19-08-2025,C113
O01397,29-01-2025,C299
O01398,30-06-2025,C096
O01399,22-07-2025,C008
O01400,27-07-2025,C184
O01401,21-07-2025,C296
O01402,12-12-2025,C098
O01403,28-03-2025,C090
O01404,26-06-2025,C063
O01405,25-09-2025,C078
O01406,16-10-2025,C196
O01407,29-12-2025,C252
O01408,30-04-2025,C207
O01409,14-09-2025,C257
O01410,13-08-2025,C062
O01411,23-04-2025,C287
O01412,06-01-2025,C120
O01413,09-10-2025,C037
O01414,14-08-2025,C040
O01415,18-02-2025,C242
O01416,23-08-2025,C041
O01417,30-03-2025,C279
O01418,24-08-2025,C106
O01419,24-02-2025,C126
O01420,27-12-2025,C142
O01421,21-01-2025,C045
O01422,04-11-2025,C275
O01423,30-11-2025,C107
O01424,19-06-2025,C273
O01425,23-11-2025,C019
O01426,10-03-2025,C237
O01427,28-06-2025,C179
O01428,26-04-2025,C133
O01429,04-01-2025,C045
O01430,28-04-2025,C221
O01431,02-04-2025,C213
O01432,15-05-2025,C178
O01433,31-05-2025,C016
O01434,27-08-2025,C063
O01435,22-03-2025,C249
O01436,17-10-2025,C283
O01437,19-06-2025,C147
O01438,11-09-2025,C085
O01439,21-09-2025,C018
O01440,30-12-2025,C239
O01441,01-10-2025,C101
O01442,30-10-2025,C236
O01443,16-04-2025,C015
O01444,25-03-2025,C038
O01445,03-02-2025,C070
O01446,13-09-2025,C177
O01447,13-05-2025,C218
O01448,13-10-2025,C139
O01449,21-02-2025,C124
O01450,07-04-2025,C258
O01451,26-04-2025,C011
O01452,14-05-2025,C118
O01453,27-06-2025,C131
O01454,29-05-2025,C234
O01455,17-09-2025,C185
O01456,19-02-2025,C222
O01457,24-02-2025,C056
O01458,26-10-2025,C021
O01459,06-12-2025,C046
O01460,26-05-2025,C097
O01461,30-11-2025,C195
O01462,03-02-2025,C028
O01463,16-08-2025,C028
O01464,17-03-2025,C118
O01465,10-10-2025,C071
O01466,02-11-2025,C113
O01467,28-02-2025,C199
O01468,15-07-2025,C253
O01469,26-08-2025,C083
O01470,08-08-2025,C102
O01471,02-08-2025,C135
O01472,27-10-2025,C118
O01473,19-12-2025,C107
O01474,04-08-2025,C148
O01475,05-12-2025,C191
O01476,26-02-2025,C124
O01477,30-09-2025,C147
O01478,31-03-2025,C018
O01479,01-12-2025,C161
O01480,12-09-2025,C176
O01481,08-10-2025,C291
O01482,17-09-2025,C230
O01483,18-12-2025,C167
O01484,21-03-2025,C065
O01485,18-07-2025,C148
O01486,13-04-2025,C202
O01487,13-05-2025,C135
O01488,21-09-2025,C098
O01489,12-06-2025,C029
O01490,01-03-2025,C296
O01491,18-04-2025,C092
O01492,25-02-2025,C112
O01493,17-05-2025,C006
O01494,04-04-2025,C104
O01495,08-05-2025,C118
O01496,13-05-2025,C255
O01497,30-04-2025,C111
O01498,22-03-2025,C155
O01499,29-04-2025,C180
O01500,25-09-2025,C094
O01501,18-08-2025,C228
O01502,20-07-2025,C268
O01503,12-02-2025,C183
O01504,11-10-2025,C155
O01505,02-04-2025,C105
O01506,06-01-2025,C258
O01507,29-10-2025,C291
O01508,02-03-2025,C019
O01509,20-06-2025,C141
O01510,04-01-2025,C093
O01511,18-02-2025,C052
O01512,11-09-2025,C210
O01513,03-07-2025,C032
O01514,29-08-2025,C171
O01515,05-11-2025,C196
O01516,18-06-2025,C049
O01517,12-08-2025,C286
O01518,10-06-2025,C128
O01519,26-08-2025,C184
O01520,18-04-2025,C246
O01521,15-08-2025,C018
O01522,10-11-2025,C219
O01523,24-05-2025,C097
O01524,27-07-2025,C040
O01525,17-10-2025,C014
O01526,17-02-2025,C090
O01527,30-12-2025,C242
O01528,07-08-2025,C183
O01529,06-02-2025,C265
O01530,16-11-2025,C139
O01531,20-11-2025,C165
O01532,25-12-2025,C180
O01533,28-07-2025,C085
O01534,06-03-2025,C086
O01535,06-07-2025,C186
O01536,07-01-2025,C292
O01537,16-11-2025,C086
O01538,15-11-2025,C242
O01539,23-08-2025,C151
O01540,19-07-2025,C117
O01541,04-01-2025,C039
O01542,18-10-2025,C023
O01543,20-05-2025,C168
O01544,22-09-2025,C123
O01545,12-03-2025,C143
O01546,14-03-2025,C191
O01547,15-08-2025,C243
O01548,22-10-2025,C033
O01549,19-05-2025,C111
O01550,24-08-2025,C282
O01551,14-05-2025,C048
O01552,21-04-2025,C098
O01553,27-08-2025,C113
O01554,21-07-2025,C126
O01555,28-01-2025,C082
O01556,11-06-2025,C210
O01557,15-02-2025,C275
O01558,09-05-2025,C120
O01559,30-07-2025,C203
O01560,30-10-2025,C242
O01561,14-09-2025,C148
O01562,06-04-2025,C021
O01563,26-10-2025,C250
O01564,11-08-2025,C012
O01565,08-11-2025,C135
O01566,06-07-2025,C045
O01567,14-01-2025,C060
O01568,07-02-2025,C160
O01569,09-08-2025,C221
O01570,03-08-2025,C218
O01571,18-03-2025,C034
O01572,11-05-2025,C072
O01573,13-08-2025,C023
O01574,24-06-2025,C170
O01575,19-08-2025,C023
O01576,25-11-2025,C115
O01577,30-01-2025,C092
O01578,15-02-2025,C019
O01579,21-04-2025,C047
O01580,17-01-2025,C043
O01581,25-12-2025,C220
O01582,28-12-2025,C246
O01583,01-08-2025,C219
O01584,20-11-2025,C141
O01585,13-03-2025,C196
O01586,05-05-2025,C163
O01587,15-04-2025,C275
O01588,15-01-2025,C208
O01589,15-11-2025,C028
O01590,28-08-2025,C047
O01591,10-06-2025,C260
O01592,16-11-2025,C117
O01593,23-02-2025,C124
O01594,20-03-2025,C117
O01595,25-09-2025,C111
O01596,20-06-2025,C291
O01597,11-07-2025,C232
O01598,04-02-2025,C122
O01599,20-07-2025,C181
O01600,26-12-2025,C033
O01601,22-12-2025,C080
O01602,14-06-2025,C046
O01603,10-01-2025,C096
O01604,08-06-2025,C263
O01605,26-08-2025,C018
O01606,29-08-2025,C091
O01607,08-09-2025,C056
O01608,10-09-2025,C230
O01609,21-05-2025,C190
O01610,18-08-2025,C252
O01611,18-03-2025,C207
O01612,03-03-2025,C084
O01613,06-09-2025,C125
O01614,22-07-2025,C268
O01615,25-01-2025,C005
O01616,05-05-2025,C218
O01617,14-08-2025,C018
O01618,09-09-2025,C291
O01619,31-07-2025,C083
O01620,07-05-2025,C155
O01621,11-04-2025,C228
O01622,05-04-2025,C002
O01623,28-07-2025,C206
O01624,09-10-2025,C195
O01625,04-10-2025,C277
O01626,22-09-2025,C024
O01627,13-09-2025,C055
O01628,27-05-2025,C242
O01629,25-03-2025,C012
O01630,15-12-2025,C253
O01631,27-04-2025,C242
O01632,24-04-2025,C160
O01633,09-07-2025,C236
O01634,14-09-2025,C223
O01635,19-03-2025,C222
O01636,03-04-2025,C044
O01637,17-08-2025,C280
O01638,18-02-2025,C005
O01639,09-01-2025,C060
O01640,26-12-2025,C010
O01641,08-08-2025,C272
O01642,29-11-2025,C050
O01643,03-01-2025,C033
O01644,03-02-2025,C084
O01645,21-08-2025,C182
O01646,02-01-2025,C219
O01647,20-06-2025,C289
O01648,02-05-2025,C268
O01649,18-03-2025,C095
O01650,03-03-2025,C258
O01651,19-08-2025,C141
O01652,25-07-2025,C174
O01653,29-07-2025,C190
O01654,10-02-2025,C195
O01655,31-03-2025,C004
O01656,15-04-2025,C113
O01657,19-02-2025,C063
O01658,09-05-2025,C071
O01659,24-09-2025,C029
O01660,25-03-2025,C202
O01661,30-11-2025,C143
O01662,24-06-2025,C126
O01663,07-03-2025,C181
O01664,24-02-2025,C123
O01665,12-10-2025,C194
O01666,13-11-2025,C197
O01667,28-01-2025,C014
O01668,12-06-2025,C216
O01669,07-08-2025,C256
O01670,11-05-2025,C147
O01671,01-08-2025,C128
O01672,11-01-2025,C022
O01673,24-03-2025,C293
O01674,08-11-2025,C246
O01675,01-06-2025,C138
O01676,30-03-2025,C093
O01677,29-12-2025,C036
O01678,24-08-2025,C061
O01679,25-11-2025,C250
O01680,07-05-2025,C009
O01681,12-03-2025,C265
O01682,14-12-2025,C117
O01683,15-06-2025,C257
O01684,26-02-2025,C139
O01685,12-06-2025,C246
O01686,12-02-2025,C118
O01687,06-01-2025,C277
O01688,06-07-2025,C191
O01689,20-11-2025,C093
O01690,19-07-2025,C211
O01691,01-10-2025,C179
O01692,27-03-2025,C135
O01693,17-09-2025,C118
O01694,16-01-2025,C034
O01695,03-12-2025,C029
O01696,15-10-2025,C061
O01697,28-04-2025,C053
O01698,19-10-2025,C274
O01699,27-04-2025,C039
O01700,03-02-2025,C267
O01701,31-03-2025,C098
O01702,02-09-2025,C127
O01703,12-08-2025,C094
O01704,28-02-2025,C142
O01705,02-07-2025,C048
O01706,27-05-2025,C219
O01707,10-11-2025,C103
O01708,12-10-2025,C300
O01709,10-08-2025,C247
O01710,29-04-2025,C241
O01711,16-07-2025,C080
O01712,28-09-2025,C014
O01713,28-09-2025,C266
O01714,06-03-2025,C077
O01715,31-01-2025,C179
O01716,16-08-2025,C085
O01717,24-08-2025,C008
O01718,24-09-2025,C148
O01719,14-03-2025,C139
O01720,20-06-2025,C057
O01721,07-06-2025,C104
O01722,26-10-2025,C182
O01723,30-12-2025,C226
O01724,20-02-2025,C272
O01725,08-01-2025,C195
O01726,12-09-2025,C144
O01727,26-08-2025,C065
O01728,13-10-2025,C270
O01729,02-11-2025,C272
O01730,06-05-2025,C188
O01731,13-05-2025,C282
O01732,01-03-2025,C245
O01733,17-07-2025,C039
O01734,01-03-2025,C060
O01735,03-12-2025,C153
O01736,15-08-2025,C154
O01737,24-07-2025,C074
O01738,02-11-2025,C171
O01739,26-08-2025,C085
O01740,21-11-2025,C005
O01741,20-03-2025,C293
O01742,24-03-2025,C087
O01743,12-03-2025,C257
O01744,18-03-2025,C004
O01745,07-02-2025,C290
O01746,29-01-2025,C166
O01747,31-01-2025,C254
O01748,13-05-2025,C260
O01749,28-05-2025,C060
O01750,12-02-2025,C159
O01751,03-05-2025,C028
O01752,17-05-2025,C285
O01753,01-02-2025,C132
O01754,30-07-2025,C167
O01755,20-09-2025,C098
O01756,04-12-2025,C120
O01757,01-07-2025,C268
O01758,17-06-2025,C270
O01759,30-04-2025,C278
O01760,11-06-2025,C145
O01761,12-05-2025,C255
O01762,07-07-2025,C268
O01763,24-02-2025,C279
O01764,02-10-2025,C191
O01765,14-08-2025,C282
O01766,08-01-2025,C262
O01767,21-07-2025,C201
O01768,23-02-2025,C265
O01769,06-10-2025,C080
O01770,23-03-2025,C238
O01771,19-09-2025,C051
O01772,05-11-2025,C019
O01773,01-09-2025,C012
O01774,22-01-2025,C003
O01775,04-09-2025,C285
O01776,26-11-2025,C211
O01777,08-03-2025,C263
O01778,10-06-2025,C160
O01779,18-04-2025,C258
O01780,19-02-2025,C180
O01781,29-10-2025,C270
O01782,26-07-2025,C078
O01783,24-03-2025,C155
O01784,13-07-2025,C020
O01785,17-06-2025,C293
O01786,24-01-2025,C196
O01787,02-12-2025,C172
O01788,15-03-2025,C214
O01789,13-05-2025,C038
O01790,22-09-2025,C215
O01791,01-04-2025,C002
O01792,08-03-2025,C070
O01793,12-03-2025,C086
O01794,11-07-2025,C245
O01795,09-08-2025,C028
O01796,08-05-2025,C116
O01797,21-05-2025,C148
O01798,25-10-2025,C148
O01799,07-08-2025,C069
O01800,19-07-2025,C084
O01801,23-12-2025,C084
O01802,20-04-2025,C030
O01803,29-12-2025,C230
O01804,20-12-2025,C034
O01805,25-02-2025,C061
O01806,15-05-2025,C299
O01807,21-09-2025,C216
O01808,28-11-2025,C147
O01809,16-06-2025,C102
O01810,14-01-2025,C151
O01811,08-02-2025,C161
O01812,23-03-2025,C262
O01813,08-08-2025,C015
O01814,24-07-2025,C286
O01815,17-02-2025,C081
O01816,14-02-2025,C297
O01817,21-03-2025,C196
O01818,11-12-2025,C164
O01819,08-11-2025,C242
O01820,13-11-2025,C032
O01821,24-04-2025,C268
O01822,02-11-2025,C084
O01823,24-03-2025,C146
O01824,17-12-2025,C108
O01825,31-08-2025,C221
O01826,07-05-2025,C115
O01827,29-01-2025,C291
O01828,27-11-2025,C284
O01829,14-05-2025,C229
O01830,15-06-2025,C247
O01831,07-05-2025,C064
O01832,20-04-2025,C077
O01833,18-04-2025,C298
O01834,08-10-2025,C261
O01835,04-07-2025,C145
O01836,20-07-2025,C144
O01837,22-06-2025,C280
O01838,20-05-2025,C293
O01839,20-09-2025,C232
O01840,31-05-2025,C154
O01841,20-04-2025,C098
O01842,28-02-2025,C203
O01843,01-07-2025,C201
O01844,24-06-2025,C216
O01845,10-02-2025,C139
O01846,17-06-2025,C272
O01847,03-09-2025,C263
O01848,03-12-2025,C142
O01849,21-03-2025,C043
O01850,28-02-2025,C145
O01851,05-09-2025,C298
O01852,12-01-2025,C112
O01853,23-12-2025,C079
O01854,08-02-2025,C246
O01855,03-12-2025,C110
O01856,16-03-2025,C125
O01857,12-01-2025,C292
O01858,27-07-2025,C217
O01859,06-01-2025,C226
O01860,14-07-2025,C127
O01861,21-09-2025,C070
O01862,24-01-2025,C060
O01863,18-05-2025,C273
O01864,15-05-2025,C225
O01865,31-10-2025,C008
O01866,26-12-2025,C011
O01867,10-03-2025,C047
O01868,04-01-2025,C038
O01869,30-04-2025,C167
O01870,23-02-2025,C185
O01871,20-11-2025,C168
O01872,29-09-2025,C284
O01873,10-06-2025,C260
O01874,17-03-2025,C153
O01875,02-09-2025,C229
O01876,14-09-2025,C131
O01877,16-10-2025,C277
O01878,27-05-2025,C295
O01879,05-11-2025,C050
O01880,10-11-2025,C223
O01881,07-08-2025,C188
O01882,24-06-2025,C003
O01883,09-12-2025,C045
O01884,19-07-2025,C269
O01885,25-10-2025,C090
O01886,19-07-2025,C105
O01887,25-08-2025,C069
O01888,01-10-2025,C196
O01889,28-08-2025,C028
O01890,28-10-2025,C223
O01891,21-01-2025,C207
O01892,07-06-2025,C219
O01893,12-05-2025,C093
O01894,30-07-2025,C221
O01895,14-02-2025,C160
O01896,24-06-2025,C105
O01897,22-01-2025,C142
O01898,03-08-2025,C055
O01899,21-04-2025,C267
O01900,01-06-2025,C192
O01901,29-04-2025,C127
O01902,08-05-2025,C026
O01903,28-07-2025,C062
O01904,17-09-2025,C154
O01905,26-06-2025,C250
O01906,28-10-2025,C295
O01907,20-09-2025,C184
O01908,06-04-2025,C289
O01909,25-06-2025,C133
O01910,17-09-2025,C225
O01911,13-01-2025,C060
O01912,08-02-2025,C252
O01913,29-06-2025,C062
O01914,21-05-2025,C078
O01915,23-08-2025,C199
O01916,23-11-2025,C282
O01917,08-04-2025,C295
O01918,21-08-2025,C135
O01919,18-12-2025,C043
O01920,30-12-2025,C154
O01921,21-05-2025,C152
O01922,12-06-2025,C108
O01923,19-11-2025,C158
O01924,16-04-2025,C013
O01925,27-03-2025,C252
O01926,27-02-2025,C180
O01927,08-12-2025,C033
O01928,16-11-2025,C116
O01929,08-10-2025,C230
O01930,27-05-2025,C073
O01931,01-07-2025,C230
O01932,16-10-2025,C212
O01933,28-09-2025,C067
O01934,04-06-2025,C160
O01935,09-04-2025,C105
O01936,03-01-2025,C030
O01937,14-11-2025,C085
O01938,02-01-2025,C190
O01939,07-11-2025,C098
O01940,09-01-2025,C096
O01941,27-09-2025,C013
O01942,26-07-2025,C045
O01943,13-09-2025,C040
O01944,17-03-2025,C139
O01945,30-10-2025,C052
O01946,15-09-2025,C193
O01947,15-03-2025,C092
O01948,21-12-2025,C019
O01949,02-01-2025,C273
O01950,05-05-2025,C250
O01951,27-09-2025,C123
O01952,30-06-2025,C035
O01953,01-04-2025,C214
O01954,25-12-2025,C120
O01955,12-06-2025,C122
O01956,31-10-2025,C240
O01957,26-09-2025,C277
O01958,17-12-2025,C235
O01959,20-09-2025,C287
O01960,31-01-2025,C055
O01961,10-08-2025,C073
O01962,07-08-2025,C232
O01963,24-05-2025,C004
O01964,01-03-2025,C241
O01965,16-09-2025,C116
O01966,07-06-2025,C052
O01967,26-10-2025,C232
O01968,20-05-2025,C210
O01969,16-01-2025,C237
O01970,13-05-2025,C231
O01971,14-05-2025,C253
O01972,12-06-2025,C039
O01973,28-09-2025,C182
O01974,04-01-2025,C170
O01975,19-12-2025,C048
O01976,24-09-2025,C132
O01977,30-12-2025,C256
O01978,13-08-2025,C039
O01979,01-09-2025,C161
O01980,26-01-2025,C136
O01981,22-05-2025,C181
O01982,25-02-2025,C156
O01983,12-12-2025,C223
O01984,23-04-2025,C114
O01985,05-08-2025,C284
O01986,26-02-2025,C139
O01987,11-06-2025,C088
O01988,27-01-2025,C265
O01989,27-11-2025,C055
O01990,11-08-2025,C056
O01991,12-09-2025,C067
O01992,05-07-2025,C236
O01993,10-09-2025,C265
O01994,20-10-2025,C007
O01995,07-10-2025,C165
O01996,15-11-2025,C186
O01997,16-01-2025,C173
O01998,30-06-2025,C129
O01999,04-02-2025,C194
O02000,23-07-2025,C239
O02001,15-10-2025,C106
O02002,14-07-2025,C262
O02003,14-07-2025,C220
O02004,16-05-2025,C162
O02005,14-02-2025,C191
O02006,07-02-2025,C234
O02007,13-12-2025,C287
O02008,13-04-2025,C216
O02009,04-12-2025,C158
O02010,05-12-2025,C270
O02011,26-01-2025,C101
O02012,11-01-2025,C111
O02013,13-12-2025,C010
O02014,19-01-2025,C260
O02015,26-02-2025,C068
O02016,10-05-2025,C289
O02017,23-12-2025,C126
O02018,20-08-2025,C021
O02019,10-08-2025,C271
O02020,19-10-2025,C095
O02021,31-01-2025,C073
O02022,08-03-2025,C288
O02023,21-03-2025,C271
O02024,10-04-2025,C044
O02025,08-11-2025,C227
O02026,02-04-2025,C178
O02027,11-08-2025,C084
O02028,19-07-2025,C182
O02029,26-02-2025,C009
O02030,26-05-2025,C122
O02031,08-07-2025,C055
O02032,12-03-2025,C040
O02033,01-01-2025,C001
O02034,12-01-2025,C284
O02035,13-11-2025,C102
O02036,11-12-2025,C256
O02037,06-06-2025,C106
O02038,20-05-2025,C200
O02039,04-07-2025,C183
O02040,05-07-2025,C041
O02041,03-09-2025,C281
O02042,26-06-2025,C210
O02043,05-07-2025,C031
O02044,06-11-2025,C079
O02045,07-11-2025,C221
O02046,18-01-2025,C277
O02047,25-06-2025,C205
O02048,14-04-2025,C101
O02049,13-12-2025,C076
O02050,24-07-2025,C199
O02051,24-04-2025,C189
O02052,21-05-2025,C034
O02053,31-10-2025,C227
O02054,01-01-2025,C300
O02055,14-12-2025,C100
O02056,17-08-2025,C293
O02057,10-09-2025,C196
O02058,16-10-2025,C244
O02059,24-07-2025,C146
O02060,26-05-2025,C261
O02061,03-03-2025,C201
O02062,18-10-2025,C270
O02063,25-11-2025,C074
O02064,11-12-2025,C278
O02065,15-05-2025,C225
O02066,12-01-2025,C288
O02067,24-02-2025,C145
O02068,24-09-2025,C006
O02069,16-02-2025,C096
O02070,12-08-2025,C231
O02071,14-05-2025,C080
O02072,18-03-2025,C257
O02073,18-02-2025,C250
O02074,31-12-2025,C228
O02075,27-01-2025,C080
O02076,18-07-2025,C228
O02077,27-04-2025,C089
O02078,22-07-2025,C233
O02079,21-11-2025,C158
O02080,11-10-2025,C209
O02081,24-08-2025,C296
O02082,21-08-2025,C158
O02083,05-01-2025,C163
O02084,25-10-2025,C098
O02085,12-02-2025,C288
O02086,16-09-2025,C172
O02087,15-03-2025,C102
O02088,26-08-2025,C220
O02089,14-05-2025,C149
O02090,09-11-2025,C246
O02091,23-11-2025,C103
O02092,14-07-2025,C048
O02093,18-12-2025,C134
O02094,27-02-2025,C188
O02095,04-04-2025,C067
O02096,20-07-2025,C288
O02097,05-06-2025,C299
O02098,21-10-2025,C098
O02099,18-09-2025,C024
O02100,22-11-2025,C002
O02101,06-03-2025,C159
O02102,28-06-2025,C064
O02103,08-12-2025,C007
O02104,16-10-2025,C149
O02105,23-01-2025,C150
O02106,11-11-2025,C214
O02107,20-03-2025,C113
O02108,25-01-2025,C267
O02109,14-12-2025,C218
O02110,16-10-2025,C124
O02111,10-09-2025,C054
O02112,02-08-2025,C263
O02113,30-09-2025,C071
O02114,28-12-2025,C141
O02115,19-06-2025,C007
O02116,22-02-2025,C278
O02117,28-03-2025,C009
O02118,17-02-2025,C097
O02119,25-06-2025,C073
O02120,02-05-2025,C182
O02121,07-11-2025,C185
O02122,18-03-2025,C254
O02123,02-07-2025,C218
O02124,14-10-2025,C203
O02125,21-04-2025,C046
O02126,02-04-2025,C080
O02127,26-03-2025,C216
O02128,26-10-2025,C245
O02129,18-05-2025,C068
O02130,25-05-2025,C159
O02131,26-01-2025,C020
O02132,17-03-2025,C015
O02133,04-11-2025,C194
O02134,25-04-2025,C047
O02135,01-04-2025,C219
O02136,12-08-2025,C181
O02137,07-04-2025,C230
O02138,14-03-2025,C261
O02139,28-10-2025,C097
O02140,22-11-2025,C145
O02141,20-05-2025,C202
O02142,05-07-2025,C162
O02143,10-10-2025,C240
O02144,11-08-2025,C218
O02145,04-08-2025,C036
O02146,11-08-2025,C214
O02147,22-08-2025,C220
O02148,30-05-2025,C265
O02149,12-07-2025,C286
O02150,24-11-2025,C211
O02151,08-11-2025,C084
O02152,13-01-2025,C207
O02153,31-03-2025,C043
O02154,05-08-2025,C221
O02155,11-07-2025,C090
O02156,25-11-2025,C151
O02157,21-09-2025,C216
O02158,11-02-2025,C266
O02159,22-06-2025,C061
O02160,15-12-2025,C229
O02161,14-10-2025,C177
O02162,04-02-2025,C179
O02163,10-11-2025,C222
O02164,05-02-2025,C188
O02165,07-04-2025,C242
O02166,10-10-2025,C234
O02167,19-07-2025,C015
O02168,29-04-2025,C223
O02169,05-02-2025,C064
O02170,30-08-2025,C026
O02171,05-08-2025,C139
O02172,26-05-2025,C074
O02173,04-10-2025,C020
O02174,03-03-2025,C057
O02175,10-08-2025,C256
O02176,20-12-2025,C259
O02177,14-07-2025,C203
O02178,20-06-2025,C194
O02179,15-11-2025,C223
O02180,18-11-2025,C266
O02181,16-08-2025,C104
O02182,07-12-2025,C167
O02183,13-11-2025,C138
O02184,29-04-2025,C222
O02185,02-06-2025,C231
O02186,31-10-2025,C017
O02187,21-01-2025,C007
O02188,20-11-2025,C274
O02189,17-10-2025,C034
O02190,09-11-2025,C019
O02191,20-05-2025,C076
O02192,12-06-2025,C253
O02193,19-06-2025,C238
O02194,20-10-2025,C163
O02195,22-05-2025,C155
O02196,10-08-2025,C174
O02197,25-06-2025,C001
O02198,17-01-2025,C231
O02199,04-03-2025,C183
O02200,15-12-2025,C004
O02201,18-01-2025,C054
O02202,05-09-2025,C219
O02203,27-10-2025,C013
O02204,18-04-2025,C223
O02205,19-09-2025,C156
O02206,15-06-2025,C119
O02207,05-10-2025,C290
O02208,10-11-2025,C115
O02209,09-03-2025,C279
O02210,20-03-2025,C167
O02211,13-09-2025,C156
O02212,29-03-2025,C025
O02213,04-06-2025,C186
O02214,08-11-2025,C106
O02215,04-01-2025,C149
O02216,23-04-2025,C222
O02217,10-03-2025,C017
O02218,06-05-2025,C243
O02219,13-10-2025,C149
O02220,15-09-2025,C022
O02221,23-01-2025,C098
O02222,23-12-2025,C205
O02223,14-09-2025,C097
O02224,03-09-2025,C013
O02225,16-04-2025,C220
O02226,31-01-2025,C194
O02227,13-08-2025,C291
O02228,09-09-2025,C155
O02229,03-05-2025,C012
O02230,06-07-2025,C218
O02231,19-04-2025,C105
O02232,14-02-2025,C071
O02233,14-03-2025,C080
O02234,02-02-2025,C154
O02235,14-08-2025,C285
O02236,18-05-2025,C126
O02237,29-08-2025,C253
O02238,14-11-2025,C184
O02239,18-08-2025,C213
O02240,31-01-2025,C140
O02241,11-11-2025,C107
O02242,19-11-2025,C061
O02243,11-09-2025,C141
O02244,25-05-2025,C094
O02245,26-02-2025,C204
O02246,07-07-2025,C145
O02247,18-09-2025,C264
O02248,12-06-2025,C036
O02249,06-03-2025,C294
O02250,24-04-2025,C281
O02251,03-09-2025,C208
O02252,20-11-2025,C106
O02253,25-06-2025,C099
O02254,08-05-2025,C042
O02255,24-03-2025,C048
O02256,27-11-2025,C118
O02257,06-09-2025,C189
O02258,05-07-2025,C012
O02259,01-08-2025,C267
O02260,13-01-2025,C109
O02261,24-09-2025,C218
O02262,04-08-2025,C119
O02263,06-04-2025,C258
O02264,10-09-2025,C116
O02265,01-02-2025,C171
O02266,24-05-2025,C185
O02267,05-06-2025,C085
O02268,20-07-2025,C053
O02269,25-10-2025,C011
O02270,25-08-2025,C104
O02271,08-10-2025,C289
O02272,08-01-2025,C191
O02273,25-01-2025,C239
O02274,29-05-2025,C105
O02275,20-01-2025,C016
O02276,24-10-2025,C181
O02277,03-09-2025,C248
O02278,02-03-2025,C194
O02279,08-04-2025,C232
O02280,21-11-2025,C040
O02281,24-12-2025,C253
O02282,14-12-2025,C208
O02283,05-07-2025,C141
O02284,11-03-2025,C155
O02285,19-11-2025,C028
O02286,19-06-2025,C019
O02287,14-11-2025,C200
O02288,04-08-2025,C099
O02289,15-07-2025,C183
O02290,30-04-2025,C073
O02291,01-07-2025,C263
O02292,02-03-2025,C160
O02293,29-11-2025,C122
O02294,13-05-2025,C189
O02295,24-05-2025,C271
O02296,19-05-2025,C106
O02297,11-07-2025,C230
O02298,10-03-2025,C218
O02299,09-10-2025,C237
O02300,26-11-2025,C157
O02301,29-09-2025,C071
O02302,09-01-2025,C184
O02303,17-07-2025,C185
O02304,30-08-2025,C042
O02305,08-10-2025,C280
O02306,20-01-2025,C162
O02307,29-12-2025,C125
O02308,01-11-2025,C158
O02309,03-05-2025,C102
O02310,14-09-2025,C283
O02311,17-01-2025,C300
O02312,05-02-2025,C184
O02313,10-05-2025,C156
O02314,23-03-2025,C032
O02315,20-06-2025,C283
O02316,16-03-2025,C199
O02317,05-03-2025,C146
O02318,28-04-2025,C084
O02319,09-11-2025,C019
O02320,16-02-2025,C201
O02321,04-08-2025,C010
O02322,23-03-2025,C213
O02323,12-07-2025,C173
O02324,24-07-2025,C232
O02325,10-04-2025,C219
O02326,19-01-2025,C290
O02327,23-10-2025,C140
O02328,16-04-2025,C131
O02329,29-09-2025,C296
O02330,21-05-2025,C162
O02331,24-02-2025,C163
O02332,21-05-2025,C260
O02333,29-03-2025,C243
O02334,25-02-2025,C229
O02335,13-06-2025,C160
O02336,29-12-2025,C224
O02337,09-06-2025,C144
O02338,08-12-2025,C143
O02339,26-10-2025,C291
O02340,05-12-2025,C174
O02341,24-08-2025,C110
O02342,02-11-2025,C131
O02343,03-07-2025,C060
O02344,18-05-2025,C267
O02345,01-09-2025,C173
O02346,20-04-2025,C027
O02347,08-02-2025,C233
O02348,25-10-2025,C146
O02349,01-09-2025,C062
O02350,09-04-2025,C247
O02351,06-05-2025,C144
O02352,18-07-2025,C018
O02353,24-02-2025,C070
O02354,06-06-2025,C175
O02355,22-04-2025,C111
O02356,25-09-2025,C084
O02357,20-07-2025,C082
O02358,15-05-2025,C138
O02359,16-10-2025,C055
O02360,25-07-2025,C291
O02361,25-12-2025,C245
O02362,17-04-2025,C234
O02363,16-08-2025,C171
O02364,10-02-2025,C160
O02365,06-10-2025,C284
O02366,10-04-2025,C065
O02367,06-02-2025,C273
O02368,19-01-2025,C187
O02369,31-12-2025,C264
O02370,14-12-2025,C120
O02371,03-08-2025,C007
O02372,07-07-2025,C137
O02373,01-04-2025,C161
O02374,25-06-2025,C268
O02375,29-06-2025,C246
O02376,04-07-2025,C236
O02377,23-01-2025,C136
O02378,17-02-2025,C279
O02379,01-09-2025,C001
O02380,05-02-2025,C203
O02381,23-09-2025,C248
O02382,12-05-2025,C174
O02383,26-08-2025,C055
O02384,02-05-2025,C076
O02385,04-02-2025,C111
O02386,20-03-2025,C261
O02387,04-03-2025,C096
O02388,16-10-2025,C152
O02389,05-12-2025,C272
O02390,05-09-2025,C066
O02391,24-06-2025,C201
O02392,08-05-2025,C075
O02393,24-10-2025,C269
O02394,15-01-2025,C014
O02395,26-04-2025,C205
O02396,04-06-2025,C280
O02397,30-04-2025,C207
O02398,18-12-2025,C101
O02399,14-08-2025,C136
O02400,09-04-2025,C256
O02401,28-06-2025,C149
O02402,14-01-2025,C207
O02403,09-08-2025,C183
O02404,28-09-2025,C100
O02405,29-07-2025,C078
O02406,02-12-2025,C038
O02407,31-03-2025,C235
O02408,24-06-2025,C076
O02409,20-11-2025,C128
O02410,16-10-2025,C117
O02411,26-03-2025,C118
O02412,04-03-2025,C024
O02413,31-12-2025,C111
O02414,24-04-2025,C044
O02415,11-09-2025,C080
O02416,13-01-2025,C172
O02417,04-11-2025,C226
O02418,21-04-2025,C177
O02419,02-02-2025,C151
O02420,06-12-2025,C201
O02421,13-08-2025,C019
O02422,19-07-2025,C049
O02423,10-11-2025,C179
O02424,24-09-2025,C132
O02425,01-10-2025,C247
O02426,20-06-2025,C181
O02427,17-03-2025,C091
O02428,24-01-2025,C105
O02429,22-05-2025,C247
O02430,24-12-2025,C250
O02431,05-03-2025,C146
O02432,23-10-2025,C264
O02433,04-12-2025,C207
O02434,26-05-2025,C177
O02435,03-11-2025,C062
O02436,03-07-2025,C119
O02437,29-05-2025,C211
O02438,20-11-2025,C062
O02439,19-10-2025,C045
O02440,16-01-2025,C168
O02441,27-05-2025,C146
O02442,09-05-2025,C073
O02443,19-03-2025,C010
O02444,10-04-2025,C186
O02445,27-10-2025,C032
O02446,23-08-2025,C178
O02447,10-02-2025,C244
O02448,27-10-2025,C079
O02449,02-05-2025,C080
O02450,17-11-2025,C126
O02451,20-03-2025,C212
O02452,07-11-2025,C276
O02453,12-08-2025,C270
O02454,16-01-2025,C095
O02455,10-04-2025,C008
O02456,17-02-2025,C094
O02457,30-04-2025,C219
O02458,09-01-2025,C049
O02459,12-01-2025,C183
O02460,13-07-2025,C142
O02461,27-07-2025,C169
O02462,01-09-2025,C076
O02463,31-07-2025,C284
O02464,28-02-2025,C254
O02465,18-04-2025,C005
O02466,15-03-2025,C044
O02467,31-05-2025,C131
O02468,26-09-2025,C069
O02469,19-12-2025,C004
O02470,06-12-2025,C246
O02471,25-06-2025,C187
O02472,02-08-2025,C026
O02473,18-09-2025,C263
O02474,04-09-2025,C093
O02475,17-07-2025,C047
O02476,07-05-2025,C099
O02477,05-03-2025,C256
O02478,02-08-2025,C129
O02479,04-11-2025,C074
O02480,19-04-2025,C262
O02481,01-01-2025,C063
O02482,22-02-2025,C280
O02483,24-05-2025,C268
O02484,19-03-2025,C166
O02485,23-08-2025,C070
O02486,30-07-2025,C088
O02487,28-01-2025,C049
O02488,09-02-2025,C235
O02489,11-07-2025,C077
O02490,18-02-2025,C054
O02491,24-06-2025,C291
O02492,06-02-2025,C299
O02493,18-10-2025,C240
O02494,10-11-2025,C001
O02495,16-06-2025,C289
O02496,04-05-2025,C233
O02497,15-08-2025,C008
O02498,21-11-2025,C096
O02499,08-03-2025,C059
O02500,22-11-2025,C011
O02501,26-08-2025,C219
O02502,02-12-2025,C220
O02503,23-12-2025,C136
O02504,17-08-2025,C271
O02505,02-03-2025,C296
O02506,18-12-2025,C145
O02507,25-02-2025,C009
O02508,20-03-2025,C223
O02509,28-01-2025,C214
O02510,10-12-2025,C151
O02511,06-02-2025,C106
O02512,11-11-2025,C235
O02513,20-03-2025,C023
O02514,20-07-2025,C094
O02515,04-11-2025,C268
O02516,10-04-2025,C067
O02517,14-07-2025,C249
O02518,20-04-2025,C230
O02519,03-08-2025,C075
O02520,14-11-2025,C194
O02521,08-03-2025,C178
O02522,22-08-2025,C104
O02523,13-06-2025,C024
O02524,18-04-2025,C265
O02525,19-01-2025,C044
O02526,05-08-2025,C025
O02527,18-04-2025,C287
O02528,14-08-2025,C137
O02529,06-06-2025,C040
O02530,20-05-2025,C104
O02531,22-05-2025,C162
O02532,20-09-2025,C007
O02533,23-09-2025,C033
O02534,22-10-2025,C134
O02535,21-03-2025,C116
O02536,26-09-2025,C133
O02537,20-07-2025,C016
O02538,05-07-2025,C187
O02539,14-02-2025,C251
O02540,21-06-2025,C103
O02541,05-02-2025,C125
O02542,15-10-2025,C025
O02543,30-12-2025,C004
O02544,16-05-2025,C028
O02545,07-09-2025,C043
O02546,21-04-2025,C140
O02547,26-07-2025,C156
O02548,03-09-2025,C085
O02549,30-04-2025,C236
O02550,02-05-2025,C276
O02551,24-04-2025,C086
O02552,24-09-2025,C215
O02553,14-09-2025,C102
O02554,25-05-2025,C237
O02555,16-03-2025,C291
O02556,12-12-2025,C244
O02557,08-10-2025,C135
O02558,23-10-2025,C196
O02559,01-11-2025,C255
O02560,05-02-2025,C118
O02561,28-09-2025,C223
O02562,20-02-2025,C280
O02563,28-09-2025,C196
O02564,06-06-2025,C217
O02565,19-07-2025,C238
O02566,22-02-2025,C037
O02567,26-04-2025,C140
O02568,22-08-2025,C229
O02569,24-03-2025,C260
O02570,22-04-2025,C105
O02571,09-02-2025,C122
O02572,06-09-2025,C289
O02573,18-09-2025,C238
O02574,12-04-2025,C156
O02575,02-11-2025,C042
O02576,23-05-2025,C097
O02577,02-05-2025,C031
O02578,23-12-2025,C145
O02579,17-03-2025,C196
O02580,06-04-2025,C059
O02581,21-03-2025,C132
O02582,21-09-2025,C282
O02583,01-04-2025,C244
O02584,03-09-2025,C053
O02585,22-02-2025,C194
O02586,09-07-2025,C082
O02587,29-03-2025,C289
O02588,24-06-2025,C098
O02589,17-06-2025,C100
O02590,13-07-2025,C080
O02591,11-06-2025,C194
O02592,27-05-2025,C264
O02593,21-04-2025,C136
O02594,01-10-2025,C044
O02595,17-10-2025,C230
O02596,06-10-2025,C275
O02597,05-04-2025,C065
O02598,20-07-2025,C026
O02599,28-03-2025,C079
O02600,05-03-2025,C257
O02601,04-04-2025,C083
O02602,23-06-2025,C113
O02603,14-09-2025,C182
O02604,25-08-2025,C184
O02605,20-08-2025,C107
O02606,01-04-2025,C234
O02607,07-11-2025,C006
O02608,27-01-2025,C090
O02609,27-04-2025,C034
O02610,20-02-2025,C205
O02611,11-05-2025,C255
O02612,24-02-2025,C283
O02613,10-09-2025,C102
O02614,29-10-2025,C229
O02615,20-02-2025,C018
O02616,01-03-2025,C111
O02617,07-09-2025,C005
O02618,25-04-2025,C004
O02619,23-03-2025,C025
O02620,01-12-2025,C260
O02621,02-08-2025,C041
O02622,14-02-2025,C298
O02623,11-01-2025,C107
O02624,16-08-2025,C136
O02625,13-09-2025,C241
O02626,18-06-2025,C155
O02627,06-03-2025,C093
O02628,13-01-2025,C152
O02629,16-08-2025,C282
O02630,21-02-2025,C036
O02631,03-04-2025,C240
O02632,28-12-2025,C107
O02633,10-04-2025,C254
O02634,02-02-2025,C072
O02635,12-07-2025,C224
O02636,14-05-2025,C058
O02637,20-12-2025,C032
O02638,11-07-2025,C190
O02639,30-10-2025,C066
O02640,10-11-2025,C146
O02641,04-06-2025,C098
O02642,13-06-2025,C151
O02643,11-01-2025,C200
O02644,05-08-2025,C243
O02645,27-08-2025,C133
O02646,10-06-2025,C267
O02647,10-12-2025,C240
O02648,26-08-2025,C141
O02649,19-12-2025,C202
O02650,26-08-2025,C059
O02651,25-01-2025,C073
O02652,12-09-2025,C043
O02653,03-12-2025,C060
O02654,04-12-2025,C031
O02655,17-11-2025,C055
O02656,25-10-2025,C249
O02657,04-10-2025,C228
O02658,28-06-2025,C204
O02659,22-02-2025,C227
O02660,11-01-2025,C263
O02661,20-05-2025,C241
O02662,30-09-2025,C088
O02663,25-02-2025,C181
O02664,20-10-2025,C202
O02665,15-07-2025,C258
O02666,06-06-2025,C020
O02667,11-08-2025,C096
O02668,22-03-2025,C170
O02669,10-05-2025,C250
O02670,07-07-2025,C150
O02671,17-04-2025,C239
O02672,28-05-2025,C187
O02673,18-07-2025,C241
O02674,21-11-2025,C229
O02675,21-07-2025,C065
O02676,27-12-2025,C032
O02677,05-11-2025,C095
O02678,29-01-2025,C225
O02679,26-02-2025,C229
O02680,11-04-2025,C219
O02681,25-12-2025,C166
O02682,28-07-2025,C272
O02683,23-06-2025,C124
O02684,15-02-2025,C207
O02685,18-09-2025,C265
O02686,31-08-2025,C073
O02687,10-04-2025,C215
O02688,11-02-2025,C032
O02689,12-12-2025,C290
O02690,02-06-2025,C289
O02691,12-06-2025,C101
O02692,31-05-2025,C091
O02693,28-11-2025,C046
O02694,24-08-2025,C195
O02695,06-05-2025,C237
O02696,25-05-2025,C196
O02697,27-04-2025,C010
O02698,31-08-2025,C018
O02699,02-07-2025,C279
O02700,19-05-2025,C254
O02701,16-11-2025,C239
O02702,01-06-2025,C241
O02703,23-06-2025,C112
O02704,17-06-2025,C096
O02705,15-02-2025,C090
O02706,18-11-2025,C114
O02707,18-03-2025,C080
O02708,06-08-2025,C102
O02709,17-12-2025,C015
O02710,03-03-2025,C246
O02711,09-03-2025,C074
O02712,20-11-2025,C220
O02713,14-10-2025,C210
O02714,06-05-2025,C232
O02715,12-02-2025,C180
O02716,21-04-2025,C160
O02717,03-07-2025,C015
O02718,02-05-2025,C130
O02719,02-04-2025,C293
O02720,18-02-2025,C182
O02721,18-01-2025,C221
O02722,28-12-2025,C287
O02723,02-12-2025,C169
O02724,19-08-2025,C141
O02725,22-06-2025,C261
O02726,07-08-2025,C274
O02727,26-10-2025,C016
O02728,14-02-2025,C177
O02729,14-02-2025,C039
O02730,25-09-2025,C117
O02731,15-03-2025,C128
O02732,17-03-2025,C013
O02733,22-09-2025,C178
O02734,08-01-2025,C052
O02735,18-12-2025,C262
O02736,16-10-2025,C222
O02737,10-02-2025,C155
O02738,10-08-2025,C294
O02739,20-07-2025,C042
O02740,07-03-2025,C076
O02741,10-04-2025,C262
O02742,11-11-2025,C177
O02743,22-01-2025,C182
O02744,31-12-2025,C008
O02745,28-08-2025,C238
O02746,04-10-2025,C223
O02747,03-09-2025,C230
O02748,20-03-2025,C253
O02749,03-04-2025,C076
O02750,14-01-2025,C050
O02751,28-10-2025,C216
O02752,18-04-2025,C005
O02753,25-02-2025,C140
O02754,02-12-2025,C012
O02755,14-08-2025,C105
O02756,16-06-2025,C240
O02757,29-05-2025,C201
O02758,07-01-2025,C130
O02759,01-02-2025,C041
O02760,06-02-2025,C015
O02761,11-12-2025,C250
O02762,30-06-2025,C040
O02763,20-10-2025,C258
O02764,05-07-2025,C244
O02765,18-01-2025,C033
O02766,28-06-2025,C288
O02767,12-09-2025,C161
O02768,11-09-2025,C267
O02769,24-11-2025,C288
O02770,11-01-2025,C034
O02771,08-12-2025,C055
O02772,27-09-2025,C014
O02773,12-04-2025,C266
O02774,08-08-2025,C069
O02775,05-01-2025,C230
O02776,21-08-2025,C164
O02777,04-06-2025,C036
O02778,24-11-2025,C212
O02779,29-09-2025,C117
O02780,21-05-2025,C245
O02781,13-05-2025,C131
O02782,21-01-2025,C051
O02783,15-03-2025,C198
O02784,16-05-2025,C057
O02785,20-09-2025,C089
O02786,01-04-2025,C256
O02787,19-10-2025,C103
O02788,27-08-2025,C147
O02789,06-01-2025,C072
O02790,22-04-2025,C095
O02791,31-03-2025,C114
O02792,24-03-2025,C196
O02793,08-01-2025,C019
O02794,17-08-2025,C232
O02795,29-01-2025,C276
O02796,18-07-2025,C170
O02797,16-03-2025,C292
O02798,08-05-2025,C030
O02799,15-01-2025,C217
O02800,20-10-2025,C083
O02801,21-01-2025,C113
O02802,17-04-2025,C103
O02803,24-03-2025,C296
O02804,01-09-2025,C178
O02805,18-05-2025,C076
O02806,30-09-2025,C024
O02807,19-12-2025,C189
O02808,06-02-2025,C134
O02809,13-01-2025,C004
O02810,14-03-2025,C274
O02811,09-05-2025,C063
O02812,03-07-2025,C279
O02813,18-06-2025,C247
O02814,05-07-2025,C292
O02815,25-02-2025,C276
O02816,02-08-2025,C038
O02817,22-06-2025,C048
O02818,04-05-2025,C194
O02819,18-02-2025,C242
O02820,24-09-2025,C047
O02821,31-08-2025,C299
O02822,22-07-2025,C092
O02823,19-04-2025,C264
O02824,20-11-2025,C012
O02825,16-08-2025,C087
O02826,22-07-2025,C183
O02827,18-02-2025,C097
O02828,27-08-2025,C099
O02829,04-02-2025,C093
O02830,31-05-2025,C262
O02831,21-02-2025,C272
O02832,03-01-2025,C236
O02833,26-05-2025,C115
O02834,09-09-2025,C011
O02835,24-08-2025,C004
O02836,14-05-2025,C140
O02837,07-11-2025,C018
O02838,14-03-2025,C083
O02839,09-05-2025,C032
O02840,04-04-2025,C156
O02841,11-08-2025,C256
O02842,29-06-2025,C264
O02843,17-03-2025,C216
O02844,29-09-2025,C246
O02845,18-04-2025,C238
O02846,27-03-2025,C046
O02847,04-01-2025,C230
O02848,02-05-2025,C100
O02849,17-01-2025,C177
O02850,08-01-2025,C044
O02851,08-11-2025,C022
O02852,18-05-2025,C103
O02853,14-05-2025,C187
O02854,15-10-2025,C193
O02855,11-09-2025,C061
O02856,24-11-2025,C238
O02857,21-02-2025,C287
O02858,12-09-2025,C057
O02859,16-03-2025,C241
O02860,15-05-2025,C124
O02861,10-08-2025,C126
O02862,05-04-2025,C241
O02863,08-04-2025,C048
O02864,11-10-2025,C276
O02865,08-05-2025,C061
O02866,18-07-2025,C026
O02867,09-08-2025,C145
O02868,18-11-2025,C151
O02869,30-05-2025,C295
O02870,07-09-2025,C059
O02871,12-02-2025,C164
O02872,29-12-2025,C252
O02873,19-05-2025,C091
O02874,27-11-2025,C255
O02875,21-03-2025,C101
O02876,05-03-2025,C091
O02877,18-04-2025,C228
O02878,04-09-2025,C137
O02879,23-08-2025,C261
O02880,18-02-2025,C172
O02881,19-11-2025,C204
O02882,11-02-2025,C046
O02883,11-10-2025,C226
O02884,30-09-2025,C281
O02885,13-04-2025,C257
O02886,19-05-2025,C021
O02887,04-08-2025,C177
O02888,10-08-2025,C147
O02889,27-07-2025,C090
O02890,12-10-2025,C264
O02891,20-05-2025,C237
O02892,18-06-2025,C027
O02893,29-10-2025,C121
O02894,08-07-2025,C210
O02895,07-06-2025,C106
O02896,25-05-2025,C119
O02897,30-06-2025,C149
O02898,30-10-2025,C153
O02899,23-12-2025,C250
O02900,22-09-2025,C097
O02901,20-11-2025,C044
O02902,17-06-2025,C084
O02903,11-10-2025,C242
O02904,17-11-2025,C280
O02905,21-12-2025,C288
O02906,19-05-2025,C025
O02907,27-09-2025,C139
O02908,06-03-2025,C257
O02909,10-08-2025,C048
O02910,28-10-2025,C070
O02911,02-05-2025,C227
O02912,18-12-2025,C157
O02913,08-06-2025,C296
O02914,31-05-2025,C194
O02915,30-03-2025,C203
O02916,19-11-2025,C236
O02917,26-11-2025,C225
O02918,15-11-2025,C155
O02919,21-04-2025,C133
O02920,18-05-2025,C160
O02921,05-12-2025,C106
O02922,14-08-2025,C251
O02923,11-02-2025,C220
O02924,28-12-2025,C228
O02925,17-09-2025,C168
O02926,18-11-2025,C111
O02927,07-12-2025,C274
O02928,03-10-2025,C088
O02929,24-11-2025,C163
O02930,17-11-2025,C184
O02931,01-02-2025,C274
O02932,20-01-2025,C013
O02933,05-11-2025,C093
O02934,04-10-2025,C020
O02935,06-09-2025,C135
O02936,22-07-2025,C104
O02937,28-10-2025,C111
O02938,01-08-2025,C263
O02939,24-05-2025,C165
O02940,02-02-2025,C062
O02941,14-09-2025,C019
O02942,10-01-2025,C147
O02943,01-01-2025,C085
O02944,10-02-2025,C226
O02945,07-03-2025,C065
O02946,09-09-2025,C019
O02947,19-10-2025,C291
O02948,13-02-2025,C021
O02949,23-03-2025,C039
O02950,02-07-2025,C090
O02951,02-07-2025,C204
O02952,28-08-2025,C175
O02953,16-12-2025,C220
O02954,10-09-2025,C121
O02955,24-02-2025,C250
O02956,10-08-2025,C108
O02957,22-09-2025,C073
O02958,29-12-2025,C194
O02959,07-01-2025,C247
O02960,17-12-2025,C077
O02961,22-11-2025,C176
O02962,07-07-2025,C294
O02963,13-01-2025,C177
O02964,11-03-2025,C090
O02965,14-11-2025,C187
O02966,25-06-2025,C071
O02967,16-04-2025,C043
O02968,04-07-2025,C241
O02969,18-08-2025,C261
O02970,19-04-2025,C132
O02971,30-04-2025,C098
O02972,23-11-2025,C187
O02973,17-11-2025,C020
O02974,06-08-2025,C127
O02975,18-10-2025,C232
O02976,13-03-2025,C247
O02977,20-05-2025,C158
O02978,26-07-2025,C274
O02979,28-07-2025,C268
O02980,08-07-2025,C106
O02981,14-08-2025,C094
O02982,26-11-2025,C215
O02983,28-01-2025,C291
O02984,04-04-2025,C090
O02985,01-12-2025,C245
O02986,13-03-2025,C216
O02987,09-06-2025,C092
O02988,24-12-2025,C170
O02989,21-06-2025,C093
O02990,02-02-2025,C197
O02991,11-02-2025,C137
O02992,27-11-2025,C181
O02993,26-07-2025,C097
O02994,05-01-2025,C025
O02995,15-06-2025,C205
O02996,14-11-2025,C003
O02997,28-06-2025,C025
O02998,24-05-2025,C152
O02999,13-04-2025,C078
O03000,23-11-2025,C092
O03001,05-05-2025,C186
O03002,14-04-2025,C284
O03003,03-06-2025,C286
O03004,08-10-2025,C245
O03005,04-04-2025,C239
O03006,12-08-2025,C060
O03007,24-04-2025,C117
O03008,02-05-2025,C077
O03009,20-12-2025,C079
O03010,14-02-2025,C094
O03011,21-02-2025,C022
O03012,21-10-2025,C111
O03013,22-09-2025,C181
O03014,11-01-2025,C044
O03015,25-02-2025,C290
O03016,19-02-2025,C257
O03017,28-09-2025,C070
O03018,12-12-2025,C165
O03019,27-06-2025,C080
O03020,12-10-2025,C285
O03021,21-08-2025,C144
O03022,14-10-2025,C041
O03023,17-05-2025,C209
O03024,29-10-2025,C010
O03025,23-06-2025,C038
O03026,21-10-2025,C096
O03027,21-06-2025,C099
O03028,15-09-2025,C008
O03029,28-06-2025,C277
O03030,26-04-2025,C085
O03031,04-05-2025,C129
O03032,13-11-2025,C113
O03033,09-07-2025,C173
O03034,20-06-2025,C123
O03035,21-07-2025,C002
O03036,10-03-2025,C037
O03037,24-03-2025,C055
O03038,25-08-2025,C124
O03039,03-11-2025,C228
O03040,28-07-2025,C120
O03041,28-11-2025,C297
O03042,06-03-2025,C213
O03043,28-01-2025,C195
O03044,11-07-2025,C175
O03045,01-11-2025,C162
O03046,29-07-2025,C058
O03047,17-10-2025,C199
O03048,27-09-2025,C087
O03049,21-03-2025,C175
O03050,22-05-2025,C238
O03051,22-04-2025,C052
O03052,11-08-2025,C085
O03053,14-10-2025,C186
O03054,27-02-2025,C289
O03055,01-10-2025,C281
O03056,05-12-2025,C216
O03057,21-05-2025,C135
O03058,04-12-2025,C264
O03059,04-09-2025,C255
O03060,11-02-2025,C030
O03061,20-09-2025,C003
O03062,18-05-2025,C297
O03063,07-10-2025,C035
O03064,27-04-2025,C197
O03065,25-04-2025,C281
O03066,20-12-2025,C160
O03067,02-08-2025,C063
O03068,13-02-2025,C287
O03069,21-01-2025,C237
O03070,30-05-2025,C145
O03071,07-01-2025,C106
O03072,22-11-2025,C226
O03073,13-07-2025,C126
O03074,29-06-2025,C289
O03075,05-11-2025,C217
O03076,07-12-2025,C055
O03077,15-07-2025,C039
O03078,09-08-2025,C256
O03079,26-01-2025,C160
O03080,24-12-2025,C094
O03081,05-03-2025,C105
O03082,08-02-2025,C273
O03083,07-06-2025,C265
O03084,15-04-2025,C235
O03085,01-03-2025,C199
O03086,21-08-2025,C174
O03087,02-05-2025,C217
O03088,08-05-2025,C261
O03089,29-11-2025,C130
O03090,01-11-2025,C200
O03091,26-12-2025,C068
O03092,04-08-2025,C238
O03093,08-10-2025,C168
O03094,30-09-2025,C190
O03095,13-03-2025,C046
O03096,12-06-2025,C228
O03097,14-08-2025,C113
O03098,18-12-2025,C041
O03099,02-07-2025,C100
O03100,11-03-2025,C199
O03101,16-12-2025,C113
O03102,23-10-2025,C108
O03103,18-06-2025,C127
O03104,02-05-2025,C187
O03105,10-10-2025,C017
O03106,10-10-2025,C079
O03107,30-05-2025,C004
O03108,12-01-2025,C209
O03109,29-09-2025,C255
O03110,22-01-2025,C096
O03111,21-08-2025,C153
O03112,01-08-2025,C061
O03113,30-12-2025,C204
O03114,27-03-2025,C300
O03115,08-02-2025,C153
O03116,03-04-2025,C082
O03117,30-03-2025,C263
O03118,13-07-2025,C075
O03119,17-12-2025,C122
O03120,18-12-2025,C021
O03121,18-07-2025,C094
O03122,28-02-2025,C187
O03123,28-02-2025,C225
O03124,18-09-2025,C083
O03125,09-08-2025,C039
O03126,30-04-2025,C039
O03127,02-11-2025,C143
O03128,25-05-2025,C182
O03129,24-01-2025,C069
O03130,24-11-2025,C088
O03131,03-12-2025,C288
O03132,04-07-2025,C216
O03133,20-02-2025,C206
O03134,11-05-2025,C232
O03135,15-04-2025,C173
O03136,26-04-2025,C048
O03137,25-10-2025,C253
O03138,25-11-2025,C268
O03139,22-05-2025,C128
O03140,15-04-2025,C212
O03141,24-12-2025,C158
O03142,16-04-2025,C059
O03143,29-12-2025,C079
O03144,09-07-2025,C027
O03145,16-05-2025,C050
O03146,23-12-2025,C139
O03147,07-05-2025,C191
O03148,28-04-2025,C075
O03149,26-09-2025,C010
O03150,24-06-2025,C159
O03151,13-11-2025,C141
O03152,22-01-2025,C227
O03153,20-06-2025,C296
O03154,01-02-2025,C127
O03155,05-11-2025,C149
O03156,24-11-2025,C042
O03157,28-05-2025,C118
O03158,28-11-2025,C183
O03159,18-09-2025,C275
O03160,01-09-2025,C236
O03161,05-06-2025,C063
O03162,16-12-2025,C249
O03163,06-05-2025,C170
O03164,23-11-2025,C008
O03165,23-02-2025,C036
O03166,21-07-2025,C164
O03167,09-10-2025,C260
O03168,07-03-2025,C234
O03169,15-02-2025,C283
O03170,24-12-2025,C243
O03171,16-04-2025,C234
O03172,09-01-2025,C121
O03173,04-10-2025,C194
O03174,15-02-2025,C272
O03175,24-01-2025,C208
O03176,25-12-2025,C189
O03177,25-09-2025,C152
O03178,12-08-2025,C118
O03179,20-01-2025,C028
O03180,04-06-2025,C300
O03181,09-07-2025,C280
O03182,25-09-2025,C111
O03183,03-12-2025,C047
O03184,07-01-2025,C261
O03185,13-05-2025,C177
O03186,05-11-2025,C212
O03187,12-03-2025,C195
O03188,14-07-2025,C145
O03189,18-09-2025,C270
O03190,19-05-2025,C199
O03191,27-09-2025,C254
O03192,01-04-2025,C272
O03193,12-02-2025,C252
O03194,25-02-2025,C254
O03195,29-08-2025,C239
O03196,08-04-2025,C231
O03197,01-09-2025,C159
O03198,13-07-2025,C159
O03199,21-02-2025,C091
O03200,18-10-2025,C061
O03201,24-10-2025,C100
O03202,18-10-2025,C291
O03203,29-01-2025,C113
O03204,20-11-2025,C208
O03205,27-03-2025,C145
O03206,22-11-2025,C178
O03207,22-08-2025,C257
O03208,19-05-2025,C250
O03209,16-09-2025,C265
O03210,04-11-2025,C189
O03211,11-09-2025,C154
O03212,12-09-2025,C133
O03213,21-09-2025,C061
O03214,19-07-2025,C180
O03215,10-09-2025,C029
O03216,22-06-2025,C226
O03217,26-04-2025,C076
O03218,04-08-2025,C002
O03219,26-01-2025,C205
O03220,19-06-2025,C196
O03221,18-05-2025,C273
O03222,08-06-2025,C243
O03223,15-04-2025,C201
O03224,04-02-2025,C232
O03225,20-05-2025,C161
O03226,23-01-2025,C165
O03227,17-10-2025,C224
O03228,07-04-2025,C114
O03229,29-10-2025,C107
O03230,07-11-2025,C226
O03231,25-08-2025,C219
O03232,11-08-2025,C250
O03233,18-06-2025,C167
O03234,01-01-2025,C122
O03235,10-10-2025,C293
O03236,06-10-2025,C032
O03237,22-07-2025,C226
O03238,13-02-2025,C165
O03239,15-02-2025,C108
O03240,18-04-2025,C033
O03241,25-11-2025,C002
O03242,07-09-2025,C160
O03243,18-08-2025,C210
O03244,10-02-2025,C031
O03245,24-05-2025,C155
O03246,14-02-2025,C219
O03247,08-05-2025,C225
O03248,13-09-2025,C124
O03249,08-09-2025,C063
O03250,21-06-2025,C079
O03251,15-06-2025,C225
O03252,14-08-2025,C232
O03253,04-03-2025,C022
O03254,29-10-2025,C042
O03255,20-09-2025,C007
O03256,17-01-2025,C228
O03257,20-08-2025,C068
O03258,19-08-2025,C211
O03259,08-04-2025,C032
O03260,21-02-2025,C153
O03261,29-12-2025,C279
O03262,24-09-2025,C068
O03263,14-03-2025,C250
O03264,23-01-2025,C015
O03265,03-03-2025,C098
O03266,23-07-2025,C084
O03267,04-10-2025,C254
O03268,13-07-2025,C213
O03269,24-08-2025,C063
O03270,15-03-2025,C197
O03271,21-06-2025,C159
O03272,18-11-2025,C080
O03273,12-03-2025,C054
O03274,26-06-2025,C204
O03275,04-10-2025,C134
O03276,26-01-2025,C272
O03277,04-05-2025,C268
O03278,23-10-2025,C210
O03279,05-04-2025,C272
O03280,14-08-2025,C098
O03281,24-11-2025,C261
O03282,08-05-2025,C166
O03283,09-07-2025,C219
O03284,03-09-2025,C246
O03285,07-07-2025,C212
O03286,02-12-2025,C126
O03287,03-04-2025,C092
O03288,20-06-2025,C203
O03289,28-12-2025,C175
O03290,04-02-2025,C105
O03291,29-05-2025,C004
O03292,04-08-2025,C272
O03293,15-01-2025,C125
O03294,22-05-2025,C062
O03295,14-01-2025,C219
O03296,23-09-2025,C196
O03297,02-04-2025,C290
O03298,02-12-2025,C228
O03299,12-06-2025,C281
O03300,25-10-2025,C208
O03301,02-03-2025,C067
O03302,03-03-2025,C007
O03303,18-10-2025,C077
O03304,14-01-2025,C240
O03305,01-09-2025,C055
O03306,10-01-2025,C198
O03307,09-05-2025,C118
O03308,16-08-2025,C007
O03309,18-01-2025,C046
O03310,21-10-2025,C084
O03311,18-11-2025,C133
O03312,26-04-2025,C083
O03313,11-10-2025,C115
O03314,06-09-2025,C257
O03315,08-12-2025,C256
O03316,05-04-2025,C208
O03317,20-09-2025,C145
O03318,31-05-2025,C168
O03319,04-08-2025,C051
O03320,14-10-2025,C287
O03321,16-12-2025,C259
O03322,15-12-2025,C269
O03323,29-08-2025,C074
O03324,04-11-2025,C182
O03325,27-07-2025,C042
O03326,02-01-2025,C214
O03327,06-08-2025,C220
O03328,30-10-2025,C122
O03329,27-08-2025,C074
O03330,23-11-2025,C196
O03331,19-01-2025,C194
O03332,31-03-2025,C295
O03333,30-06-2025,C299
O03334,11-09-2025,C160
O03335,02-05-2025,C164
O03336,12-09-2025,C135
O03337,19-12-2025,C069
O03338,04-07-2025,C031
O03339,15-03-2025,C051
O03340,13-06-2025,C300
O03341,20-05-2025,C073
O03342,04-01-2025,C167
O03343,01-09-2025,C195
O03344,31-07-2025,C202
O03345,18-03-2025,C233
O03346,12-02-2025,C059
O03347,19-01-2025,C200
O03348,22-04-2025,C099
O03349,30-11-2025,C174
O03350,05-05-2025,C092
O03351,18-09-2025,C048
O03352,29-10-2025,C272
O03353,21-08-2025,C205
O03354,15-01-2025,C019
O03355,13-05-2025,C290
O03356,15-11-2025,C126
O03357,09-06-2025,C273
O03358,03-01-2025,C177
O03359,25-01-2025,C056
O03360,15-11-2025,C200
O03361,13-06-2025,C096
O03362,28-08-2025,C145
O03363,25-07-2025,C153
O03364,24-04-2025,C256
O03365,17-08-2025,C106
O03366,24-03-2025,C174
O03367,08-04-2025,C249
O03368,07-05-2025,C015
O03369,07-08-2025,C172
O03370,12-02-2025,C043
O03371,20-05-2025,C072
O03372,03-11-2025,C081
O03373,17-08-2025,C136
O03374,16-11-2025,C300
O03375,07-11-2025,C080
O03376,03-02-2025,C140
O03377,10-11-2025,C130
O03378,27-11-2025,C127
O03379,26-03-2025,C020
O03380,10-12-2025,C192
O03381,28-06-2025,C121
O03382,23-08-2025,C160
O03383,16-09-2025,C086
O03384,04-11-2025,C051
O03385,10-08-2025,C274
O03386,08-03-2025,C174
O03387,27-07-2025,C157
O03388,20-12-2025,C263
O03389,21-10-2025,C052
O03390,30-07-2025,C143
O03391,12-09-2025,C221
O03392,05-05-2025,C004
O03393,26-07-2025,C089
O03394,29-10-2025,C094
O03395,28-09-2025,C166
O03396,08-12-2025,C260
O03397,10-09-2025,C069
O03398,19-02-2025,C222
O03399,03-04-2025,C195
O03400,03-08-2025,C092
O03401,30-09-2025,C240
O03402,08-06-2025,C091
O03403,31-07-2025,C091
O03404,11-12-2025,C181
O03405,01-09-2025,C251
O03406,08-08-2025,C159
O03407,11-02-2025,C037
O03408,01-07-2025,C042
O03409,24-05-2025,C300
O03410,16-01-2025,C032
O03411,10-04-2025,C271
O03412,30-01-2025,C019
O03413,29-08-2025,C204
O03414,15-02-2025,C164
O03415,16-01-2025,C040
O03416,20-09-2025,C179
O03417,20-03-2025,C196
O03418,04-06-2025,C174
O03419,28-03-2025,C040
O03420,20-04-2025,C177
O03421,19-04-2025,C269
O03422,08-01-2025,C068
O03423,01-01-2025,C225
O03424,30-09-2025,C043
O03425,17-09-2025,C261
O03426,09-08-2025,C099
O03427,28-11-2025,C140
O03428,07-08-2025,C207
O03429,13-06-2025,C222
O03430,21-01-2025,C128
O03431,30-06-2025,C165
O03432,28-03-2025,C031
O03433,04-07-2025,C206
O03434,16-02-2025,C104
O03435,12-06-2025,C128
O03436,07-12-2025,C223
O03437,28-12-2025,C067
O03438,23-02-2025,C250
O03439,25-01-2025,C078
O03440,08-06-2025,C153
O03441,16-11-2025,C260
O03442,26-04-2025,C018
O03443,01-09-2025,C036
O03444,15-05-2025,C045
O03445,16-09-2025,C178
O03446,10-01-2025,C079
O03447,07-08-2025,C036
O03448,12-06-2025,C154
O03449,18-12-2025,C042
O03450,22-06-2025,C093
O03451,24-08-2025,C082
O03452,24-05-2025,C245
O03453,03-03-2025,C233
O03454,19-07-2025,C075
O03455,05-10-2025,C096
O03456,09-02-2025,C122
O03457,29-03-2025,C235
O03458,26-01-2025,C013
O03459,05-04-2025,C243
O03460,20-12-2025,C252
O03461,27-11-2025,C236
O03462,27-09-2025,C210
O03463,15-11-2025,C235
O03464,10-05-2025,C186
O03465,16-06-2025,C242
O03466,18-07-2025,C195
O03467,23-06-2025,C230
O03468,04-05-2025,C208
O03469,11-07-2025,C151
O03470,03-07-2025,C192
O03471,22-05-2025,C124
O03472,20-02-2025,C182
O03473,05-04-2025,C213
O03474,08-10-2025,C046
O03475,04-12-2025,C253
O03476,31-05-2025,C059
O03477,29-12-2025,C166
O03478,30-06-2025,C285
O03479,31-05-2025,C083
O03480,09-03-2025,C268
O03481,22-02-2025,C016
O03482,10-02-2025,C225
O03483,09-04-2025,C023
O03484,16-10-2025,C191
O03485,10-04-2025,C161
O03486,28-04-2025,C300
O03487,16-10-2025,C190
O03488,19-03-2025,C277
O03489,05-05-2025,C184
O03490,23-02-2025,C050
O03491,05-12-2025,C133
O03492,17-05-2025,C283
O03493,21-04-2025,C148
O03494,10-10-2025,C032
O03495,03-10-2025,C250
O03496,14-02-2025,C235
O03497,15-03-2025,C154
O03498,15-03-2025,C026
O03499,22-04-2025,C274
O03500,28-09-2025,C067
O03501,16-10-2025,C137
O03502,27-11-2025,C218
O03503,22-11-2025,C106
O03504,22-11-2025,C110
O03505,19-02-2025,C273
O03506,10-08-2025,C239
O03507,05-08-2025,C130
O03508,29-09-2025,C146
O03509,04-10-2025,C289
O03510,03-01-2025,C071
O03511,08-08-2025,C047
O03512,15-06-2025,C218
O03513,12-11-2025,C199
O03514,17-07-2025,C119
O03515,29-08-2025,C179
O03516,08-10-2025,C030
O03517,28-04-2025,C107
O03518,28-04-2025,C176
O03519,15-06-2025,C278
O03520,11-05-2025,C175
O03521,29-09-2025,C159
O03522,08-12-2025,C170
O03523,24-07-2025,C199
O03524,29-11-2025,C069
O03525,03-07-2025,C182
O03526,18-02-2025,C104
O03527,04-04-2025,C150
O03528,10-08-2025,C050
O03529,18-09-2025,C036
O03530,27-02-2025,C271
O03531,30-09-2025,C249
O03532,18-07-2025,C275
O03533,31-08-2025,C110
O03534,14-05-2025,C088
O03535,23-02-2025,C130
O03536,04-05-2025,C234
O03537,28-07-2025,C238
O03538,02-04-2025,C094
O03539,07-10-2025,C298
O03540,06-04-2025,C154
O03541,09-07-2025,C019
O03542,26-01-2025,C213
O03543,09-08-2025,C182
O03544,10-01-2025,C222
O03545,04-12-2025,C105
O03546,31-03-2025,C113
O03547,25-05-2025,C006
O03548,19-09-2025,C094
O03549,08-09-2025,C261
O03550,19-08-2025,C130
O03551,07-12-2025,C274
O03552,11-10-2025,C200
O03553,21-10-2025,C056
O03554,15-08-2025,C086
O03555,29-06-2025,C132
O03556,30-04-2025,C102
O03557,08-04-2025,C244
O03558,14-06-2025,C084
O03559,05-03-2025,C011
O03560,29-09-2025,C109
O03561,28-04-2025,C032
O03562,21-02-2025,C220
O03563,04-07-2025,C132
O03564,17-11-2025,C006
O03565,04-05-2025,C179
O03566,20-04-2025,C015
O03567,07-07-2025,C218
O03568,07-08-2025,C282
O03569,24-01-2025,C212
O03570,02-09-2025,C006
O03571,23-01-2025,C189
O03572,28-07-2025,C097
O03573,05-05-2025,C225
O03574,11-08-2025,C263
O03575,22-05-2025,C250
O03576,26-04-2025,C222
O03577,06-08-2025,C128
O03578,13-11-2025,C275
O03579,16-08-2025,C274
O03580,04-05-2025,C104
O03581,19-04-2025,C146
O03582,08-07-2025,C217
O03583,13-05-2025,C260
O03584,11-01-2025,C120
O03585,30-10-2025,C194
O03586,10-08-2025,C088
O03587,16-12-2025,C252
O03588,31-12-2025,C035
O03589,15-11-2025,C265
O03590,03-05-2025,C094
O03591,02-07-2025,C066
O03592,19-03-2025,C238
O03593,25-06-2025,C089
O03594,10-09-2025,C157
O03595,21-03-2025,C205
O03596,21-09-2025,C129
O03597,18-05-2025,C219
O03598,04-05-2025,C137
O03599,13-10-2025,C143
O03600,04-04-2025,C292
O03601,14-04-2025,C216
O03602,21-06-2025,C120
O03603,03-05-2025,C284
O03604,24-09-2025,C239
O03605,25-10-2025,C206
O03606,22-08-2025,C075
O03607,09-01-2025,C139
O03608,11-09-2025,C201
O03609,03-04-2025,C122
O03610,21-09-2025,C037
O03611,07-10-2025,C023
O03612,30-03-2025,C220
O03613,29-10-2025,C286
O03614,08-09-2025,C046
O03615,08-08-2025,C048
O03616,30-05-2025,C156
O03617,31-10-2025,C125
O03618,05-11-2025,C098
O03619,28-08-2025,C274
O03620,28-07-2025,C164
O03621,23-12-2025,C242
O03622,22-06-2025,C223
O03623,02-03-2025,C110
O03624,14-07-2025,C012
O03625,26-11-2025,C156
O03626,16-02-2025,C248
O03627,25-06-2025,C249
O03628,11-08-2025,C122
O03629,29-04-2025,C237
O03630,19-03-2025,C207
O03631,31-12-2025,C234
O03632,08-05-2025,C052
O03633,29-03-2025,C028
O03634,17-10-2025,C001
O03635,05-02-2025,C129
O03636,09-08-2025,C009
O03637,03-06-2025,C057
O03638,22-08-2025,C210
O03639,10-02-2025,C144
O03640,06-09-2025,C212
O03641,26-05-2025,C169
O03642,29-03-2025,C027
O03643,01-09-2025,C061
O03644,05-12-2025,C181
O03645,22-12-2025,C289
O03646,13-04-2025,C271
O03647,02-07-2025,C108
O03648,11-06-2025,C025
O03649,06-03-2025,C279
O03650,29-01-2025,C193
O03651,08-01-2025,C080
O03652,23-04-2025,C147
O03653,06-05-2025,C293
O03654,01-07-2025,C060
O03655,20-12-2025,C293
O03656,10-04-2025,C095
O03657,07-04-2025,C074
O03658,15-01-2025,C062
O03659,14-10-2025,C010
O03660,08-03-2025,C009
O03661,15-11-2025,C172
O03662,29-12-2025,C179
O03663,29-05-2025,C236
O03664,18-08-2025,C165
O03665,31-10-2025,C067
O03666,17-05-2025,C018
O03667,28-03-2025,C086
O03668,15-03-2025,C086
O03669,18-02-2025,C272
O03670,08-02-2025,C144
O03671,02-05-2025,C258
O03672,03-05-2025,C241
O03673,26-11-2025,C258
O03674,09-08-2025,C007
O03675,15-12-2025,C117
O03676,24-04-2025,C106
O03677,08-12-2025,C221
O03678,07-02-2025,C037
O03679,22-08-2025,C148
O03680,27-05-2025,C138
O03681,14-09-2025,C124
O03682,31-07-2025,C287
O03683,11-08-2025,C282
O03684,07-12-2025,C234
O03685,11-06-2025,C099
O03686,19-10-2025,C164
O03687,28-05-2025,C083
O03688,15-01-2025,C163
O03689,26-04-2025,C256
O03690,06-08-2025,C209
O03691,24-10-2025,C091
O03692,21-08-2025,C236
O03693,05-09-2025,C254
O03694,01-08-2025,C209
O03695,10-03-2025,C027
O03696,06-05-2025,C002
O03697,09-09-2025,C085
O03698,06-10-2025,C174
O03699,26-03-2025,C212
O03700,30-11-2025,C270
O03701,18-05-2025,C184
O03702,24-10-2025,C016
O03703,25-01-2025,C147
O03704,08-04-2025,C186
O03705,07-08-2025,C018
O03706,03-04-2025,C224
O03707,16-07-2025,C155
O03708,12-09-2025,C074
O03709,06-08-2025,C032
O03710,03-08-2025,C036
O03711,11-06-2025,C053
O03712,04-09-2025,C247
O03713,27-05-2025,C125
O03714,05-11-2025,C069
O03715,14-03-2025,C140
O03716,22-06-2025,C297
O03717,24-11-2025,C054
O03718,08-03-2025,C267
O03719,08-01-2025,C232
O03720,23-06-2025,C141
O03721,14-08-2025,C269
O03722,13-03-2025,C164
O03723,14-01-2025,C088
O03724,26-07-2025,C103
O03725,09-08-2025,C089
O03726,24-07-2025,C187
O03727,10-02-2025,C294
O03728,16-07-2025,C255
O03729,09-03-2025,C056
O03730,02-10-2025,C235
O03731,18-04-2025,C142
O03732,20-07-2025,C259
O03733,16-01-2025,C208
O03734,13-10-2025,C172
O03735,16-04-2025,C004
O03736,19-02-2025,C013
O03737,04-11-2025,C186
O03738,01-03-2025,C113
O03739,09-01-2025,C228
O03740,23-10-2025,C227
O03741,12-01-2025,C158
O03742,28-09-2025,C209
O03743,03-01-2025,C013
O03744,28-01-2025,C042
O03745,05-09-2025,C054
O03746,22-08-2025,C265
O03747,29-07-2025,C056
O03748,07-06-2025,C231
O03749,14-10-2025,C179
O03750,22-12-2025,C102
O03751,19-05-2025,C103
O03752,25-05-2025,C067
O03753,27-05-2025,C030
O03754,01-06-2025,C075
O03755,12-04-2025,C073
O03756,10-11-2025,C073
O03757,28-04-2025,C108
O03758,10-07-2025,C257
O03759,24-07-2025,C061
O03760,14-06-2025,C090
O03761,01-08-2025,C289
O03762,27-06-2025,C147
O03763,22-04-2025,C097
O03764,26-01-2025,C115
O03765,10-02-2025,C251
O03766,03-10-2025,C172
O03767,30-10-2025,C265
O03768,10-04-2025,C062
O03769,13-05-2025,C099
O03770,09-07-2025,C167
O03771,01-03-2025,C013
O03772,31-07-2025,C038
O03773,17-12-2025,C217
O03774,10-10-2025,C246
O03775,08-10-2025,C171
O03776,25-01-2025,C255
O03777,20-07-2025,C244
O03778,20-06-2025,C094
O03779,01-05-2025,C107
O03780,06-11-2025,C207
O03781,07-07-2025,C110
O03782,16-04-2025,C073
O03783,02-06-2025,C099
O03784,23-06-2025,C063
O03785,23-06-2025,C034
O03786,02-04-2025,C101
O03787,04-03-2025,C199
O03788,12-02-2025,C192
O03789,06-04-2025,C278
O03790,21-08-2025,C214
O03791,25-05-2025,C185
O03792,18-03-2025,C095
O03793,28-04-2025,C286
O03794,03-01-2025,C014
O03795,25-12-2025,C191
O03796,27-06-2025,C168
O03797,27-02-2025,C095
O03798,24-05-2025,C154
O03799,08-04-2025,C161
O03800,21-02-2025,C136
O03801,10-10-2025,C148
O03802,01-11-2025,C071
O03803,16-06-2025,C297
O03804,12-02-2025,C297
O03805,07-12-2025,C160
O03806,17-09-2025,C064
O03807,17-11-2025,C100
O03808,05-05-2025,C242
O03809,09-01-2025,C081
O03810,12-06-2025,C241
O03811,28-12-2025,C067
O03812,27-06-2025,C168
O03813,23-09-2025,C029
O03814,15-03-2025,C206
O03815,01-04-2025,C261
O03816,10-02-2025,C237
O03817,25-01-2025,C076
O03818,13-04-2025,C240
O03819,25-04-2025,C228
O03820,10-09-2025,C122
O03821,14-08-2025,C198
O03822,23-11-2025,C251
O03823,11-09-2025,C192
O03824,24-03-2025,C289
O03825,06-03-2025,C104
O03826,13-08-2025,C261
O03827,01-11-2025,C279
O03828,01-11-2025,C163
O03829,03-02-2025,C069
O03830,08-05-2025,C068
O03831,02-06-2025,C003
O03832,28-09-2025,C212
O03833,19-01-2025,C241
O03834,01-06-2025,C132
O03835,27-06-2025,C110
O03836,14-02-2025,C165
O03837,25-12-2025,C129
O03838,03-06-2025,C184
O03839,14-02-2025,C190
O03840,04-08-2025,C138
O03841,25-05-2025,C170
O03842,31-08-2025,C249
O03843,29-12-2025,C144
O03844,15-01-2025,C120
O03845,12-09-2025,C256
O03846,26-02-2025,C278
O03847,26-08-2025,C188
O03848,27-08-2025,C172
O03849,26-11-2025,C219
O03850,10-07-2025,C263
O03851,22-04-2025,C141
O03852,25-11-2025,C204
O03853,17-11-2025,C166
O03854,08-01-2025,C198
O03855,30-12-2025,C171
O03856,26-07-2025,C146
O03857,20-07-2025,C153
O03858,10-04-2025,C276
O03859,23-02-2025,C232
O03860,15-01-2025,C003
O03861,05-02-2025,C116
O03862,23-11-2025,C146
O03863,04-05-2025,C211
O03864,07-06-2025,C275
O03865,29-10-2025,C038
O03866,10-02-2025,C084
O03867,29-04-2025,C052
O03868,24-06-2025,C197
O03869,30-10-2025,C273
O03870,22-02-2025,C143
O03871,26-12-2025,C196
O03872,22-11-2025,C024
O03873,17-06-2025,C249
O03874,20-07-2025,C227
O03875,22-11-2025,C085
O03876,19-10-2025,C149
O03877,13-04-2025,C221
O03878,02-06-2025,C061
O03879,23-10-2025,C043
O03880,20-03-2025,C278
O03881,13-06-2025,C295
O03882,26-02-2025,C059
O03883,25-08-2025,C289
O03884,23-05-2025,C185
O03885,07-02-2025,C167
O03886,07-09-2025,C004
O03887,27-12-2025,C063
O03888,28-09-2025,C155
O03889,25-06-2025,C244
O03890,18-07-2025,C170
O03891,03-01-2025,C185
O03892,28-03-2025,C040
O03893,10-01-2025,C061
O03894,07-04-2025,C288
O03895,22-11-2025,C056
O03896,15-04-2025,C072
O03897,25-09-2025,C105
O03898,01-03-2025,C010
O03899,18-03-2025,C015
O03900,13-06-2025,C051
O03901,20-11-2025,C026
O03902,04-05-2025,C049
O03903,13-06-2025,C284
O03904,09-01-2025,C210
O03905,27-02-2025,C188
O03906,25-08-2025,C071
O03907,08-09-2025,C148
O03908,26-01-2025,C169
O03909,13-02-2025,C167
O03910,29-06-2025,C061
O03911,15-09-2025,C029
O03912,18-12-2025,C005
O03913,22-09-2025,C011
O03914,29-03-2025,C121
O03915,25-09-2025,C213
O03916,22-09-2025,C046
O03917,23-11-2025,C203
O03918,24-06-2025,C075
O03919,02-03-2025,C205
O03920,16-01-2025,C182
O03921,29-01-2025,C052
O03922,25-05-2025,C218
O03923,23-06-2025,C214
O03924,31-12-2025,C295
O03925,13-09-2025,C059
O03926,19-10-2025,C217
O03927,23-09-2025,C023
O03928,21-07-2025,C102
O03929,01-11-2025,C244
O03930,22-07-2025,C040
O03931,02-11-2025,C209
O03932,11-08-2025,C108
O03933,28-03-2025,C031
O03934,28-12-2025,C101
O03935,17-04-2025,C177
O03936,05-09-2025,C156
O03937,29-05-2025,C225
O03938,31-01-2025,C148
O03939,02-02-2025,C221
O03940,18-12-2025,C282
O03941,03-03-2025,C082
O03942,30-01-2025,C122
O03943,08-05-2025,C297
O03944,22-01-2025,C030
O03945,27-12-2025,C212
O03946,16-09-2025,C292
O03947,23-06-2025,C099
O03948,03-09-2025,C163
O03949,19-02-2025,C136
O03950,01-01-2025,C154
O03951,04-09-2025,C049
O03952,31-01-2025,C236
O03953,29-07-2025,C198
O03954,31-05-2025,C121
O03955,08-11-2025,C011
O03956,28-07-2025,C207
O03957,25-07-2025,C289
O03958,24-08-2025,C163
O03959,22-02-2025,C099
O03960,17-04-2025,C255
O03961,16-01-2025,C200
O03962,25-10-2025,C263
O03963,06-11-2025,C098
O03964,08-10-2025,C138
O03965,13-06-2025,C071
O03966,27-06-2025,C104
O03967,13-11-2025,C124
O03968,28-09-2025,C274
O03969,25-04-2025,C093
O03970,01-10-2025,C217
O03971,26-01-2025,C141
O03972,08-10-2025,C194
O03973,03-06-2025,C113
O03974,12-09-2025,C080
O03975,06-01-2025,C292
O03976,01-01-2025,C153
O03977,24-09-2025,C141
O03978,03-09-2025,C218
O03979,12-09-2025,C115
O03980,11-07-2025,C030
O03981,18-11-2025,C243
O03982,12-02-2025,C060
O03983,03-12-2025,C227
O03984,28-08-2025,C020
O03985,21-12-2025,C011
O03986,15-03-2025,C072
O03987,08-06-2025,C171
O03988,12-06-2025,C264
O03989,15-06-2025,C295
O03990,05-03-2025,C245
O03991,12-11-2025,C020
O03992,12-01-2025,C215
O03993,16-07-2025,C241
O03994,30-06-2025,C090
O03995,13-04-2025,C292
O03996,09-10-2025,C199
O03997,23-11-2025,C099
O03998,25-06-2025,C116
O03999,15-04-2025,C207
O04000,09-12-2025,C083
O04001,22-12-2025,C175
O04002,05-08-2025,C106
O04003,30-01-2025,C128
O04004,16-03-2025,C190
O04005,15-05-2025,C271
O04006,03-04-2025,C244
O04007,24-03-2025,C016
O04008,16-03-2025,C249
O04009,16-08-2025,C191
O04010,06-07-2025,C149
O04011,24-11-2025,C248
O04012,20-07-2025,C195
O04013,23-05-2025,C291
O04014,19-05-2025,C227
O04015,28-02-2025,C117
O04016,14-01-2025,C050
O04017,30-01-2025,C288
O04018,07-09-2025,C060
O04019,18-10-2025,C211
O04020,17-10-2025,C264
O04021,26-06-2025,C197
O04022,31-12-2025,C196
O04023,27-09-2025,C220
O04024,17-02-2025,C068
O04025,26-11-2025,C247
O04026,18-07-2025,C143
O04027,19-11-2025,C212
O04028,18-05-2025,C077
O04029,31-10-2025,C040
O04030,30-10-2025,C020
O04031,26-08-2025,C142
O04032,21-05-2025,C201
O04033,13-12-2025,C118
O04034,23-08-2025,C201
O04035,01-08-2025,C244
O04036,26-07-2025,C244
O04037,15-06-2025,C186
O04038,08-07-2025,C191
O04039,25-10-2025,C025
O04040,22-03-2025,C234
O04041,15-01-2025,C017
O04042,16-12-2025,C215
O04043,18-11-2025,C129
O04044,30-10-2025,C277
O04045,01-08-2025,C101
O04046,09-02-2025,C130
O04047,26-10-2025,C151
O04048,21-05-2025,C091
O04049,25-07-2025,C298
O04050,13-11-2025,C031
O04051,24-12-2025,C270
O04052,25-10-2025,C199
O04053,07-04-2025,C013
O04054,27-12-2025,C234
O04055,19-03-2025,C261
O04056,30-12-2025,C260
O04057,23-11-2025,C104
O04058,10-04-2025,C078
O04059,08-10-2025,C274
O04060,17-02-2025,C284
O04061,09-08-2025,C212
O04062,10-04-2025,C091
O04063,15-02-2025,C123
O04064,06-08-2025,C299
O04065,10-07-2025,C198
O04066,25-08-2025,C260
O04067,20-09-2025,C220
O04068,15-04-2025,C250
O04069,17-10-2025,C158
O04070,06-12-2025,C233
O04071,25-03-2025,C096
O04072,04-08-2025,C040
O04073,12-12-2025,C038
O04074,27-12-2025,C143
O04075,17-01-2025,C224
O04076,04-02-2025,C131
O04077,27-12-2025,C245
O04078,01-06-2025,C088
O04079,19-04-2025,C053
O04080,03-10-2025,C036
O04081,05-11-2025,C070
O04082,09-03-2025,C164
O04083,20-02-2025,C135
O04084,29-09-2025,C134
O04085,24-02-2025,C093
O04086,20-01-2025,C194
O04087,21-12-2025,C055
O04088,27-11-2025,C245
O04089,19-12-2025,C229
O04090,11-10-2025,C152
O04091,02-12-2025,C233
O04092,06-07-2025,C140
O04093,07-11-2025,C006
O04094,07-09-2025,C231
O04095,30-07-2025,C221
O04096,20-03-2025,C217
O04097,16-08-2025,C130
O04098,03-03-2025,C154
O04099,26-04-2025,C230
O04100,19-10-2025,C022
O04101,09-03-2025,C187
O04102,11-08-2025,C130
O04103,06-04-2025,C178
O04104,16-12-2025,C019
O04105,10-06-2025,C238
O04106,30-03-2025,C119
O04107,06-10-2025,C022
O04108,23-05-2025,C033
O04109,22-08-2025,C077
O04110,09-11-2025,C281
O04111,12-03-2025,C022
O04112,20-11-2025,C088
O04113,24-05-2025,C111
O04114,02-10-2025,C075
O04115,17-01-2025,C133
O04116,23-12-2025,C235
O04117,02-12-2025,C246
O04118,17-08-2025,C210
O04119,01-08-2025,C065
O04120,18-05-2025,C108
O04121,02-11-2025,C150
O04122,19-06-2025,C054
O04123,28-06-2025,C116
O04124,04-02-2025,C009
O04125,17-07-2025,C234
O04126,23-02-2025,C006
O04127,12-09-2025,C175
O04128,20-07-2025,C293
O04129,11-08-2025,C293
O04130,18-09-2025,C018
O04131,11-08-2025,C274
O04132,26-01-2025,C297
O04133,04-08-2025,C144
O04134,13-12-2025,C048
O04135,15-06-2025,C056
O04136,08-02-2025,C127
O04137,16-05-2025,C018
O04138,02-02-2025,C121
O04139,08-09-2025,C241
O04140,07-07-2025,C206
O04141,02-01-2025,C091
O04142,08-05-2025,C128
O04143,19-08-2025,C191
O04144,15-07-2025,C272
O04145,21-10-2025,C231
O04146,10-02-2025,C133
O04147,31-10-2025,C176
O04148,17-03-2025,C025
O04149,22-08-2025,C062
O04150,13-02-2025,C243
O04151,17-02-2025,C007
O04152,03-01-2025,C037
O04153,15-10-2025,C016
O04154,17-11-2025,C160
O04155,07-04-2025,C257
O04156,01-09-2025,C045
O04157,30-06-2025,C053
O04158,01-09-2025,C145
O04159,11-01-2025,C087
O04160,12-01-2025,C102
O04161,07-08-2025,C013
O04162,27-09-2025,C158
O04163,08-06-2025,C093
O04164,19-10-2025,C197
O04165,31-12-2025,C085
O04166,25-12-2025,C111
O04167,05-01-2025,C251
O04168,09-04-2025,C215
O04169,10-01-2025,C245
O04170,11-08-2025,C204
O04171,26-03-2025,C014
O04172,07-03-2025,C029
O04173,05-05-2025,C036
O04174,19-06-2025,C077
O04175,28-03-2025,C202
O04176,05-10-2025,C292
O04177,24-04-2025,C240
O04178,16-04-2025,C241
O04179,13-02-2025,C119
O04180,24-09-2025,C129
O04181,02-07-2025,C042
O04182,13-09-2025,C138
O04183,19-01-2025,C201
O04184,12-03-2025,C226
O04185,28-11-2025,C129
O04186,29-04-2025,C047
O04187,31-03-2025,C272
O04188,04-02-2025,C059
O04189,24-12-2025,C139
O04190,09-11-2025,C045
O04191,08-02-2025,C171
O04192,31-08-2025,C108
O04193,11-12-2025,C041
O04194,01-04-2025,C013
O04195,13-02-2025,C052
O04196,22-05-2025,C078
O04197,24-08-2025,C218
O04198,18-01-2025,C248
O04199,31-10-2025,C138
O04200,23-11-2025,C261
O04201,03-12-2025,C235
O04202,10-01-2025,C133
O04203,12-06-2025,C215
O04204,09-01-2025,C197
O04205,06-10-2025,C084
O04206,15-06-2025,C141
O04207,03-06-2025,C143
O04208,31-10-2025,C046
O04209,21-12-2025,C289
O04210,01-03-2025,C041
O04211,17-03-2025,C140
O04212,14-08-2025,C147
O04213,20-11-2025,C152
O04214,23-04-2025,C283
O04215,05-12-2025,C076
O04216,06-06-2025,C025
O04217,25-06-2025,C233
O04218,10-10-2025,C017
O04219,01-05-2025,C048
O04220,31-10-2025,C198
O04221,10-09-2025,C075
O04222,14-09-2025,C144
O04223,24-09-2025,C046
O04224,27-02-2025,C137
O04225,04-02-2025,C042
O04226,21-11-2025,C159
O04227,03-03-2025,C072
O04228,06-02-2025,C098
O04229,30-01-2025,C193
O04230,17-07-2025,C145
O04231,05-03-2025,C001
O04232,28-06-2025,C086
O04233,31-08-2025,C051
O04234,16-12-2025,C250
O04235,23-11-2025,C234
O04236,27-09-2025,C069
O04237,28-12-2025,C161
O04238,23-11-2025,C109
O04239,25-07-2025,C167
O04240,17-07-2025,C076
O04241,20-01-2025,C188
O04242,25-04-2025,C182
O04243,22-09-2025,C119
O04244,17-04-2025,C289
O04245,31-03-2025,C067
O04246,08-07-2025,C062
O04247,06-01-2025,C278
O04248,13-02-2025,C255
O04249,27-04-2025,C028
O04250,17-06-2025,C272
O04251,12-12-2025,C130
O04252,20-12-2025,C188
O04253,27-03-2025,C126
O04254,05-09-2025,C010
O04255,02-01-2025,C149
O04256,16-11-2025,C121
O04257,11-03-2025,C150
O04258,17-11-2025,C115
O04259,03-09-2025,C200
O04260,22-11-2025,C173
O04261,14-02-2025,C260
O04262,05-04-2025,C088
O04263,09-07-2025,C226
O04264,11-10-2025,C094
O04265,09-02-2025,C002
O04266,31-07-2025,C266
O04267,12-07-2025,C103
O04268,29-07-2025,C162
O04269,02-06-2025,C242
O04270,28-11-2025,C071
O04271,10-05-2025,C153
O04272,22-01-2025,C165
O04273,08-10-2025,C189
O04274,15-02-2025,C180
O04275,08-04-2025,C026
O04276,07-10-2025,C239
O04277,10-01-2025,C300
O04278,27-04-2025,C168
O04279,09-07-2025,C097
O04280,07-08-2025,C020
O04281,16-06-2025,C168
O04282,09-03-2025,C111
O04283,31-08-2025,C222
O04284,20-08-2025,C158
O04285,02-07-2025,C230
O04286,18-11-2025,C105
O04287,30-09-2025,C093
O04288,30-12-2025,C004
O04289,13-09-2025,C105
O04290,24-05-2025,C159
O04291,26-08-2025,C029
O04292,14-07-2025,C291
O04293,01-11-2025,C164
O04294,07-09-2025,C180
O04295,26-02-2025,C120
O04296,04-04-2025,C023
O04297,09-10-2025,C215
O04298,22-03-2025,C105
O04299,06-11-2025,C055
O04300,01-07-2025,C280
O04301,10-06-2025,C132
O04302,31-01-2025,C291
O04303,03-01-2025,C091
O04304,20-11-2025,C204
O04305,07-04-2025,C018
O04306,25-09-2025,C168
O04307,04-04-2025,C127
O04308,26-02-2025,C252
O04309,01-11-2025,C099
O04310,18-07-2025,C042
O04311,24-11-2025,C296
O04312,18-06-2025,C205
O04313,17-08-2025,C159
O04314,02-01-2025,C227
O04315,01-07-2025,C185
O04316,16-03-2025,C063
O04317,15-03-2025,C061
O04318,22-05-2025,C172
O04319,06-08-2025,C012
O04320,22-07-2025,C208
O04321,22-12-2025,C237
O04322,08-07-2025,C057
O04323,07-02-2025,C112
O04324,25-09-2025,C001
O04325,30-05-2025,C012
O04326,10-07-2025,C091
O04327,12-11-2025,C035
O04328,29-11-2025,C062
O04329,12-03-2025,C236
O04330,19-06-2025,C068
O04331,21-09-2025,C095
O04332,14-03-2025,C079
O04333,25-08-2025,C125
O04334,02-03-2025,C035
O04335,02-09-2025,C050
O04336,30-01-2025,C251
O04337,04-03-2025,C052
O04338,24-11-2025,C235
O04339,06-06-2025,C013
O04340,01-01-2025,C052
O04341,16-07-2025,C115
O04342,20-11-2025,C111
O04343,18-07-2025,C225
O04344,12-01-2025,C200
O04345,23-01-2025,C139
O04346,19-09-2025,C018
O04347,17-05-2025,C242
O04348,20-10-2025,C284
O04349,20-07-2025,C225
O04350,29-08-2025,C090
O04351,02-08-2025,C008
O04352,16-09-2025,C022
O04353,03-10-2025,C234
O04354,13-04-2025,C080
O04355,28-08-2025,C186
O04356,12-07-2025,C073
O04357,04-09-2025,C266
O04358,17-10-2025,C052
O04359,14-08-2025,C183
O04360,16-07-2025,C265
O04361,21-04-2025,C030
O04362,30-05-2025,C090
O04363,25-09-2025,C204
O04364,25-03-2025,C212
O04365,01-11-2025,C085
O04366,26-11-2025,C074
O04367,03-04-2025,C188
O04368,23-08-2025,C248
O04369,09-11-2025,C001
O04370,05-01-2025,C105
O04371,06-11-2025,C299
O04372,28-09-2025,C072
O04373,26-12-2025,C207
O04374,01-03-2025,C193
O04375,25-12-2025,C223
O04376,30-08-2025,C030
O04377,29-11-2025,C164
O04378,02-03-2025,C300
O04379,09-06-2025,C129
O04380,15-10-2025,C197
O04381,28-08-2025,C183
O04382,22-08-2025,C218
O04383,13-10-2025,C146
O04384,26-12-2025,C016
O04385,19-10-2025,C286
O04386,05-09-2025,C089
O04387,25-12-2025,C051
O04388,12-01-2025,C281
O04389,23-06-2025,C203
O04390,04-10-2025,C094
O04391,22-01-2025,C093
O04392,18-10-2025,C010
O04393,27-09-2025,C173
O04394,17-07-2025,C069
O04395,05-07-2025,C050
O04396,07-04-2025,C186
O04397,22-06-2025,C006
O04398,24-06-2025,C111
O04399,14-10-2025,C201
O04400,26-03-2025,C292
O04401,10-06-2025,C027
O04402,30-06-2025,C035
O04403,06-10-2025,C236
O04404,28-11-2025,C110
O04405,30-07-2025,C203
O04406,24-06-2025,C027
O04407,11-10-2025,C102
O04408,09-11-2025,C299
O04409,27-03-2025,C248
O04410,20-09-2025,C269
O04411,09-10-2025,C289
O04412,07-12-2025,C067
O04413,18-02-2025,C215
O04414,10-01-2025,C131
O04415,18-02-2025,C231
O04416,12-06-2025,C178
O04417,09-04-2025,C029
O04418,21-05-2025,C135
O04419,25-08-2025,C156
O04420,17-06-2025,C182
O04421,22-11-2025,C119
O04422,18-03-2025,C215
O04423,24-01-2025,C299
O04424,23-12-2025,C039
O04425,24-04-2025,C059
O04426,06-08-2025,C236
O04427,04-10-2025,C038
O04428,31-07-2025,C114
O04429,18-08-2025,C152
O04430,02-01-2025,C289
O04431,26-10-2025,C109
O04432,09-03-2025,C091
O04433,03-05-2025,C229
O04434,08-02-2025,C165
O04435,01-08-2025,C181
O04436,19-12-2025,C112
O04437,16-06-2025,C109
O04438,28-06-2025,C210
O04439,14-02-2025,C103
O04440,21-10-2025,C012
O04441,17-07-2025,C164
O04442,01-07-2025,C096
O04443,25-02-2025,C086
O04444,11-03-2025,C140
O04445,12-06-2025,C168
O04446,08-08-2025,C104
O04447,24-12-2025,C238
O04448,22-03-2025,C088
O04449,25-12-2025,C277
O04450,28-12-2025,C144
O04451,26-11-2025,C101
O04452,16-11-2025,C121
O04453,18-02-2025,C060
O04454,15-07-2025,C117
O04455,22-12-2025,C045
O04456,05-09-2025,C087
O04457,11-06-2025,C240
O04458,05-05-2025,C180
O04459,11-08-2025,C031
O04460,25-09-2025,C252
O04461,16-04-2025,C042
O04462,24-05-2025,C093
O04463,14-10-2025,C015
O04464,18-07-2025,C206
O04465,13-12-2025,C196
O04466,08-11-2025,C135
O04467,08-01-2025,C201
O04468,20-02-2025,C079
O04469,15-09-2025,C201
O04470,28-09-2025,C221
O04471,25-08-2025,C193
O04472,25-08-2025,C292
O04473,10-10-2025,C143
O04474,14-05-2025,C196
O04475,29-08-2025,C122
O04476,06-12-2025,C125
O04477,09-02-2025,C158
O04478,26-10-2025,C195
O04479,23-03-2025,C193
O04480,15-02-2025,C175
O04481,28-04-2025,C232
O04482,10-12-2025,C277
O04483,16-02-2025,C156
O04484,27-05-2025,C281
O04485,10-05-2025,C055
O04486,14-06-2025,C247
O04487,10-06-2025,C249
O04488,14-06-2025,C247
O04489,18-04-2025,C038
O04490,22-02-2025,C262
O04491,27-10-2025,C029
O04492,29-06-2025,C280
O04493,22-04-2025,C104
O04494,29-04-2025,C115
O04495,01-04-2025,C087
O04496,23-04-2025,C058
O04497,23-10-2025,C215
O04498,01-10-2025,C214
O04499,18-06-2025,C052
O04500,09-08-2025,C278
O04501,25-11-2025,C158
O04502,22-08-2025,C117
O04503,24-04-2025,C058
O04504,23-11-2025,C066
O04505,11-06-2025,C067
O04506,07-12-2025,C116
O04507,16-11-2025,C187
O04508,23-05-2025,C081
O04509,11-05-2025,C235
O04510,08-11-2025,C145
O04511,26-01-2025,C124
O04512,26-08-2025,C012
O04513,14-10-2025,C096
O04514,28-08-2025,C061
O04515,25-02-2025,C220
O04516,10-04-2025,C042
O04517,07-01-2025,C256
O04518,11-12-2025,C204
O04519,07-05-2025,C064
O04520,23-07-2025,C010
O04521,03-07-2025,C133
O04522,22-08-2025,C009
O04523,16-04-2025,C056
O04524,19-01-2025,C105
O04525,22-09-2025,C155
O04526,17-05-2025,C102
O04527,11-10-2025,C261
O04528,28-06-2025,C061
O04529,21-07-2025,C200
O04530,20-09-2025,C150
O04531,13-04-2025,C170
O04532,30-06-2025,C124
O04533,02-09-2025,C216
O04534,18-11-2025,C051
O04535,01-07-2025,C251
O04536,11-11-2025,C170
O04537,28-05-2025,C097
O04538,27-12-2025,C060
O04539,22-03-2025,C186
O04540,03-04-2025,C300
O04541,30-08-2025,C146
O04542,12-11-2025,C273
O04543,18-01-2025,C235
O04544,30-03-2025,C050
O04545,14-04-2025,C286
O04546,18-05-2025,C095
O04547,26-09-2025,C070
O04548,15-09-2025,C239
O04549,20-03-2025,C257
O04550,02-07-2025,C269
O04551,27-04-2025,C151
O04552,29-06-2025,C227
O04553,11-06-2025,C270
O04554,07-06-2025,C010
O04555,21-06-2025,C280
O04556,21-06-2025,C207
O04557,04-02-2025,C004
O04558,17-06-2025,C108
O04559,08-05-2025,C120
O04560,21-11-2025,C102
O04561,15-12-2025,C032
O04562,12-04-2025,C162
O04563,08-05-2025,C042
O04564,02-03-2025,C203
O04565,09-01-2025,C218
O04566,27-07-2025,C281
O04567,14-02-2025,C036
O04568,28-08-2025,C013
O04569,25-02-2025,C188
O04570,08-07-2025,C006
O04571,26-12-2025,C162
O04572,29-03-2025,C148
O04573,06-05-2025,C190
O04574,16-08-2025,C223
O04575,01-04-2025,C264
O04576,15-09-2025,C063
O04577,17-01-2025,C059
O04578,11-05-2025,C115
O04579,16-05-2025,C063
O04580,05-05-2025,C137
O04581,01-04-2025,C174
O04582,30-12-2025,C202
O04583,11-03-2025,C083
O04584,02-10-2025,C079
O04585,20-11-2025,C278
O04586,07-03-2025,C185
O04587,09-06-2025,C134
O04588,22-08-2025,C014
O04589,23-09-2025,C143
O04590,02-08-2025,C067
O04591,17-12-2025,C207
O04592,26-04-2025,C094
O04593,14-09-2025,C233
O04594,03-02-2025,C219
O04595,18-05-2025,C075
O04596,17-12-2025,C026
O04597,10-07-2025,C074
O04598,16-01-2025,C013
O04599,08-03-2025,C175
O04600,05-05-2025,C145
O04601,29-06-2025,C113
O04602,23-06-2025,C242
O04603,12-10-2025,C169
O04604,20-04-2025,C130
O04605,13-02-2025,C251
O04606,26-06-2025,C095
O04607,17-08-2025,C116
O04608,21-01-2025,C075
O04609,16-07-2025,C228
O04610,20-07-2025,C099
O04611,25-08-2025,C113
O04612,20-07-2025,C005
O04613,28-02-2025,C020
O04614,07-10-2025,C021
O04615,08-11-2025,C098
O04616,23-09-2025,C066
O04617,01-02-2025,C006
O04618,15-11-2025,C171
O04619,05-11-2025,C201
O04620,10-04-2025,C267
O04621,30-01-2025,C107
O04622,07-02-2025,C268
O04623,10-11-2025,C141
O04624,14-08-2025,C274
O04625,22-02-2025,C059
O04626,11-05-2025,C105
O04627,01-05-2025,C067
O04628,14-08-2025,C214
O04629,01-04-2025,C130
O04630,21-10-2025,C175
O04631,14-11-2025,C054
O04632,30-10-2025,C286
O04633,11-10-2025,C003
O04634,20-03-2025,C023
O04635,12-09-2025,C233
O04636,10-09-2025,C176
O04637,18-08-2025,C181
O04638,20-07-2025,C061
O04639,08-08-2025,C146
O04640,18-10-2025,C003
O04641,01-04-2025,C298
O04642,04-01-2025,C028
O04643,02-02-2025,C079
O04644,06-04-2025,C290
O04645,30-12-2025,C150
O04646,20-07-2025,C018
O04647,03-04-2025,C123
O04648,20-10-2025,C287
O04649,19-09-2025,C105
O04650,10-04-2025,C084
O04651,09-02-2025,C106
O04652,27-08-2025,C164
O04653,08-07-2025,C259
O04654,10-06-2025,C142
O04655,04-05-2025,C263
O04656,20-08-2025,C089
O04657,23-11-2025,C134
O04658,30-07-2025,C060
O04659,13-04-2025,C158
O04660,29-10-2025,C264
O04661,24-08-2025,C166
O04662,31-07-2025,C245
O04663,05-11-2025,C056
O04664,18-08-2025,C224
O04665,15-11-2025,C193
O04666,19-11-2025,C064
O04667,25-07-2025,C067
O04668,31-03-2025,C072
O04669,29-12-2025,C025
O04670,25-08-2025,C152
O04671,16-04-2025,C081
O04672,25-12-2025,C257
O04673,20-11-2025,C064
O04674,27-05-2025,C294
O04675,17-11-2025,C145
O04676,16-05-2025,C174
O04677,08-09-2025,C118
O04678,01-02-2025,C085
O04679,06-01-2025,C069
O04680,18-09-2025,C224
O04681,19-09-2025,C059
O04682,20-10-2025,C088
O04683,25-03-2025,C265
O04684,21-12-2025,C100
O04685,31-07-2025,C239
O04686,08-08-2025,C074
O04687,11-04-2025,C209
O04688,03-10-2025,C206
O04689,06-04-2025,C167
O04690,01-08-2025,C176
O04691,24-10-2025,C293
O04692,21-05-2025,C210
O04693,20-08-2025,C010
O04694,21-11-2025,C218
O04695,12-06-2025,C204
O04696,09-07-2025,C267
O04697,11-04-2025,C039
O04698,05-05-2025,C126
O04699,16-11-2025,C060
O04700,16-12-2025,C219
O04701,26-09-2025,C197
O04702,17-07-2025,C228
O04703,01-09-2025,C017
O04704,03-07-2025,C005
O04705,29-07-2025,C079
O04706,20-04-2025,C080
O04707,18-04-2025,C260
O04708,30-08-2025,C208
O04709,18-07-2025,C082
O04710,12-01-2025,C043
O04711,28-10-2025,C016
O04712,17-03-2025,C235
O04713,28-04-2025,C083
O04714,18-01-2025,C212
O04715,23-05-2025,C035
O04716,09-12-2025,C255
O04717,02-11-2025,C239
O04718,26-12-2025,C148
O04719,22-06-2025,C164
O04720,10-07-2025,C139
O04721,16-04-2025,C055
O04722,09-01-2025,C040
O04723,20-03-2025,C107
O04724,11-03-2025,C236
O04725,13-09-2025,C185
O04726,17-10-2025,C079
O04727,02-07-2025,C245
O04728,21-09-2025,C085
O04729,28-11-2025,C049
O04730,13-04-2025,C038
O04731,09-11-2025,C199
O04732,14-11-2025,C104
O04733,23-11-2025,C127
O04734,07-04-2025,C039
O04735,28-03-2025,C043
O04736,10-12-2025,C051
O04737,06-05-2025,C066
O04738,29-11-2025,C029
O04739,16-05-2025,C102
O04740,04-01-2025,C300
O04741,05-12-2025,C244
O04742,17-06-2025,C131
O04743,09-01-2025,C125
O04744,23-06-2025,C044
O04745,22-08-2025,C265
O04746,13-05-2025,C273
O04747,15-08-2025,C031
O04748,27-02-2025,C106
O04749,10-02-2025,C021
O04750,18-11-2025,C010
O04751,24-11-2025,C180
O04752,31-01-2025,C151
O04753,30-03-2025,C100
O04754,01-01-2025,C196
O04755,31-01-2025,C124
O04756,25-04-2025,C011
O04757,18-07-2025,C299
O04758,19-12-2025,C236
O04759,13-04-2025,C218
O04760,26-11-2025,C265
O04761,03-04-2025,C150
O04762,17-06-2025,C274
O04763,15-03-2025,C062
O04764,29-10-2025,C225
O04765,22-10-2025,C159
O04766,30-06-2025,C212
O04767,05-06-2025,C141
O04768,09-06-2025,C186
O04769,22-08-2025,C104
O04770,22-04-2025,C250
O04771,12-05-2025,C028
O04772,08-03-2025,C042
O04773,12-06-2025,C200
O04774,07-01-2025,C223
O04775,25-09-2025,C090
O04776,06-06-2025,C003
O04777,04-05-2025,C063
O04778,28-11-2025,C048
O04779,20-02-2025,C293
O04780,16-08-2025,C186
O04781,13-10-2025,C298
O04782,16-09-2025,C211
O04783,03-04-2025,C170
O04784,18-09-2025,C196
O04785,05-05-2025,C040
O04786,22-11-2025,C128
O04787,04-01-2025,C258
O04788,02-04-2025,C241
O04789,21-11-2025,C255
O04790,30-10-2025,C072
O04791,07-07-2025,C206
O04792,21-08-2025,C247
O04793,29-07-2025,C256
O04794,24-12-2025,C025
O04795,21-04-2025,C234
O04796,05-03-2025,C041
O04797,17-10-2025,C201
O04798,10-02-2025,C106
O04799,25-09-2025,C175
O04800,26-02-2025,C109
O04801,26-06-2025,C191
O04802,09-06-2025,C155
O04803,12-04-2025,C020
O04804,12-03-2025,C197
O04805,30-06-2025,C297
O04806,27-11-2025,C079
O04807,09-11-2025,C043
O04808,31-07-2025,C177
O04809,23-01-2025,C191
O04810,03-03-2025,C092
O04811,10-09-2025,C253
O04812,08-06-2025,C096
O04813,14-08-2025,C228
O04814,19-07-2025,C268
O04815,02-07-2025,C219
O04816,05-12-2025,C205
O04817,12-10-2025,C217
O04818,19-05-2025,C014
O04819,31-07-2025,C043
O04820,24-05-2025,C074
O04821,01-12-2025,C229
O04822,30-03-2025,C107
O04823,30-12-2025,C143
O04824,12-09-2025,C072
O04825,29-09-2025,C220
O04826,08-11-2025,C074
O04827,15-05-2025,C257
O04828,02-11-2025,C093
O04829,19-07-2025,C010
O04830,29-09-2025,C270
O04831,07-01-2025,C251
O04832,18-03-2025,C226
O04833,02-04-2025,C136
O04834,06-07-2025,C085
O04835,31-10-2025,C292
O04836,28-03-2025,C297
O04837,20-07-2025,C213
O04838,06-01-2025,C279
O04839,21-09-2025,C025
O04840,06-11-2025,C009
O04841,08-08-2025,C165
O04842,03-02-2025,C216
O04843,20-11-2025,C143
O04844,25-08-2025,C039
O04845,23-01-2025,C061
O04846,21-06-2025,C148
O04847,08-09-2025,C084
O04848,02-07-2025,C267
O04849,24-10-2025,C114
O04850,18-10-2025,C277
O04851,19-06-2025,C295
O04852,27-11-2025,C165
O04853,29-10-2025,C159
O04854,22-03-2025,C225
O04855,19-04-2025,C257
O04856,09-08-2025,C197
O04857,17-04-2025,C199
O04858,07-12-2025,C224
O04859,06-03-2025,C164
O04860,17-04-2025,C034
O04861,09-09-2025,C173
O04862,12-11-2025,C259
O04863,06-07-2025,C047
O04864,19-12-2025,C169
O04865,07-05-2025,C169
O04866,14-07-2025,C041
O04867,06-11-2025,C295
O04868,21-08-2025,C064
O04869,17-06-2025,C015
O04870,21-09-2025,C005
O04871,15-11-2025,C237
O04872,01-05-2025,C283
O04873,28-03-2025,C241
O04874,16-09-2025,C022
O04875,31-01-2025,C059
O04876,05-12-2025,C100
O04877,15-06-2025,C267
O04878,01-07-2025,C227
O04879,02-12-2025,C078
O04880,06-11-2025,C048
O04881,16-08-2025,C058
O04882,12-11-2025,C069
O04883,10-12-2025,C022
O04884,01-09-2025,C126
O04885,29-05-2025,C261
O04886,16-07-2025,C130
O04887,30-12-2025,C294
O04888,21-11-2025,C116
O04889,20-04-2025,C180
O04890,30-08-2025,C177
O04891,14-08-2025,C025
O04892,06-08-2025,C258
O04893,25-11-2025,C056
O04894,27-06-2025,C033
O04895,14-07-2025,C042
O04896,02-10-2025,C091
O04897,02-01-2025,C002
O04898,07-02-2025,C129
O04899,10-08-2025,C268
O04900,11-12-2025,C198
O04901,11-11-2025,C116
O04902,30-10-2025,C112
O04903,22-05-2025,C206
O04904,12-09-2025,C123
O04905,06-07-2025,C017
O04906,05-12-2025,C137
O04907,09-11-2025,C215
O04908,11-08-2025,C211
O04909,06-07-2025,C201
O04910,15-03-2025,C015
O04911,02-01-2025,C001
O04912,11-07-2025,C265
O04913,22-10-2025,C050
O04914,31-10-2025,C277
O04915,02-06-2025,C253
O04916,18-10-2025,C244
O04917,06-12-2025,C023
O04918,31-05-2025,C071
O04919,08-01-2025,C179
O04920,14-05-2025,C158
O04921,04-02-2025,C242
O04922,16-12-2025,C288
O04923,19-01-2025,C235
O04924,13-05-2025,C046
O04925,08-10-2025,C178
O04926,25-03-2025,C273
O04927,13-06-2025,C143
O04928,05-08-2025,C198
O04929,29-05-2025,C186
O04930,12-05-2025,C141
O04931,19-10-2025,C300
O04932,06-09-2025,C231
O04933,07-01-2025,C213
O04934,26-03-2025,C041
O04935,14-01-2025,C002
O04936,10-07-2025,C004
O04937,05-10-2025,C166
O04938,12-04-2025,C274
O04939,20-01-2025,C232
O04940,15-09-2025,C088
O04941,11-04-2025,C075
O04942,12-08-2025,C036
O04943,06-06-2025,C235
O04944,26-11-2025,C168
O04945,10-04-2025,C103
O04946,09-11-2025,C005
O04947,17-02-2025,C294
O04948,07-11-2025,C269
O04949,28-08-2025,C271
O04950,28-04-2025,C013
O04951,04-07-2025,C294
O04952,17-08-2025,C049
O04953,24-07-2025,C164
O04954,13-06-2025,C098
O04955,11-02-2025,C184
O04956,12-04-2025,C006
O04957,06-03-2025,C080
O04958,15-08-2025,C034
O04959,29-07-2025,C275
O04960,27-01-2025,C188
O04961,25-11-2025,C025
O04962,24-05-2025,C226
O04963,06-03-2025,C167
O04964,29-11-2025,C260
O04965,15-09-2025,C256
O04966,01-07-2025,C259
O04967,27-12-2025,C005
O04968,03-08-2025,C047
O04969,14-10-2025,C147
O04970,19-12-2025,C047
O04971,23-10-2025,C182
O04972,03-07-2025,C295
O04973,02-08-2025,C148
O04974,31-12-2025,C157
O04975,04-09-2025,C289
O04976,01-04-2025,C083
O04977,25-05-2025,C150
O04978,11-05-2025,C021
O04979,11-02-2025,C299
O04980,15-03-2025,C287
O04981,12-04-2025,C070
O04982,14-11-2025,C192
O04983,23-12-2025,C283
O04984,21-07-2025,C285
O04985,01-11-2025,C104
O04986,19-01-2025,C012
O04987,24-06-2025,C125
O04988,19-03-2025,C123
O04989,24-02-2025,C049
O04990,06-07-2025,C212
O04991,30-11-2025,C051
O04992,27-11-2025,C116
O04993,13-06-2025,C101
O04994,19-07-2025,C044
O04995,10-09-2025,C143
O04996,20-01-2025,C226
O04997,03-08-2025,C011
O04998,12-09-2025,C163
O04999,21-06-2025,C261
O05000,15-01-2025,C001
