OrderID,OrderDate,CustomerID,CustomerName,Region,City,ProductID,ProductName,Category,Quantity,UnitPrice,SalesAmount,Discount,Profit
O00001,2025-06-08,C011,Customer 11,Region 6,City 12,P089,Product 89,Category 14,2,220.92,441.84,0,97.93
O00002,2025-07-05,C106,Customer 106,Region 2,City 17,P093,Product 93,Category 3,10,53.85,538.5,20,27.02
O00003,2025-06-03,C145,Customer 145,Region 10,City 26,P004,Product 4,Category 4,6,446.21,2677.26,15,283.09
O00004,2025-10-13,C183,Customer 183,Region 1,City 4,P049,Product 49,Category 4,2,491.59,983.18,20,60.93
O00005,2025-09-15,C259,Customer 259,Region 7,City 20,P066,Product 66,Category 6,5,79.06,395.3,0,20.94
O00006,2025-04-08,C191,Customer 191,Region 5,City 12,P010,Product 10,Category 10,9,293.01,2637.09,15,786.7
O00007,2025-06-26,C074,Customer 74,Region 7,City 15,P028,Product 28,Category 13,10,186.78,1867.8,0,244.81
O00008,2025-04-05,C198,Customer 198,Region 4,City 19,P077,Product 77,Category 2,1,475.01,475.01,5,43.17
O00009,2025-06-18,C074,Customer 74,Region 7,City 15,P085,Product 85,Category 10,8,456.11,3648.88,0,884.67
O00010,2025-03-15,C137,Customer 137,Region 10,City 18,P093,Product 93,Category 3,1,53.85,53.85,15,14.92
O00011,2025-05-11,C278,Customer 278,Region 2,City 9,P018,Product 18,Category 3,5,218.78,1093.9,20,297.99
O00012,2025-10-01,C074,Customer 74,Region 7,City 15,P082,Product 82,Category 7,9,387.7,3489.3,20,387.23
O00013,2025-01-19,C177,Customer 177,Region 8,City 28,P069,Product 69,Category 9,2,386.3,772.6,5,93.38
O00014,2025-05-21,C269,Customer 269,Region 6,City 30,P025,Product 25,Category 10,9,34.77,312.93,0,39.16
O00015,2025-07-10,C159,Customer 159,Region 9,City 10,P045,Product 45,Category 15,1,189.29,189.29,15,20.06
O00016,2025-08-26,C233,Customer 233,Region 2,City 24,P004,Product 4,Category 4,3,446.21,1338.63,0,350.53
O00017,2025-07-07,C255,Customer 255,Region 9,City 16,P069,Product 69,Category 9,2,386.3,772.6,10,83.62
O00018,2025-05-17,C071,Customer 71,Region 3,City 12,P049,Product 49,Category 4,8,491.59,3932.72,20,1109.51
O00019,2025-08-23,C150,Customer 150,Region 8,City 1,P072,Product 72,Category 12,7,27.53,192.71,5,27.3
O00020,2025-01-04,C068,Customer 68,Region 5,City 9,P043,Product 43,Category 13,5,374.4,1872.0,20,557.87
O00021,2025-01-22,C286,Customer 286,Region 10,City 17,P065,Product 65,Category 5,5,194.4,972.0,5,190.46
O00022,2025-05-25,C285,Customer 285,Region 3,City 16,P019,Product 19,Category 4,10,20.62,206.2,0,48.78
O00023,2025-05-01,C235,Customer 235,Region 4,City 26,P093,Product 93,Category 3,4,53.85,215.4,15,43.1
O00024,2025-08-29,C148,Customer 148,Region 1,City 29,P027,Product 27,Category 12,2,273.37,546.74,15,113.86
O00025,2025-02-09,C227,Customer 227,Region 9,City 18,P030,Product 30,Category 15,5,225.39,1126.95,20,121.53
O00026,2025-12-18,C102,Customer 102,Region 7,City 13,P011,Product 11,Category 11,3,48.35,145.05,20,31.0
O00027,2025-05-14,C118,Customer 118,Region 4,City 29,P088,Product 88,Category 13,2,289.01,578.02,15,103.2
O00028,2025-11-09,C076,Customer 76,Region 6,City 17,P079,Product 79,Category 4,9,47.04,423.36,5,42.77
O00029,2025-04-02,C131,Customer 131,Region 7,City 12,P025,Product 25,Category 10,10,34.77,347.7,5,78.82
O00030,2025-10-13,C049,Customer 49,Region 2,City 20,P037,Product 37,Category 7,2,329.5,659.0,15,150.0
O00031,2025-09-13,C290,Customer 290,Region 2,City 21,P080,Product 80,Category 5,3,322.73,968.19,0,166.99
O00032,2025-03-17,C081,Customer 81,Region 7,City 22,P003,Product 3,Category 3,1,436.22,436.22,5,67.01
O00033,2025-02-07,C199,Customer 199,Region 8,City 20,P022,Product 22,Category 7,9,474.2,4267.8,20,397.64
O00034,2025-06-23,C156,Customer 156,Region 2,City 7,P084,Product 84,Category 9,4,410.58,1642.32,20,113.99
O00035,2025-03-29,C117,Customer 117,Region 10,City 28,P100,Product 100,Category 10,7,118.57,829.99,5,241.29
O00036,2025-12-04,C033,Customer 33,Region 1,City 4,P031,Product 31,Category 1,3,69.9,209.7,0,11.31
O00037,2025-11-15,C175,Customer 175,Region 4,City 26,P091,Product 91,Category 1,4,338.65,1354.6,20,378.4
O00038,2025-08-24,C158,Customer 158,Region 9,City 9,P056,Product 56,Category 11,3,261.99,785.97,10,128.66
O00039,2025-10-03,C260,Customer 260,Region 3,City 21,P017,Product 17,Category 2,5,373.36,1866.8,15,454.23
O00040,2025-09-05,C181,Customer 181,Region 4,City 2,P040,Product 40,Category 10,9,456.29,4106.61,5,981.11
O00041,2025-06-26,C210,Customer 210,Region 7,City 1,P038,Product 38,Category 8,10,30.8,308.0,20,89.83
O00042,2025-04-11,C135,Customer 135,Region 2,City 16,P058,Product 58,Category 13,6,201.63,1209.78,5,116.41
O00043,2025-01-26,C128,Customer 128,Region 2,City 9,P082,Product 82,Category 7,3,387.7,1163.1,20,328.07
O00044,2025-03-02,C124,Customer 124,Region 5,City 5,P094,Product 94,Category 4,2,65.36,130.72,20,8.85
O00045,2025-09-23,C036,Customer 36,Region 9,City 7,P073,Product 73,Category 13,4,98.73,394.92,0,85.89
O00046,2025-07-17,C223,Customer 223,Region 3,City 14,P093,Product 93,Category 3,5,53.85,269.25,20,68.8
O00047,2025-07-28,C204,Customer 204,Region 3,City 25,P032,Product 32,Category 2,1,246.16,246.16,5,60.99
O00048,2025-11-06,C155,Customer 155,Region 3,City 6,P086,Product 86,Category 11,6,371.95,2231.7,20,593.33
O00049,2025-01-05,C021,Customer 21,Region 5,City 22,P083,Product 83,Category 8,1,465.48,465.48,5,54.3
O00050,2025-10-13,C153,Customer 153,Region 1,City 4,P050,Product 50,Category 5,3,464.52,1393.56,5,352.51
O00051,2025-05-11,C030,Customer 30,Region 1,City 1,P057,Product 57,Category 12,1,310.13,310.13,10,36.99
O00052,2025-12-17,C133,Customer 133,Region 4,City 14,P067,Product 67,Category 7,10,245.24,2452.4,5,427.34
O00053,2025-11-25,C271,Customer 271,Region 2,City 2,P064,Product 64,Category 4,3,445.94,1337.82,0,273.61
O00054,2025-10-14,C118,Customer 118,Region 4,City 29,P034,Product 34,Category 4,10,389.34,3893.4,10,349.06
O00055,2025-01-11,C067,Customer 67,Region 1,City 8,P099,Product 99,Category 9,7,154.71,1082.97,20,314.65
O00056,2025-09-05,C152,Customer 152,Region 4,City 3,P049,Product 49,Category 4,7,491.59,3441.13,5,204.09
O00057,2025-10-13,C121,Customer 121,Region 7,City 2,P098,Product 98,Category 8,9,335.46,3019.14,15,900.05
O00058,2025-07-11,C260,Customer 260,Region 3,City 21,P092,Product 92,Category 2,10,134.34,1343.4,20,243.11
O00059,2025-11-13,C172,Customer 172,Region 1,City 23,P095,Product 95,Category 5,2,177.16,354.32,0,44.3
O00060,2025-07-05,C114,Customer 114,Region 5,City 25,P003,Product 3,Category 3,7,436.22,3053.54,5,184.05
O00061,2025-02-18,C045,Customer 45,Region 4,City 16,P015,Product 15,Category 15,8,366.97,2935.76,10,284.51
O00062,2025-08-31,C035,Customer 35,Region 1,City 6,P096,Product 96,Category 6,1,437.68,437.68,10,107.72
O00063,2025-08-08,C049,Customer 49,Region 2,City 20,P057,Product 57,Category 12,1,310.13,310.13,20,51.73
O00064,2025-01-16,C082,Customer 82,Region 6,City 23,P015,Product 15,Category 15,9,366.97,3302.73,5,502.03
O00065,2025-12-22,C096,Customer 96,Region 4,City 7,P023,Product 23,Category 8,1,444.27,444.27,15,129.87
O00066,2025-03-01,C109,Customer 109,Region 8,City 20,P099,Product 99,Category 9,8,154.71,1237.68,5,283.03
O00067,2025-01-21,C275,Customer 275,Region 9,City 6,P091,Product 91,Category 1,10,338.65,3386.5,5,692.59
O00068,2025-06-25,C238,Customer 238,Region 5,City 29,P095,Product 95,Category 5,9,177.16,1594.44,5,149.66
O00069,2025-06-11,C128,Customer 128,Region 2,City 9,P055,Product 55,Category 10,9,215.67,1941.03,15,389.89
O00070,2025-04-21,C082,Customer 82,Region 6,City 23,P093,Product 93,Category 3,6,53.85,323.1,15,50.83
O00071,2025-04-28,C006,Customer 6,Region 9,City 7,P078,Product 78,Category 3,6,382.56,2295.36,0,319.5
O00072,2025-09-12,C252,Customer 252,Region 6,City 13,P056,Product 56,Category 11,8,261.99,2095.92,20,269.62
O00073,2025-06-22,C242,Customer 242,Region 7,City 3,P090,Product 90,Category 15,5,299.19,1495.95,0,118.53
O00074,2025-01-16,C100,Customer 100,Region 1,City 11,P009,Product 9,Category 9,6,154.35,926.1,20,62.38
O00075,2025-05-08,C077,Customer 77,Region 8,City 18,P001,Product 1,Category 1,5,254.75,1273.75,10,70.7
O00076,2025-04-18,C251,Customer 251,Region 1,City 12,P050,Product 50,Category 5,6,464.52,2787.12,5,182.64
O00077,2025-10-28,C171,Customer 171,Region 3,City 22,P089,Product 89,Category 14,1,220.92,220.92,0,45.28
O00078,2025-10-24,C014,Customer 14,Region 7,City 15,P025,Product 25,Category 10,9,34.77,312.93,5,75.82
O00079,2025-06-30,C033,Customer 33,Region 1,City 4,P014,Product 14,Category 14,1,159.28,159.28,15,14.52
O00080,2025-12-02,C174,Customer 174,Region 10,City 25,P093,Product 93,Category 3,4,53.85,215.4,5,56.93
O00081,2025-10-11,C291,Customer 291,Region 4,City 22,P079,Product 79,Category 4,2,47.04,94.08,15,24.65
O00082,2025-07-01,C218,Customer 218,Region 4,City 9,P039,Product 39,Category 9,6,489.97,2939.82,15,212.75
O00083,2025-10-17,C026,Customer 26,Region 7,City 27,P080,Product 80,Category 5,4,322.73,1290.92,15,117.88
O00084,2025-11-27,C027,Customer 27,Region 5,City 28,P050,Product 50,Category 5,5,464.52,2322.6,20,188.94
O00085,2025-05-26,C097,Customer 97,Region 6,City 8,P014,Product 14,Category 14,6,159.28,955.68,0,262.46
O00086,2025-03-23,C116,Customer 116,Region 1,City 27,P063,Product 63,Category 3,6,307.88,1847.28,5,254.42
O00087,2025-09-17,C267,Customer 267,Region 5,City 28,P089,Product 89,Category 14,9,220.92,1988.28,5,366.66
O00088,2025-03-07,C211,Customer 211,Region 9,City 2,P100,Product 100,Category 10,3,118.57,355.71,0,35.49
O00089,2025-06-13,C218,Customer 218,Region 4,City 9,P058,Product 58,Category 13,3,201.63,604.89,15,126.84
O00090,2025-04-26,C124,Customer 124,Region 5,City 5,P073,Product 73,Category 13,10,98.73,987.3,5,55.12
O00091,2025-12-15,C038,Customer 38,Region 4,City 9,P017,Product 17,Category 2,8,373.36,2986.88,10,240.77
O00092,2025-09-30,C272,Customer 272,Region 5,City 3,P001,Product 1,Category 1,8,254.75,2038.0,10,490.96
O00093,2025-08-03,C005,Customer 5,Region 8,City 6,P037,Product 37,Category 7,4,329.5,1318.0,15,276.63
O00094,2025-08-30,C243,Customer 243,Region 10,City 4,P098,Product 98,Category 8,3,335.46,1006.38,10,61.88
O00095,2025-04-09,C012,Customer 12,Region 1,City 13,P026,Product 26,Category 11,8,474.87,3798.96,10,432.41
O00096,2025-06-04,C015,Customer 15,Region 6,City 16,P024,Product 24,Category 9,7,73.05,511.35,20,135.42
O00097,2025-06-20,C115,Customer 115,Region 5,City 26,P005,Product 5,Category 5,7,86.73,607.11,15,137.99
O00098,2025-01-04,C163,Customer 163,Region 5,City 14,P052,Product 52,Category 7,8,409.71,3277.68,10,627.84
O00099,2025-06-28,C282,Customer 282,Region 1,City 13,P073,Product 73,Category 13,9,98.73,888.57,0,153.29
O00100,2025-05-10,C026,Customer 26,Region 7,City 27,P031,Product 31,Category 1,7,69.9,489.3,0,90.56
O00101,2025-09-29,C243,Customer 243,Region 10,City 4,P089,Product 89,Category 14,6,220.92,1325.52,0,141.11
O00102,2025-11-28,C052,Customer 52,Region 4,City 23,P040,Product 40,Category 10,9,456.29,4106.61,20,307.24
O00103,2025-03-08,C042,Customer 42,Region 5,City 13,P085,Product 85,Category 10,2,456.11,912.22,15,143.11
O00104,2025-04-29,C040,Customer 40,Region 3,City 11,P052,Product 52,Category 7,6,409.71,2458.26,0,316.93
O00105,2025-08-22,C276,Customer 276,Region 2,City 7,P032,Product 32,Category 2,9,246.16,2215.44,20,287.45
O00106,2025-09-20,C179,Customer 179,Region 5,City 30,P040,Product 40,Category 10,9,456.29,4106.61,20,665.83
O00107,2025-11-14,C244,Customer 244,Region 3,City 5,P003,Product 3,Category 3,7,436.22,3053.54,0,536.03
O00108,2025-10-18,C146,Customer 146,Region 7,City 27,P062,Product 62,Category 2,1,167.7,167.7,15,28.34
O00109,2025-01-22,C185,Customer 185,Region 10,City 6,P082,Product 82,Category 7,8,387.7,3101.6,5,198.19
O00110,2025-06-09,C253,Customer 253,Region 7,City 14,P065,Product 65,Category 5,8,194.4,1555.2,5,441.08
O00111,2025-10-12,C106,Customer 106,Region 2,City 17,P031,Product 31,Category 1,1,69.9,69.9,0,3.85
O00112,2025-08-10,C270,Customer 270,Region 1,City 1,P056,Product 56,Category 11,7,261.99,1833.93,20,310.55
O00113,2025-12-16,C039,Customer 39,Region 6,City 10,P060,Product 60,Category 15,6,197.8,1186.8,15,90.01
O00114,2025-08-29,C225,Customer 225,Region 7,City 16,P044,Product 44,Category 14,4,37.1,148.4,20,41.76
O00115,2025-09-03,C009,Customer 9,Region 7,City 10,P085,Product 85,Category 10,5,456.11,2280.55,5,636.91
O00116,2025-02-26,C095,Customer 95,Region 7,City 6,P063,Product 63,Category 3,4,307.88,1231.52,5,150.7
O00117,2025-12-01,C093,Customer 93,Region 8,City 4,P081,Product 81,Category 6,3,112.74,338.22,0,89.24
O00118,2025-06-25,C048,Customer 48,Region 10,City 19,P031,Product 31,Category 1,6,69.9,419.4,10,35.08
O00119,2025-07-02,C006,Customer 6,Region 9,City 7,P064,Product 64,Category 4,2,445.94,891.88,10,198.79
O00120,2025-08-20,C046,Customer 46,Region 4,City 17,P017,Product 17,Category 2,3,373.36,1120.08,20,213.52
O00121,2025-12-13,C268,Customer 268,Region 8,City 29,P071,Product 71,Category 11,1,289.19,289.19,15,23.73
O00122,2025-09-14,C286,Customer 286,Region 10,City 17,P037,Product 37,Category 7,7,329.5,2306.5,20,591.29
O00123,2025-11-07,C119,Customer 119,Region 1,City 30,P042,Product 42,Category 12,7,416.99,2918.93,20,853.46
O00124,2025-12-08,C295,Customer 295,Region 2,City 26,P050,Product 50,Category 5,5,464.52,2322.6,10,313.61
O00125,2025-08-29,C173,Customer 173,Region 4,City 24,P066,Product 66,Category 6,10,79.06,790.6,20,61.47
O00126,2025-03-06,C149,Customer 149,Region 9,City 30,P037,Product 37,Category 7,9,329.5,2965.5,20,278.59
O00127,2025-10-25,C033,Customer 33,Region 1,City 4,P068,Product 68,Category 8,6,366.31,2197.86,10,439.78
O00128,2025-11-09,C213,Customer 213,Region 2,City 4,P031,Product 31,Category 1,5,69.9,349.5,20,67.85
O00129,2025-11-21,C042,Customer 42,Region 5,City 13,P057,Product 57,Category 12,9,310.13,2791.17,5,805.34
O00130,2025-02-06,C247,Customer 247,Region 6,City 8,P019,Product 19,Category 4,7,20.62,144.34,0,16.57
O00131,2025-07-24,C166,Customer 166,Region 5,City 17,P008,Product 8,Category 8,5,252.32,1261.6,10,112.52
O00132,2025-01-17,C296,Customer 296,Region 2,City 27,P004,Product 4,Category 4,7,446.21,3123.47,15,482.84
O00133,2025-04-30,C258,Customer 258,Region 5,City 19,P059,Product 59,Category 14,4,348.66,1394.64,5,72.84
O00134,2025-09-22,C274,Customer 274,Region 1,City 5,P049,Product 49,Category 4,4,491.59,1966.36,5,387.08
O00135,2025-05-11,C073,Customer 73,Region 7,City 14,P003,Product 3,Category 3,3,436.22,1308.66,5,227.72
O00136,2025-05-26,C234,Customer 234,Region 8,City 25,P041,Product 41,Category 11,5,267.12,1335.6,0,259.05
O00137,2025-07-03,C296,Customer 296,Region 2,City 27,P002,Product 2,Category 2,6,181.44,1088.64,0,325.65
O00138,2025-04-29,C097,Customer 97,Region 6,City 8,P060,Product 60,Category 15,1,197.8,197.8,10,46.38
O00139,2025-01-12,C270,Customer 270,Region 1,City 1,P081,Product 81,Category 6,4,112.74,450.96,15,129.64
O00140,2025-04-04,C113,Customer 113,Region 8,City 24,P084,Product 84,Category 9,3,410.58,1231.74,10,83.46
O00141,2025-04-30,C275,Customer 275,Region 9,City 6,P011,Product 11,Category 11,3,48.35,145.05,5,14.97
O00142,2025-12-27,C171,Customer 171,Region 3,City 22,P083,Product 83,Category 8,1,465.48,465.48,5,33.81
O00143,2025-08-20,C038,Customer 38,Region 4,City 9,P054,Product 54,Category 9,2,12.91,25.82,15,2.5
O00144,2025-09-01,C070,Customer 70,Region 2,City 11,P049,Product 49,Category 4,3,491.59,1474.77,10,373.08
O00145,2025-03-05,C187,Customer 187,Region 3,City 8,P040,Product 40,Category 10,2,456.29,912.58,10,204.68
O00146,2025-06-11,C221,Customer 221,Region 1,City 12,P048,Product 48,Category 3,7,392.2,2745.4,15,205.4
O00147,2025-02-13,C078,Customer 78,Region 8,City 19,P020,Product 20,Category 5,6,261.28,1567.68,10,353.43
O00148,2025-07-19,C262,Customer 262,Region 3,City 23,P025,Product 25,Category 10,9,34.77,312.93,5,87.79
O00149,2025-03-19,C013,Customer 13,Region 6,City 14,P018,Product 18,Category 3,9,218.78,1969.02,15,465.71
O00150,2025-08-23,C284,Customer 284,Region 8,City 15,P073,Product 73,Category 13,6,98.73,592.38,15,39.88
O00151,2025-12-12,C106,Customer 106,Region 2,City 17,P078,Product 78,Category 3,2,382.56,765.12,10,104.16
O00152,2025-08-11,C093,Customer 93,Region 8,City 4,P025,Product 25,Category 10,1,34.77,34.77,0,3.8
O00153,2025-02-27,C287,Customer 287,Region 1,City 18,P002,Product 2,Category 2,8,181.44,1451.52,0,305.09
O00154,2025-11-30,C001,Customer 1,Region 10,City 2,P067,Product 67,Category 7,7,245.24,1716.68,10,398.26
O00155,2025-04-25,C062,Customer 62,Region 8,City 3,P089,Product 89,Category 14,5,220.92,1104.6,0,297.5
O00156,2025-06-22,C246,Customer 246,Region 10,City 7,P020,Product 20,Category 5,8,261.28,2090.24,10,586.88
O00157,2025-01-03,C106,Customer 106,Region 2,City 17,P010,Product 10,Category 10,9,293.01,2637.09,0,254.03
O00158,2025-03-19,C021,Customer 21,Region 5,City 22,P066,Product 66,Category 6,9,79.06,711.54,10,168.9
O00159,2025-09-29,C154,Customer 154,Region 10,City 5,P078,Product 78,Category 3,3,382.56,1147.68,15,66.91
O00160,2025-12-05,C125,Customer 125,Region 6,City 6,P029,Product 29,Category 14,1,260.21,260.21,0,72.84
O00161,2025-06-04,C250,Customer 250,Region 5,City 11,P061,Product 61,Category 1,10,126.53,1265.3,20,264.22
O00162,2025-08-28,C112,Customer 112,Region 10,City 23,P072,Product 72,Category 12,10,27.53,275.3,15,37.85
O00163,2025-04-09,C165,Customer 165,Region 9,City 16,P002,Product 2,Category 2,9,181.44,1632.96,5,392.58
O00164,2025-02-20,C286,Customer 286,Region 10,City 17,P032,Product 32,Category 2,10,246.16,2461.6,15,133.37
O00165,2025-07-04,C253,Customer 253,Region 7,City 14,P100,Product 100,Category 10,3,118.57,355.71,15,41.62
O00166,2025-04-16,C171,Customer 171,Region 3,City 22,P032,Product 32,Category 2,1,246.16,246.16,20,16.22
O00167,2025-08-17,C060,Customer 60,Region 4,City 1,P097,Product 97,Category 7,3,226.37,679.11,10,198.4
O00168,2025-08-15,C271,Customer 271,Region 2,City 2,P002,Product 2,Category 2,10,181.44,1814.4,15,311.31
O00169,2025-12-04,C052,Customer 52,Region 4,City 23,P095,Product 95,Category 5,10,177.16,1771.6,10,439.77
O00170,2025-02-07,C293,Customer 293,Region 3,City 24,P011,Product 11,Category 11,7,48.35,338.45,15,82.35
O00171,2025-07-03,C049,Customer 49,Region 2,City 20,P064,Product 64,Category 4,10,445.94,4459.4,0,418.83
O00172,2025-12-22,C215,Customer 215,Region 9,City 6,P074,Product 74,Category 14,3,291.07,873.21,5,185.08
O00173,2025-06-20,C035,Customer 35,Region 1,City 6,P005,Product 5,Category 5,8,86.73,693.84,0,199.58
O00174,2025-03-15,C088,Customer 88,Region 5,City 29,P039,Product 39,Category 9,4,489.97,1959.88,20,105.28
O00175,2025-08-30,C087,Customer 87,Region 7,City 28,P083,Product 83,Category 8,6,465.48,2792.88,10,249.04
O00176,2025-02-03,C235,Customer 235,Region 4,City 26,P034,Product 34,Category 4,3,389.34,1168.02,10,318.66
O00177,2025-11-01,C038,Customer 38,Region 4,City 9,P069,Product 69,Category 9,10,386.3,3863.0,20,723.53
O00178,2025-10-06,C253,Customer 253,Region 7,City 14,P021,Product 21,Category 6,4,126.09,504.36,10,149.81
O00179,2025-11-03,C297,Customer 297,Region 8,City 28,P081,Product 81,Category 6,5,112.74,563.7,20,139.37
O00180,2025-06-05,C006,Customer 6,Region 9,City 7,P087,Product 87,Category 12,2,230.44,460.88,0,85.77
O00181,2025-05-02,C257,Customer 257,Region 6,City 18,P100,Product 100,Category 10,9,118.57,1067.13,15,242.84
O00182,2025-05-27,C253,Customer 253,Region 7,City 14,P082,Product 82,Category 7,5,387.7,1938.5,10,178.4
O00183,2025-04-29,C049,Customer 49,Region 2,City 20,P053,Product 53,Category 8,4,434.3,1737.2,20,330.31
O00184,2025-10-23,C126,Customer 126,Region 7,City 7,P060,Product 60,Category 15,8,197.8,1582.4,15,133.41
O00185,2025-03-01,C221,Customer 221,Region 1,City 12,P023,Product 23,Category 8,3,444.27,1332.81,0,248.68
O00186,2025-01-19,C030,Customer 30,Region 1,City 1,P094,Product 94,Category 4,9,65.36,588.24,20,76.17
O00187,2025-09-26,C300,Customer 300,Region 5,City 1,P096,Product 96,Category 6,6,437.68,2626.08,0,698.43
O00188,2025-07-03,C065,Customer 65,Region 3,City 6,P096,Product 96,Category 6,9,437.68,3939.12,5,1072.29
O00189,2025-03-25,C237,Customer 237,Region 1,City 28,P049,Product 49,Category 4,2,491.59,983.18,0,110.3
O00190,2025-07-25,C129,Customer 129,Region 10,City 10,P047,Product 47,Category 2,2,198.11,396.22,10,73.29
O00191,2025-10-07,C137,Customer 137,Region 10,City 18,P027,Product 27,Category 12,6,273.37,1640.22,5,293.76
O00192,2025-09-16,C092,Customer 92,Region 2,City 3,P005,Product 5,Category 5,8,86.73,693.84,10,50.11
O00193,2025-10-11,C019,Customer 19,Region 1,City 20,P073,Product 73,Category 13,4,98.73,394.92,0,84.23
O00194,2025-03-26,C274,Customer 274,Region 1,City 5,P041,Product 41,Category 11,10,267.12,2671.2,20,598.75
O00195,2025-04-05,C080,Customer 80,Region 8,City 21,P085,Product 85,Category 10,6,456.11,2736.66,15,435.31
O00196,2025-06-05,C087,Customer 87,Region 7,City 28,P053,Product 53,Category 8,7,434.3,3040.1,0,478.93
O00197,2025-07-05,C287,Customer 287,Region 1,City 18,P004,Product 4,Category 4,2,446.21,892.42,0,219.44
O00198,2025-01-22,C181,Customer 181,Region 4,City 2,P074,Product 74,Category 14,6,291.07,1746.42,5,295.14
O00199,2025-12-13,C049,Customer 49,Region 2,City 20,P064,Product 64,Category 4,7,445.94,3121.58,5,221.6
O00200,2025-01-29,C083,Customer 83,Region 1,City 24,P017,Product 17,Category 2,6,373.36,2240.16,20,280.03
O00201,2025-03-20,C043,Customer 43,Region 9,City 14,P047,Product 47,Category 2,6,198.11,1188.66,20,294.76
O00202,2025-12-26,C211,Customer 211,Region 9,City 2,P057,Product 57,Category 12,6,310.13,1860.78,0,212.74
O00203,2025-06-04,C136,Customer 136,Region 5,City 17,P063,Product 63,Category 3,5,307.88,1539.4,0,141.93
O00204,2025-07-19,C247,Customer 247,Region 6,City 8,P073,Product 73,Category 13,10,98.73,987.3,20,121.09
O00205,2025-12-06,C113,Customer 113,Region 8,City 24,P085,Product 85,Category 10,5,456.11,2280.55,10,117.51
O00206,2025-05-23,C159,Customer 159,Region 9,City 10,P027,Product 27,Category 12,9,273.37,2460.33,10,716.0
O00207,2025-12-04,C242,Customer 242,Region 7,City 3,P042,Product 42,Category 12,5,416.99,2084.95,5,225.27
O00208,2025-06-28,C005,Customer 5,Region 8,City 6,P061,Product 61,Category 1,4,126.53,506.12,0,25.52
O00209,2025-01-25,C191,Customer 191,Region 5,City 12,P069,Product 69,Category 9,5,386.3,1931.5,5,458.98
O00210,2025-10-22,C230,Customer 230,Region 1,City 21,P039,Product 39,Category 9,9,489.97,4409.73,10,584.33
O00211,2025-01-09,C143,Customer 143,Region 8,City 24,P072,Product 72,Category 12,3,27.53,82.59,20,19.05
O00212,2025-09-05,C105,Customer 105,Region 7,City 16,P083,Product 83,Category 8,1,465.48,465.48,15,114.72
O00213,2025-01-27,C118,Customer 118,Region 4,City 29,P015,Product 15,Category 15,4,366.97,1467.88,10,359.01
O00214,2025-03-27,C011,Customer 11,Region 6,City 12,P066,Product 66,Category 6,9,79.06,711.54,10,81.58
O00215,2025-01-07,C031,Customer 31,Region 5,City 2,P009,Product 9,Category 9,4,154.35,617.4,15,44.68
O00216,2025-07-10,C110,Customer 110,Region 3,City 21,P099,Product 99,Category 9,3,154.71,464.13,0,81.79
O00217,2025-12-16,C196,Customer 196,Region 6,City 17,P018,Product 18,Category 3,2,218.78,437.56,20,106.74
O00218,2025-09-16,C072,Customer 72,Region 9,City 13,P087,Product 87,Category 12,8,230.44,1843.52,10,356.81
O00219,2025-10-20,C040,Customer 40,Region 3,City 11,P017,Product 17,Category 2,4,373.36,1493.44,15,81.72
O00220,2025-06-21,C024,Customer 24,Region 2,City 25,P022,Product 22,Category 7,1,474.2,474.2,15,105.22
O00221,2025-03-01,C048,Customer 48,Region 10,City 19,P002,Product 2,Category 2,7,181.44,1270.08,0,360.49
O00222,2025-06-15,C114,Customer 114,Region 5,City 25,P086,Product 86,Category 11,10,371.95,3719.5,20,1054.89
O00223,2025-11-23,C005,Customer 5,Region 8,City 6,P059,Product 59,Category 14,8,348.66,2789.28,20,458.51
O00224,2025-08-30,C240,Customer 240,Region 5,City 1,P068,Product 68,Category 8,5,366.31,1831.55,0,226.01
O00225,2025-10-31,C151,Customer 151,Region 10,City 2,P018,Product 18,Category 3,4,218.78,875.12,10,96.87
O00226,2025-10-18,C189,Customer 189,Region 9,City 10,P052,Product 52,Category 7,10,409.71,4097.1,0,442.79
O00227,2025-07-16,C144,Customer 144,Region 4,City 25,P090,Product 90,Category 15,1,299.19,299.19,0,57.1
O00228,2025-08-01,C095,Customer 95,Region 7,City 6,P028,Product 28,Category 13,5,186.78,933.9,5,117.62
O00229,2025-01-28,C249,Customer 249,Region 2,City 10,P023,Product 23,Category 8,1,444.27,444.27,15,23.9
O00230,2025-06-10,C166,Customer 166,Region 5,City 17,P088,Product 88,Category 13,8,289.01,2312.08,0,573.5
O00231,2025-04-08,C186,Customer 186,Region 8,City 7,P052,Product 52,Category 7,2,409.71,819.42,10,93.69
O00232,2025-02-05,C293,Customer 293,Region 3,City 24,P076,Product 76,Category 1,8,21.06,168.48,0,27.8
O00233,2025-06-01,C204,Customer 204,Region 3,City 25,P062,Product 62,Category 2,3,167.7,503.1,10,132.04
O00234,2025-12-15,C281,Customer 281,Region 8,City 12,P083,Product 83,Category 8,10,465.48,4654.8,10,376.18
O00235,2025-01-25,C171,Customer 171,Region 3,City 22,P034,Product 34,Category 4,5,389.34,1946.7,15,123.4
O00236,2025-03-23,C061,Customer 61,Region 1,City 2,P056,Product 56,Category 11,2,261.99,523.98,20,44.39
O00237,2025-06-24,C264,Customer 264,Region 2,City 25,P067,Product 67,Category 7,2,245.24,490.48,20,57.8
O00238,2025-09-30,C178,Customer 178,Region 3,City 29,P010,Product 10,Category 10,1,293.01,293.01,5,67.69
O00239,2025-09-17,C062,Customer 62,Region 8,City 3,P052,Product 52,Category 7,4,409.71,1638.84,5,249.95
O00240,2025-12-04,C182,Customer 182,Region 5,City 3,P002,Product 2,Category 2,10,181.44,1814.4,5,153.46
O00241,2025-05-29,C032,Customer 32,Region 4,City 3,P055,Product 55,Category 10,6,215.67,1294.02,10,292.26
O00242,2025-07-13,C248,Customer 248,Region 6,City 9,P068,Product 68,Category 8,8,366.31,2930.48,5,519.17
O00243,2025-09-03,C215,Customer 215,Region 9,City 6,P061,Product 61,Category 1,5,126.53,632.65,15,181.51
O00244,2025-04-07,C058,Customer 58,Region 4,City 29,P012,Product 12,Category 12,4,453.15,1812.6,10,95.31
O00245,2025-10-31,C284,Customer 284,Region 8,City 15,P048,Product 48,Category 3,6,392.2,2353.2,20,537.32
O00246,2025-04-25,C135,Customer 135,Region 2,City 16,P016,Product 16,Category 1,9,29.92,269.28,5,33.71
O00247,2025-05-18,C136,Customer 136,Region 5,City 17,P078,Product 78,Category 3,9,382.56,3443.04,20,839.59
O00248,2025-01-31,C043,Customer 43,Region 9,City 14,P048,Product 48,Category 3,4,392.2,1568.8,0,342.83
O00249,2025-04-27,C107,Customer 107,Region 5,City 18,P013,Product 13,Category 13,8,47.04,376.32,5,42.92
O00250,2025-09-19,C200,Customer 200,Region 3,City 21,P061,Product 61,Category 1,10,126.53,1265.3,5,184.47
O00251,2025-08-17,C107,Customer 107,Region 5,City 18,P072,Product 72,Category 12,4,27.53,110.12,20,25.31
O00252,2025-08-21,C054,Customer 54,Region 10,City 25,P013,Product 13,Category 13,10,47.04,470.4,5,50.47
O00253,2025-07-09,C278,Customer 278,Region 2,City 9,P099,Product 99,Category 9,1,154.71,154.71,20,33.23
O00254,2025-08-05,C286,Customer 286,Region 10,City 17,P024,Product 24,Category 9,3,73.05,219.15,5,19.94
O00255,2025-05-22,C219,Customer 219,Region 1,City 10,P057,Product 57,Category 12,3,310.13,930.39,10,72.94
O00256,2025-07-04,C089,Customer 89,Region 3,City 30,P009,Product 9,Category 9,1,154.35,154.35,0,34.57
O00257,2025-06-04,C073,Customer 73,Region 7,City 14,P054,Product 54,Category 9,7,12.91,90.37,0,7.78
O00258,2025-09-25,C239,Customer 239,Region 2,City 30,P057,Product 57,Category 12,8,310.13,2481.04,15,458.84
O00259,2025-02-22,C091,Customer 91,Region 8,City 2,P021,Product 21,Category 6,4,126.09,504.36,15,31.48
O00260,2025-02-27,C066,Customer 66,Region 5,City 7,P017,Product 17,Category 2,5,373.36,1866.8,10,281.04
O00261,2025-06-14,C204,Customer 204,Region 3,City 25,P035,Product 35,Category 5,3,149.03,447.09,15,86.22
O00262,2025-11-20,C139,Customer 139,Region 8,City 20,P043,Product 43,Category 13,6,374.4,2246.4,10,210.81
O00263,2025-06-24,C297,Customer 297,Region 8,City 28,P026,Product 26,Category 11,4,474.87,1899.48,15,465.18
O00264,2025-11-06,C031,Customer 31,Region 5,City 2,P080,Product 80,Category 5,4,322.73,1290.92,20,75.69
O00265,2025-06-13,C049,Customer 49,Region 2,City 20,P037,Product 37,Category 7,3,329.5,988.5,10,139.56
O00266,2025-03-07,C193,Customer 193,Region 4,City 14,P021,Product 21,Category 6,9,126.09,1134.81,5,81.49
O00267,2025-05-23,C046,Customer 46,Region 4,City 17,P077,Product 77,Category 2,2,475.01,950.02,20,155.8
O00268,2025-05-25,C186,Customer 186,Region 8,City 7,P061,Product 61,Category 1,4,126.53,506.12,10,34.6
O00269,2025-06-17,C100,Customer 100,Region 1,City 11,P028,Product 28,Category 13,9,186.78,1681.02,15,132.46
O00270,2025-01-30,C181,Customer 181,Region 4,City 2,P044,Product 44,Category 14,6,37.1,222.6,10,15.81
O00271,2025-10-19,C214,Customer 214,Region 3,City 5,P039,Product 39,Category 9,6,489.97,2939.82,5,433.97
O00272,2025-04-04,C170,Customer 170,Region 4,City 21,P083,Product 83,Category 8,1,465.48,465.48,15,46.49
O00273,2025-07-06,C058,Customer 58,Region 4,City 29,P026,Product 26,Category 11,6,474.87,2849.22,15,736.95
O00274,2025-01-25,C015,Customer 15,Region 6,City 16,P038,Product 38,Category 8,9,30.8,277.2,10,17.18
O00275,2025-07-01,C192,Customer 192,Region 3,City 13,P097,Product 97,Category 7,4,226.37,905.48,0,242.94
O00276,2025-02-04,C084,Customer 84,Region 9,City 25,P008,Product 8,Category 8,3,252.32,756.96,15,202.11
O00277,2025-07-07,C075,Customer 75,Region 3,City 16,P042,Product 42,Category 12,4,416.99,1667.96,0,384.45
O00278,2025-03-12,C277,Customer 277,Region 10,City 8,P090,Product 90,Category 15,5,299.19,1495.95,0,319.36
O00279,2025-12-27,C207,Customer 207,Region 2,City 28,P024,Product 24,Category 9,2,73.05,146.1,15,17.32
O00280,2025-06-18,C100,Customer 100,Region 1,City 11,P007,Product 7,Category 7,9,451.77,4065.93,15,925.74
O00281,2025-06-25,C187,Customer 187,Region 3,City 8,P078,Product 78,Category 3,10,382.56,3825.6,15,697.55
O00282,2025-02-15,C179,Customer 179,Region 5,City 30,P088,Product 88,Category 13,6,289.01,1734.06,20,489.46
O00283,2025-02-11,C138,Customer 138,Region 2,City 19,P006,Product 6,Category 6,8,65.37,522.96,15,155.38
O00284,2025-05-21,C250,Customer 250,Region 5,City 11,P087,Product 87,Category 12,6,230.44,1382.64,5,129.27
O00285,2025-05-07,C275,Customer 275,Region 9,City 6,P097,Product 97,Category 7,10,226.37,2263.7,0,474.44
O00286,2025-05-12,C276,Customer 276,Region 2,City 7,P094,Product 94,Category 4,9,65.36,588.24,20,52.64
O00287,2025-07-01,C100,Customer 100,Region 1,City 11,P023,Product 23,Category 8,8,444.27,3554.16,10,872.84
O00288,2025-09-07,C123,Customer 123,Region 5,City 4,P009,Product 9,Category 9,9,154.35,1389.15,10,391.87
O00289,2025-09-26,C105,Customer 105,Region 7,City 16,P071,Product 71,Category 11,2,289.19,578.38,0,140.11
O00290,2025-10-19,C240,Customer 240,Region 5,City 1,P015,Product 15,Category 15,7,366.97,2568.79,20,628.65
O00291,2025-12-05,C174,Customer 174,Region 10,City 25,P045,Product 45,Category 15,8,189.29,1514.32,15,147.87
O00292,2025-12-08,C267,Customer 267,Region 5,City 28,P083,Product 83,Category 8,7,465.48,3258.36,0,747.56
O00293,2025-04-28,C141,Customer 141,Region 2,City 22,P018,Product 18,Category 3,6,218.78,1312.68,15,310.02
O00294,2025-07-28,C191,Customer 191,Region 5,City 12,P004,Product 4,Category 4,2,446.21,892.42,15,185.77
O00295,2025-03-24,C032,Customer 32,Region 4,City 3,P075,Product 75,Category 15,4,418.32,1673.28,15,111.95
O00296,2025-03-04,C101,Customer 101,Region 7,City 12,P089,Product 89,Category 14,2,220.92,441.84,0,42.01
O00297,2025-02-01,C161,Customer 161,Region 10,City 12,P001,Product 1,Category 1,3,254.75,764.25,10,152.61
O00298,2025-03-22,C277,Customer 277,Region 10,City 8,P061,Product 61,Category 1,8,126.53,1012.24,20,228.03
O00299,2025-01-06,C107,Customer 107,Region 5,City 18,P034,Product 34,Category 4,8,389.34,3114.72,10,804.69
O00300,2025-08-31,C012,Customer 12,Region 1,City 13,P020,Product 20,Category 5,6,261.28,1567.68,20,264.39
O00301,2025-09-28,C036,Customer 36,Region 9,City 7,P066,Product 66,Category 6,5,79.06,395.3,0,42.26
O00302,2025-11-01,C149,Customer 149,Region 9,City 30,P048,Product 48,Category 3,5,392.2,1961.0,5,462.85
O00303,2025-09-22,C084,Customer 84,Region 9,City 25,P009,Product 9,Category 9,4,154.35,617.4,20,88.78
O00304,2025-03-01,C085,Customer 85,Region 3,City 26,P068,Product 68,Category 8,3,366.31,1098.93,10,251.84
O00305,2025-05-06,C182,Customer 182,Region 5,City 3,P056,Product 56,Category 11,5,261.99,1309.95,0,240.27
O00306,2025-03-22,C159,Customer 159,Region 9,City 10,P048,Product 48,Category 3,9,392.2,3529.8,5,190.32
O00307,2025-06-08,C131,Customer 131,Region 7,City 12,P098,Product 98,Category 8,4,335.46,1341.84,15,147.97
O00308,2025-12-14,C253,Customer 253,Region 7,City 14,P064,Product 64,Category 4,8,445.94,3567.52,20,791.91
O00309,2025-06-14,C181,Customer 181,Region 4,City 2,P046,Product 46,Category 1,3,42.09,126.27,20,16.27
O00310,2025-11-29,C056,Customer 56,Region 10,City 27,P098,Product 98,Category 8,10,335.46,3354.6,5,638.18
O00311,2025-11-01,C251,Customer 251,Region 1,City 12,P056,Product 56,Category 11,1,261.99,261.99,5,27.69
O00312,2025-06-14,C060,Customer 60,Region 4,City 1,P088,Product 88,Category 13,5,289.01,1445.05,10,187.64
O00313,2025-07-23,C262,Customer 262,Region 3,City 23,P011,Product 11,Category 11,7,48.35,338.45,15,69.85
O00314,2025-10-30,C229,Customer 229,Region 2,City 20,P026,Product 26,Category 11,10,474.87,4748.7,15,1339.99
O00315,2025-05-27,C216,Customer 216,Region 9,City 7,P043,Product 43,Category 13,5,374.4,1872.0,0,375.06
O00316,2025-04-10,C239,Customer 239,Region 2,City 30,P056,Product 56,Category 11,7,261.99,1833.93,15,468.22
O00317,2025-07-30,C046,Customer 46,Region 4,City 17,P093,Product 93,Category 3,8,53.85,430.8,20,51.97
O00318,2025-11-11,C105,Customer 105,Region 7,City 16,P025,Product 25,Category 10,9,34.77,312.93,20,61.66
O00319,2025-07-13,C081,Customer 81,Region 7,City 22,P017,Product 17,Category 2,3,373.36,1120.08,20,139.18
O00320,2025-10-21,C118,Customer 118,Region 4,City 29,P097,Product 97,Category 7,3,226.37,679.11,0,135.04
O00321,2025-01-07,C013,Customer 13,Region 6,City 14,P061,Product 61,Category 1,2,126.53,253.06,0,31.19
O00322,2025-08-28,C212,Customer 212,Region 5,City 3,P084,Product 84,Category 9,6,410.58,2463.48,10,276.19
O00323,2025-02-06,C266,Customer 266,Region 10,City 27,P078,Product 78,Category 3,10,382.56,3825.6,15,386.6
O00324,2025-10-08,C182,Customer 182,Region 5,City 3,P024,Product 24,Category 9,10,73.05,730.5,5,215.23
O00325,2025-01-28,C114,Customer 114,Region 5,City 25,P093,Product 93,Category 3,1,53.85,53.85,5,14.75
O00326,2025-01-28,C170,Customer 170,Region 4,City 21,P011,Product 11,Category 11,3,48.35,145.05,15,39.39
O00327,2025-05-06,C142,Customer 142,Region 2,City 23,P019,Product 19,Category 4,5,20.62,103.1,15,15.92
O00328,2025-06-10,C299,Customer 299,Region 8,City 30,P018,Product 18,Category 3,3,218.78,656.34,10,101.76
O00329,2025-03-11,C230,Customer 230,Region 1,City 21,P034,Product 34,Category 4,7,389.34,2725.38,0,144.18
O00330,2025-12-05,C200,Customer 200,Region 3,City 21,P052,Product 52,Category 7,2,409.71,819.42,10,81.39
O00331,2025-10-02,C064,Customer 64,Region 2,City 5,P011,Product 11,Category 11,5,48.35,241.75,5,66.08
O00332,2025-05-04,C298,Customer 298,Region 4,City 29,P091,Product 91,Category 1,3,338.65,1015.95,10,253.11
O00333,2025-02-08,C249,Customer 249,Region 2,City 10,P091,Product 91,Category 1,1,338.65,338.65,15,69.22
O00334,2025-03-27,C221,Customer 221,Region 1,City 12,P029,Product 29,Category 14,10,260.21,2602.1,15,461.65
O00335,2025-06-12,C133,Customer 133,Region 4,City 14,P035,Product 35,Category 5,3,149.03,447.09,0,128.92
O00336,2025-10-07,C183,Customer 183,Region 1,City 4,P022,Product 22,Category 7,7,474.2,3319.4,10,511.91
O00337,2025-10-13,C056,Customer 56,Region 10,City 27,P034,Product 34,Category 4,6,389.34,2336.04,10,204.57
O00338,2025-03-10,C058,Customer 58,Region 4,City 29,P009,Product 9,Category 9,1,154.35,154.35,15,41.26
O00339,2025-05-14,C088,Customer 88,Region 5,City 29,P072,Product 72,Category 12,7,27.53,192.71,15,19.09
O00340,2025-09-19,C086,Customer 86,Region 5,City 27,P093,Product 93,Category 3,7,53.85,376.95,15,58.31
O00341,2025-01-20,C290,Customer 290,Region 2,City 21,P092,Product 92,Category 2,4,134.34,537.36,0,48.53
O00342,2025-03-19,C194,Customer 194,Region 1,City 15,P035,Product 35,Category 5,4,149.03,596.12,15,164.8
O00343,2025-12-29,C109,Customer 109,Region 8,City 20,P067,Product 67,Category 7,10,245.24,2452.4,15,311.74
O00344,2025-03-19,C209,Customer 209,Region 10,City 30,P095,Product 95,Category 5,6,177.16,1062.96,15,77.3
O00345,2025-07-30,C158,Customer 158,Region 9,City 9,P051,Product 51,Category 6,4,16.21,64.84,0,8.29
O00346,2025-10-20,C277,Customer 277,Region 10,City 8,P073,Product 73,Category 13,8,98.73,789.84,0,199.04
O00347,2025-06-12,C014,Customer 14,Region 7,City 15,P004,Product 4,Category 4,8,446.21,3569.68,20,645.75
O00348,2025-12-24,C170,Customer 170,Region 4,City 21,P064,Product 64,Category 4,2,445.94,891.88,15,225.57
O00349,2025-09-11,C175,Customer 175,Region 4,City 26,P100,Product 100,Category 10,9,118.57,1067.13,15,317.61
O00350,2025-09-12,C276,Customer 276,Region 2,City 7,P086,Product 86,Category 11,6,371.95,2231.7,20,286.57
O00351,2025-12-29,C126,Customer 126,Region 7,City 7,P069,Product 69,Category 9,4,386.3,1545.2,20,210.25
O00352,2025-02-20,C003,Customer 3,Region 9,City 4,P070,Product 70,Category 10,10,231.01,2310.1,10,422.41
O00353,2025-11-04,C098,Customer 98,Region 5,City 9,P019,Product 19,Category 4,5,20.62,103.1,10,18.47
O00354,2025-08-12,C218,Customer 218,Region 4,City 9,P006,Product 6,Category 6,1,65.37,65.37,10,9.12
O00355,2025-11-01,C135,Customer 135,Region 2,City 16,P099,Product 99,Category 9,10,154.71,1547.1,5,84.96
O00356,2025-05-15,C279,Customer 279,Region 9,City 10,P003,Product 3,Category 3,6,436.22,2617.32,10,292.53
O00357,2025-10-14,C298,Customer 298,Region 4,City 29,P061,Product 61,Category 1,3,126.53,379.59,10,72.86
O00358,2025-01-11,C035,Customer 35,Region 1,City 6,P079,Product 79,Category 4,4,47.04,188.16,15,41.37
O00359,2025-06-21,C191,Customer 191,Region 5,City 12,P094,Product 94,Category 4,9,65.36,588.24,0,97.15
O00360,2025-10-20,C276,Customer 276,Region 2,City 7,P100,Product 100,Category 10,9,118.57,1067.13,10,197.58
O00361,2025-04-25,C130,Customer 130,Region 3,City 11,P001,Product 1,Category 1,2,254.75,509.5,0,51.53
O00362,2025-09-17,C158,Customer 158,Region 9,City 9,P046,Product 46,Category 1,8,42.09,336.72,20,28.27
O00363,2025-08-08,C030,Customer 30,Region 1,City 1,P007,Product 7,Category 7,4,451.77,1807.08,10,514.94
O00364,2025-01-22,C264,Customer 264,Region 2,City 25,P077,Product 77,Category 2,5,475.01,2375.05,5,217.89
O00365,2025-02-07,C151,Customer 151,Region 10,City 2,P089,Product 89,Category 14,6,220.92,1325.52,20,241.05
O00366,2025-06-09,C295,Customer 295,Region 2,City 26,P044,Product 44,Category 14,2,37.1,74.2,15,8.77
O00367,2025-04-26,C067,Customer 67,Region 1,City 8,P027,Product 27,Category 12,7,273.37,1913.59,5,261.85
O00368,2025-09-28,C041,Customer 41,Region 4,City 12,P093,Product 93,Category 3,2,53.85,107.7,15,7.02
O00369,2025-12-02,C232,Customer 232,Region 2,City 23,P065,Product 65,Category 5,1,194.4,194.4,0,51.7
O00370,2025-08-12,C209,Customer 209,Region 10,City 30,P056,Product 56,Category 11,1,261.99,261.99,20,30.29
O00371,2025-03-29,C020,Customer 20,Region 4,City 21,P001,Product 1,Category 1,8,254.75,2038.0,0,332.64
O00372,2025-07-22,C036,Customer 36,Region 9,City 7,P099,Product 99,Category 9,2,154.71,309.42,20,47.55
O00373,2025-08-25,C129,Customer 129,Region 10,City 10,P043,Product 43,Category 13,7,374.4,2620.8,0,310.03
O00374,2025-07-14,C117,Customer 117,Region 10,City 28,P067,Product 67,Category 7,10,245.24,2452.4,15,351.06
O00375,2025-09-26,C172,Customer 172,Region 1,City 23,P018,Product 18,Category 3,4,218.78,875.12,15,75.81
O00376,2025-10-09,C213,Customer 213,Region 2,City 4,P078,Product 78,Category 3,4,382.56,1530.24,0,212.81
O00377,2025-12-23,C073,Customer 73,Region 7,City 14,P089,Product 89,Category 14,9,220.92,1988.28,5,329.84
O00378,2025-07-21,C175,Customer 175,Region 4,City 26,P078,Product 78,Category 3,6,382.56,2295.36,20,510.51
O00379,2025-06-01,C154,Customer 154,Region 10,City 5,P008,Product 8,Category 8,5,252.32,1261.6,10,263.18
O00380,2025-12-09,C051,Customer 51,Region 10,City 22,P065,Product 65,Category 5,10,194.4,1944.0,5,500.61
O00381,2025-03-25,C073,Customer 73,Region 7,City 14,P057,Product 57,Category 12,1,310.13,310.13,15,92.85
O00382,2025-06-19,C287,Customer 287,Region 1,City 18,P025,Product 25,Category 10,9,34.77,312.93,15,82.17
O00383,2025-01-05,C265,Customer 265,Region 8,City 26,P024,Product 24,Category 9,5,73.05,365.25,5,100.91
O00384,2025-07-07,C179,Customer 179,Region 5,City 30,P082,Product 82,Category 7,3,387.7,1163.1,5,319.14
O00385,2025-04-13,C086,Customer 86,Region 5,City 27,P045,Product 45,Category 15,9,189.29,1703.61,5,263.97
O00386,2025-12-18,C157,Customer 157,Region 2,City 8,P029,Product 29,Category 14,8,260.21,2081.68,5,579.27
O00387,2025-03-12,C103,Customer 103,Region 3,City 14,P044,Product 44,Category 14,6,37.1,222.6,5,47.44
O00388,2025-10-10,C191,Customer 191,Region 5,City 12,P024,Product 24,Category 9,7,73.05,511.35,5,135.18
O00389,2025-02-17,C270,Customer 270,Region 1,City 1,P049,Product 49,Category 4,1,491.59,491.59,5,136.33
O00390,2025-10-13,C148,Customer 148,Region 1,City 29,P084,Product 84,Category 9,6,410.58,2463.48,0,308.27
O00391,2025-11-06,C248,Customer 248,Region 6,City 9,P094,Product 94,Category 4,1,65.36,65.36,0,3.33
O00392,2025-12-30,C190,Customer 190,Region 3,City 11,P079,Product 79,Category 4,7,47.04,329.28,15,94.6
O00393,2025-03-28,C197,Customer 197,Region 10,City 18,P075,Product 75,Category 15,10,418.32,4183.2,0,336.51
O00394,2025-09-21,C139,Customer 139,Region 8,City 20,P047,Product 47,Category 2,1,198.11,198.11,15,47.85
O00395,2025-02-06,C297,Customer 297,Region 8,City 28,P001,Product 1,Category 1,8,254.75,2038.0,15,430.65
O00396,2025-02-23,C122,Customer 122,Region 3,City 3,P034,Product 34,Category 4,6,389.34,2336.04,0,293.41
O00397,2025-11-24,C236,Customer 236,Region 10,City 27,P044,Product 44,Category 14,10,37.1,371.0,0,96.69
O00398,2025-08-30,C056,Customer 56,Region 10,City 27,P076,Product 76,Category 1,5,21.06,105.3,15,24.16
O00399,2025-06-04,C110,Customer 110,Region 3,City 21,P080,Product 80,Category 5,3,322.73,968.19,10,125.4
O00400,2025-12-21,C110,Customer 110,Region 3,City 21,P038,Product 38,Category 8,3,30.8,92.4,5,19.31
O00401,2025-07-10,C258,Customer 258,Region 5,City 19,P098,Product 98,Category 8,10,335.46,3354.6,10,329.23
O00402,2025-09-21,C241,Customer 241,Region 6,City 2,P046,Product 46,Category 1,5,42.09,210.45,5,32.85
O00403,2025-01-23,C107,Customer 107,Region 5,City 18,P096,Product 96,Category 6,2,437.68,875.36,5,183.22
O00404,2025-05-01,C193,Customer 193,Region 4,City 14,P085,Product 85,Category 10,2,456.11,912.22,20,103.27
O00405,2025-08-30,C032,Customer 32,Region 4,City 3,P012,Product 12,Category 12,10,453.15,4531.5,20,273.5
O00406,2025-10-04,C221,Customer 221,Region 1,City 12,P024,Product 24,Category 9,3,73.05,219.15,0,18.22
O00407,2025-09-24,C117,Customer 117,Region 10,City 28,P007,Product 7,Category 7,8,451.77,3614.16,5,850.14
O00408,2025-11-17,C262,Customer 262,Region 3,City 23,P024,Product 24,Category 9,5,73.05,365.25,10,96.33
O00409,2025-07-21,C250,Customer 250,Region 5,City 11,P049,Product 49,Category 4,2,491.59,983.18,15,94.83
O00410,2025-08-25,C171,Customer 171,Region 3,City 22,P070,Product 70,Category 10,6,231.01,1386.06,15,232.8
O00411,2025-04-03,C272,Customer 272,Region 5,City 3,P050,Product 50,Category 5,9,464.52,4180.68,5,855.79
O00412,2025-05-24,C190,Customer 190,Region 3,City 11,P071,Product 71,Category 11,3,289.19,867.57,10,137.92
O00413,2025-02-24,C079,Customer 79,Region 7,City 20,P024,Product 24,Category 9,6,73.05,438.3,0,130.83
O00414,2025-02-27,C257,Customer 257,Region 6,City 18,P095,Product 95,Category 5,5,177.16,885.8,15,229.66
O00415,2025-08-28,C010,Customer 10,Region 6,City 11,P086,Product 86,Category 11,3,371.95,1115.85,5,66.84
O00416,2025-04-01,C274,Customer 274,Region 1,City 5,P007,Product 7,Category 7,1,451.77,451.77,5,128.84
O00417,2025-12-21,C271,Customer 271,Region 2,City 2,P092,Product 92,Category 2,6,134.34,806.04,20,196.63
O00418,2025-10-30,C099,Customer 99,Region 8,City 10,P059,Product 59,Category 14,6,348.66,2091.96,15,374.08
O00419,2025-03-25,C277,Customer 277,Region 10,City 8,P008,Product 8,Category 8,10,252.32,2523.2,15,130.74
O00420,2025-07-23,C179,Customer 179,Region 5,City 30,P008,Product 8,Category 8,2,252.32,504.64,20,150.89
O00421,2025-05-15,C008,Customer 8,Region 10,City 9,P067,Product 67,Category 7,10,245.24,2452.4,10,505.71
O00422,2025-05-25,C067,Customer 67,Region 1,City 8,P033,Product 33,Category 3,10,392.37,3923.7,0,1170.35
O00423,2025-02-06,C074,Customer 74,Region 7,City 15,P017,Product 17,Category 2,5,373.36,1866.8,20,102.23
O00424,2025-03-23,C014,Customer 14,Region 7,City 15,P061,Product 61,Category 1,7,126.53,885.71,10,211.09
O00425,2025-10-22,C034,Customer 34,Region 2,City 5,P033,Product 33,Category 3,8,392.37,3138.96,0,438.86
O00426,2025-09-20,C064,Customer 64,Region 2,City 5,P012,Product 12,Category 12,5,453.15,2265.75,20,170.23
O00427,2025-03-01,C028,Customer 28,Region 1,City 29,P086,Product 86,Category 11,1,371.95,371.95,0,87.06
O00428,2025-01-05,C174,Customer 174,Region 10,City 25,P045,Product 45,Category 15,9,189.29,1703.61,5,148.29
O00429,2025-05-02,C048,Customer 48,Region 10,City 19,P053,Product 53,Category 8,3,434.3,1302.9,0,227.69
O00430,2025-12-25,C206,Customer 206,Region 7,City 27,P012,Product 12,Category 12,10,453.15,4531.5,0,352.92
O00431,2025-10-19,C273,Customer 273,Region 8,City 4,P073,Product 73,Category 13,9,98.73,888.57,20,264.73
O00432,2025-12-28,C265,Customer 265,Region 8,City 26,P046,Product 46,Category 1,2,42.09,84.18,15,10.25
O00433,2025-12-22,C221,Customer 221,Region 1,City 12,P091,Product 91,Category 1,7,338.65,2370.55,5,384.24
O00434,2025-11-05,C005,Customer 5,Region 8,City 6,P100,Product 100,Category 10,3,118.57,355.71,5,30.2
O00435,2025-06-17,C261,Customer 261,Region 5,City 22,P074,Product 74,Category 14,6,291.07,1746.42,10,491.4
O00436,2025-03-12,C249,Customer 249,Region 2,City 10,P010,Product 10,Category 10,9,293.01,2637.09,20,631.5
O00437,2025-05-06,C199,Customer 199,Region 8,City 20,P053,Product 53,Category 8,9,434.3,3908.7,5,456.02
O00438,2025-02-20,C020,Customer 20,Region 4,City 21,P091,Product 91,Category 1,9,338.65,3047.85,15,728.26
O00439,2025-09-03,C065,Customer 65,Region 3,City 6,P083,Product 83,Category 8,9,465.48,4189.32,0,1187.81
O00440,2025-11-04,C108,Customer 108,Region 7,City 19,P007,Product 7,Category 7,6,451.77,2710.62,5,682.79
O00441,2025-09-28,C004,Customer 4,Region 6,City 5,P007,Product 7,Category 7,3,451.77,1355.31,10,185.99
O00442,2025-12-13,C164,Customer 164,Region 3,City 15,P083,Product 83,Category 8,2,465.48,930.96,20,223.55
O00443,2025-08-16,C180,Customer 180,Region 3,City 1,P085,Product 85,Category 10,8,456.11,3648.88,15,1067.47
O00444,2025-10-07,C095,Customer 95,Region 7,City 6,P005,Product 5,Category 5,2,86.73,173.46,0,45.67
O00445,2025-11-26,C054,Customer 54,Region 10,City 25,P055,Product 55,Category 10,1,215.67,215.67,0,55.93
O00446,2025-08-18,C252,Customer 252,Region 6,City 13,P058,Product 58,Category 13,2,201.63,403.26,5,80.5
O00447,2025-09-12,C153,Customer 153,Region 1,City 4,P049,Product 49,Category 4,5,491.59,2457.95,15,428.73
O00448,2025-01-25,C207,Customer 207,Region 2,City 28,P022,Product 22,Category 7,4,474.2,1896.8,20,253.92
O00449,2025-11-29,C144,Customer 144,Region 4,City 25,P050,Product 50,Category 5,6,464.52,2787.12,0,375.98
O00450,2025-10-01,C037,Customer 37,Region 7,City 8,P024,Product 24,Category 9,4,73.05,292.2,10,46.6
O00451,2025-10-31,C073,Customer 73,Region 7,City 14,P063,Product 63,Category 3,8,307.88,2463.04,20,549.87
O00452,2025-08-28,C208,Customer 208,Region 9,City 29,P098,Product 98,Category 8,8,335.46,2683.68,10,478.97
O00453,2025-03-14,C174,Customer 174,Region 10,City 25,P073,Product 73,Category 13,5,98.73,493.65,15,59.5
O00454,2025-10-23,C271,Customer 271,Region 2,City 2,P071,Product 71,Category 11,9,289.19,2602.71,15,424.06
O00455,2025-07-24,C139,Customer 139,Region 8,City 20,P001,Product 1,Category 1,2,254.75,509.5,20,51.91
O00456,2025-01-04,C291,Customer 291,Region 4,City 22,P057,Product 57,Category 12,6,310.13,1860.78,5,469.15
O00457,2025-04-26,C226,Customer 226,Region 4,City 17,P029,Product 29,Category 14,6,260.21,1561.26,10,462.21
O00458,2025-03-03,C156,Customer 156,Region 2,City 7,P058,Product 58,Category 13,3,201.63,604.89,20,37.52
O00459,2025-07-10,C077,Customer 77,Region 8,City 18,P025,Product 25,Category 10,4,34.77,139.08,5,41.6
O00460,2025-09-21,C108,Customer 108,Region 7,City 19,P013,Product 13,Category 13,2,47.04,94.08,15,23.99
O00461,2025-04-11,C009,Customer 9,Region 7,City 10,P070,Product 70,Category 10,7,231.01,1617.07,10,156.1
O00462,2025-09-18,C027,Customer 27,Region 5,City 28,P042,Product 42,Category 12,9,416.99,3752.91,0,766.49
O00463,2025-01-19,C222,Customer 222,Region 8,City 13,P017,Product 17,Category 2,2,373.36,746.72,0,202.53
O00464,2025-06-22,C221,Customer 221,Region 1,City 12,P047,Product 47,Category 2,1,198.11,198.11,10,32.13
O00465,2025-03-13,C130,Customer 130,Region 3,City 11,P051,Product 51,Category 6,2,16.21,32.42,0,5.69
O00466,2025-04-29,C224,Customer 224,Region 6,City 15,P027,Product 27,Category 12,5,273.37,1366.85,15,380.09
O00467,2025-10-05,C058,Customer 58,Region 4,City 29,P050,Product 50,Category 5,1,464.52,464.52,15,59.12
O00468,2025-06-20,C271,Customer 271,Region 2,City 2,P093,Product 93,Category 3,8,53.85,430.8,5,84.62
O00469,2025-11-18,C097,Customer 97,Region 6,City 8,P042,Product 42,Category 12,6,416.99,2501.94,15,473.38
O00470,2025-08-09,C224,Customer 224,Region 6,City 15,P066,Product 66,Category 6,10,79.06,790.6,10,66.18
O00471,2025-04-04,C107,Customer 107,Region 5,City 18,P037,Product 37,Category 7,3,329.5,988.5,15,212.98
O00472,2025-01-26,C296,Customer 296,Region 2,City 27,P091,Product 91,Category 1,8,338.65,2709.2,20,543.42
O00473,2025-01-05,C130,Customer 130,Region 3,City 11,P040,Product 40,Category 10,7,456.29,3194.03,10,337.37
O00474,2025-07-18,C195,Customer 195,Region 1,City 16,P008,Product 8,Category 8,6,252.32,1513.92,10,432.76
O00475,2025-04-21,C126,Customer 126,Region 7,City 7,P097,Product 97,Category 7,9,226.37,2037.33,20,120.22
O00476,2025-03-23,C168,Customer 168,Region 7,City 19,P013,Product 13,Category 13,6,47.04,282.24,15,58.78
O00477,2025-04-23,C024,Customer 24,Region 2,City 25,P071,Product 71,Category 11,10,289.19,2891.9,15,172.09
O00478,2025-05-19,C185,Customer 185,Region 10,City 6,P051,Product 51,Category 6,8,16.21,129.68,0,26.99
O00479,2025-04-06,C155,Customer 155,Region 3,City 6,P065,Product 65,Category 5,4,194.4,777.6,20,225.02
O00480,2025-05-17,C024,Customer 24,Region 2,City 25,P040,Product 40,Category 10,8,456.29,3650.32,10,755.47
O00481,2025-06-19,C189,Customer 189,Region 9,City 10,P077,Product 77,Category 2,3,475.01,1425.03,20,98.56
O00482,2025-05-13,C284,Customer 284,Region 8,City 15,P091,Product 91,Category 1,1,338.65,338.65,0,91.08
O00483,2025-09-07,C092,Customer 92,Region 2,City 3,P086,Product 86,Category 11,7,371.95,2603.65,5,308.86
O00484,2025-12-28,C069,Customer 69,Region 4,City 10,P016,Product 16,Category 1,8,29.92,239.36,0,30.89
O00485,2025-09-12,C165,Customer 165,Region 9,City 16,P032,Product 32,Category 2,2,246.16,492.32,15,118.79
O00486,2025-08-16,C251,Customer 251,Region 1,City 12,P057,Product 57,Category 12,4,310.13,1240.52,10,352.33
O00487,2025-07-07,C120,Customer 120,Region 8,City 1,P030,Product 30,Category 15,1,225.39,225.39,0,66.19
O00488,2025-12-09,C125,Customer 125,Region 6,City 6,P006,Product 6,Category 6,2,65.37,130.74,20,29.45
O00489,2025-11-02,C120,Customer 120,Region 8,City 1,P082,Product 82,Category 7,1,387.7,387.7,5,102.82
O00490,2025-12-09,C022,Customer 22,Region 2,City 23,P074,Product 74,Category 14,9,291.07,2619.63,20,736.19
O00491,2025-09-01,C218,Customer 218,Region 4,City 9,P018,Product 18,Category 3,8,218.78,1750.24,0,384.16
O00492,2025-10-15,C084,Customer 84,Region 9,City 25,P100,Product 100,Category 10,4,118.57,474.28,15,134.85
O00493,2025-12-27,C261,Customer 261,Region 5,City 22,P070,Product 70,Category 10,5,231.01,1155.05,0,198.81
O00494,2025-02-10,C224,Customer 224,Region 6,City 15,P070,Product 70,Category 10,7,231.01,1617.07,0,380.24
O00495,2025-03-22,C072,Customer 72,Region 9,City 13,P033,Product 33,Category 3,8,392.37,3138.96,10,598.88
O00496,2025-07-06,C247,Customer 247,Region 6,City 8,P078,Product 78,Category 3,8,382.56,3060.48,5,784.69
O00497,2025-11-06,C012,Customer 12,Region 1,City 13,P046,Product 46,Category 1,3,42.09,126.27,15,33.04
O00498,2025-11-01,C298,Customer 298,Region 4,City 29,P072,Product 72,Category 12,6,27.53,165.18,20,23.69
O00499,2025-08-17,C178,Customer 178,Region 3,City 29,P003,Product 3,Category 3,1,436.22,436.22,5,116.53
O00500,2025-07-30,C036,Customer 36,Region 9,City 7,P039,Product 39,Category 9,4,489.97,1959.88,5,282.89
O00501,2025-06-12,C092,Customer 92,Region 2,City 3,P018,Product 18,Category 3,3,218.78,656.34,10,179.31
O00502,2025-11-23,C139,Customer 139,Region 8,City 20,P055,Product 55,Category 10,8,215.67,1725.36,15,155.4
O00503,2025-07-29,C161,Customer 161,Region 10,City 12,P017,Product 17,Category 2,1,373.36,373.36,5,103.79
O00504,2025-12-22,C009,Customer 9,Region 7,City 10,P010,Product 10,Category 10,9,293.01,2637.09,0,532.75
O00505,2025-09-28,C232,Customer 232,Region 2,City 23,P057,Product 57,Category 12,7,310.13,2170.91,15,379.66
O00506,2025-01-02,C200,Customer 200,Region 3,City 21,P012,Product 12,Category 12,9,453.15,4078.35,10,1198.27
O00507,2025-12-03,C087,Customer 87,Region 7,City 28,P041,Product 41,Category 11,3,267.12,801.36,0,146.82
O00508,2025-08-31,C060,Customer 60,Region 4,City 1,P006,Product 6,Category 6,1,65.37,65.37,15,13.24
O00509,2025-08-24,C169,Customer 169,Region 1,City 20,P036,Product 36,Category 6,4,93.48,373.92,0,100.13
O00510,2025-02-22,C011,Customer 11,Region 6,City 12,P046,Product 46,Category 1,2,42.09,84.18,10,19.48
O00511,2025-07-12,C188,Customer 188,Region 2,City 9,P085,Product 85,Category 10,9,456.11,4104.99,15,698.81
O00512,2025-10-10,C068,Customer 68,Region 5,City 9,P027,Product 27,Category 12,8,273.37,2186.96,5,120.63
O00513,2025-04-28,C274,Customer 274,Region 1,City 5,P083,Product 83,Category 8,6,465.48,2792.88,15,259.23
O00514,2025-02-03,C166,Customer 166,Region 5,City 17,P027,Product 27,Category 12,8,273.37,2186.96,5,278.72
O00515,2025-06-27,C049,Customer 49,Region 2,City 20,P002,Product 2,Category 2,9,181.44,1632.96,15,326.99
O00516,2025-10-20,C105,Customer 105,Region 7,City 16,P055,Product 55,Category 10,7,215.67,1509.69,5,124.58
O00517,2025-01-27,C299,Customer 299,Region 8,City 30,P066,Product 66,Category 6,3,79.06,237.18,0,38.59
O00518,2025-04-21,C041,Customer 41,Region 4,City 12,P035,Product 35,Category 5,4,149.03,596.12,10,135.67
O00519,2025-09-21,C027,Customer 27,Region 5,City 28,P098,Product 98,Category 8,3,335.46,1006.38,15,272.07
O00520,2025-02-23,C258,Customer 258,Region 5,City 19,P012,Product 12,Category 12,3,453.15,1359.45,10,282.3
O00521,2025-05-13,C129,Customer 129,Region 10,City 10,P018,Product 18,Category 3,6,218.78,1312.68,20,202.81
O00522,2025-01-11,C234,Customer 234,Region 8,City 25,P089,Product 89,Category 14,8,220.92,1767.36,15,338.23
O00523,2025-07-05,C014,Customer 14,Region 7,City 15,P026,Product 26,Category 11,5,474.87,2374.35,15,442.5
O00524,2025-11-22,C274,Customer 274,Region 1,City 5,P003,Product 3,Category 3,3,436.22,1308.66,15,279.28
O00525,2025-04-14,C079,Customer 79,Region 7,City 20,P031,Product 31,Category 1,4,69.9,279.6,15,50.64
O00526,2025-11-04,C279,Customer 279,Region 9,City 10,P055,Product 55,Category 10,4,215.67,862.68,20,152.19
O00527,2025-02-18,C030,Customer 30,Region 1,City 1,P031,Product 31,Category 1,4,69.9,279.6,0,40.36
O00528,2025-08-26,C284,Customer 284,Region 8,City 15,P085,Product 85,Category 10,6,456.11,2736.66,0,362.29
O00529,2025-05-02,C127,Customer 127,Region 7,City 8,P020,Product 20,Category 5,2,261.28,522.56,20,132.36
O00530,2025-11-30,C133,Customer 133,Region 4,City 14,P003,Product 3,Category 3,1,436.22,436.22,15,22.88
O00531,2025-04-11,C214,Customer 214,Region 3,City 5,P073,Product 73,Category 13,6,98.73,592.38,5,166.2
O00532,2025-03-12,C082,Customer 82,Region 6,City 23,P043,Product 43,Category 13,3,374.4,1123.2,10,80.18
O00533,2025-01-06,C038,Customer 38,Region 4,City 9,P072,Product 72,Category 12,9,27.53,247.77,0,43.05
O00534,2025-08-12,C178,Customer 178,Region 3,City 29,P028,Product 28,Category 13,5,186.78,933.9,5,207.41
O00535,2025-02-23,C170,Customer 170,Region 4,City 21,P020,Product 20,Category 5,3,261.28,783.84,0,121.09
O00536,2025-10-27,C192,Customer 192,Region 3,City 13,P020,Product 20,Category 5,6,261.28,1567.68,5,122.52
O00537,2025-09-03,C181,Customer 181,Region 4,City 2,P064,Product 64,Category 4,1,445.94,445.94,15,69.48
O00538,2025-05-28,C224,Customer 224,Region 6,City 15,P024,Product 24,Category 9,6,73.05,438.3,0,120.87
O00539,2025-03-05,C281,Customer 281,Region 8,City 12,P042,Product 42,Category 12,1,416.99,416.99,15,102.99
O00540,2025-06-05,C169,Customer 169,Region 1,City 20,P038,Product 38,Category 8,2,30.8,61.6,5,4.0
O00541,2025-12-11,C240,Customer 240,Region 5,City 1,P056,Product 56,Category 11,10,261.99,2619.9,0,157.62
O00542,2025-10-06,C089,Customer 89,Region 3,City 30,P091,Product 91,Category 1,4,338.65,1354.6,0,104.7
O00543,2025-05-07,C294,Customer 294,Region 9,City 25,P043,Product 43,Category 13,9,374.4,3369.6,5,437.5
O00544,2025-05-29,C213,Customer 213,Region 2,City 4,P074,Product 74,Category 14,1,291.07,291.07,10,49.2
O00545,2025-02-11,C008,Customer 8,Region 10,City 9,P083,Product 83,Category 8,8,465.48,3723.84,0,930.33
O00546,2025-07-04,C243,Customer 243,Region 10,City 4,P029,Product 29,Category 14,6,260.21,1561.26,0,207.64
O00547,2025-10-29,C071,Customer 71,Region 3,City 12,P066,Product 66,Category 6,1,79.06,79.06,15,10.57
O00548,2025-09-12,C199,Customer 199,Region 8,City 20,P086,Product 86,Category 11,4,371.95,1487.8,5,396.4
O00549,2025-03-06,C188,Customer 188,Region 2,City 9,P070,Product 70,Category 10,10,231.01,2310.1,15,579.92
O00550,2025-07-15,C140,Customer 140,Region 2,City 21,P040,Product 40,Category 10,1,456.29,456.29,0,98.13
O00551,2025-10-03,C096,Customer 96,Region 4,City 7,P041,Product 41,Category 11,5,267.12,1335.6,15,171.34
O00552,2025-11-10,C298,Customer 298,Region 4,City 29,P093,Product 93,Category 3,6,53.85,323.1,0,36.42
O00553,2025-12-17,C088,Customer 88,Region 5,City 29,P046,Product 46,Category 1,2,42.09,84.18,5,22.56
O00554,2025-01-19,C133,Customer 133,Region 4,City 14,P052,Product 52,Category 7,10,409.71,4097.1,10,1219.73
O00555,2025-02-10,C243,Customer 243,Region 10,City 4,P024,Product 24,Category 9,4,73.05,292.2,0,41.58
O00556,2025-05-18,C282,Customer 282,Region 1,City 13,P085,Product 85,Category 10,1,456.11,456.11,10,50.86
O00557,2025-05-11,C291,Customer 291,Region 4,City 22,P053,Product 53,Category 8,2,434.3,868.6,20,69.77
O00558,2025-12-06,C292,Customer 292,Region 7,City 23,P029,Product 29,Category 14,2,260.21,520.42,15,142.93
O00559,2025-06-28,C227,Customer 227,Region 9,City 18,P062,Product 62,Category 2,4,167.7,670.8,15,33.69
O00560,2025-11-22,C170,Customer 170,Region 4,City 21,P082,Product 82,Category 7,3,387.7,1163.1,0,278.27
O00561,2025-03-09,C285,Customer 285,Region 3,City 16,P071,Product 71,Category 11,10,289.19,2891.9,0,542.48
O00562,2025-06-02,C212,Customer 212,Region 5,City 3,P100,Product 100,Category 10,4,118.57,474.28,20,77.35
O00563,2025-01-07,C216,Customer 216,Region 9,City 7,P096,Product 96,Category 6,6,437.68,2626.08,5,407.89
O00564,2025-06-28,C231,Customer 231,Region 7,City 22,P043,Product 43,Category 13,2,374.4,748.8,5,177.08
O00565,2025-10-02,C089,Customer 89,Region 3,City 30,P093,Product 93,Category 3,3,53.85,161.55,20,24.64
O00566,2025-02-11,C036,Customer 36,Region 9,City 7,P050,Product 50,Category 5,9,464.52,4180.68,20,920.11
O00567,2025-08-10,C170,Customer 170,Region 4,City 21,P032,Product 32,Category 2,6,246.16,1476.96,20,306.18
O00568,2025-12-06,C055,Customer 55,Region 4,City 26,P023,Product 23,Category 8,1,444.27,444.27,5,46.21
O00569,2025-03-12,C049,Customer 49,Region 2,City 20,P014,Product 14,Category 14,2,159.28,318.56,10,75.18
O00570,2025-06-06,C272,Customer 272,Region 5,City 3,P008,Product 8,Category 8,9,252.32,2270.88,0,182.43
O00571,2025-08-01,C034,Customer 34,Region 2,City 5,P090,Product 90,Category 15,7,299.19,2094.33,10,152.36
O00572,2025-09-02,C106,Customer 106,Region 2,City 17,P061,Product 61,Category 1,1,126.53,126.53,5,33.48
O00573,2025-08-07,C036,Customer 36,Region 9,City 7,P061,Product 61,Category 1,4,126.53,506.12,20,147.99
O00574,2025-07-20,C265,Customer 265,Region 8,City 26,P100,Product 100,Category 10,7,118.57,829.99,15,191.63
O00575,2025-04-29,C280,Customer 280,Region 4,City 11,P090,Product 90,Category 15,3,299.19,897.57,0,135.45
O00576,2025-06-01,C040,Customer 40,Region 3,City 11,P018,Product 18,Category 3,9,218.78,1969.02,5,122.65
O00577,2025-05-18,C298,Customer 298,Region 4,City 29,P027,Product 27,Category 12,2,273.37,546.74,5,122.08
O00578,2025-04-27,C114,Customer 114,Region 5,City 25,P071,Product 71,Category 11,4,289.19,1156.76,10,222.58
O00579,2025-12-03,C127,Customer 127,Region 7,City 8,P007,Product 7,Category 7,5,451.77,2258.85,20,161.73
O00580,2025-07-10,C094,Customer 94,Region 10,City 5,P029,Product 29,Category 14,4,260.21,1040.84,15,102.68
O00581,2025-09-15,C276,Customer 276,Region 2,City 7,P037,Product 37,Category 7,1,329.5,329.5,15,21.98
O00582,2025-08-20,C008,Customer 8,Region 10,City 9,P095,Product 95,Category 5,6,177.16,1062.96,10,117.21
O00583,2025-09-08,C115,Customer 115,Region 5,City 26,P077,Product 77,Category 2,5,475.01,2375.05,5,582.47
O00584,2025-08-02,C111,Customer 111,Region 7,City 22,P003,Product 3,Category 3,1,436.22,436.22,5,109.06
O00585,2025-07-24,C099,Customer 99,Region 8,City 10,P031,Product 31,Category 1,3,69.9,209.7,15,22.29
O00586,2025-10-24,C257,Customer 257,Region 6,City 18,P049,Product 49,Category 4,4,491.59,1966.36,10,193.8
O00587,2025-09-19,C039,Customer 39,Region 6,City 10,P045,Product 45,Category 15,8,189.29,1514.32,15,156.75
O00588,2025-07-28,C009,Customer 9,Region 7,City 10,P020,Product 20,Category 5,1,261.28,261.28,0,70.85
O00589,2025-05-30,C193,Customer 193,Region 4,City 14,P078,Product 78,Category 3,4,382.56,1530.24,20,292.44
O00590,2025-09-28,C241,Customer 241,Region 6,City 2,P063,Product 63,Category 3,7,307.88,2155.16,0,202.51
O00591,2025-09-01,C207,Customer 207,Region 2,City 28,P022,Product 22,Category 7,3,474.2,1422.6,5,156.4
O00592,2025-03-17,C204,Customer 204,Region 3,City 25,P033,Product 33,Category 3,1,392.37,392.37,0,103.04
O00593,2025-08-03,C167,Customer 167,Region 3,City 18,P035,Product 35,Category 5,9,149.03,1341.27,0,110.47
O00594,2025-11-25,C266,Customer 266,Region 10,City 27,P059,Product 59,Category 14,9,348.66,3137.94,15,181.07
O00595,2025-03-09,C160,Customer 160,Region 7,City 11,P082,Product 82,Category 7,4,387.7,1550.8,15,427.23
O00596,2025-10-30,C083,Customer 83,Region 1,City 24,P064,Product 64,Category 4,4,445.94,1783.76,20,474.03
O00597,2025-07-24,C170,Customer 170,Region 4,City 21,P047,Product 47,Category 2,6,198.11,1188.66,0,171.13
O00598,2025-01-30,C226,Customer 226,Region 4,City 17,P018,Product 18,Category 3,8,218.78,1750.24,0,495.65
O00599,2025-02-08,C121,Customer 121,Region 7,City 2,P097,Product 97,Category 7,2,226.37,452.74,15,115.32
O00600,2025-12-05,C014,Customer 14,Region 7,City 15,P082,Product 82,Category 7,6,387.7,2326.2,15,297.19
O00601,2025-02-07,C052,Customer 52,Region 4,City 23,P011,Product 11,Category 11,3,48.35,145.05,20,24.93
O00602,2025-07-21,C133,Customer 133,Region 4,City 14,P002,Product 2,Category 2,5,181.44,907.2,15,87.7
O00603,2025-05-14,C051,Customer 51,Region 10,City 22,P039,Product 39,Category 9,4,489.97,1959.88,20,502.04
O00604,2025-11-13,C252,Customer 252,Region 6,City 13,P086,Product 86,Category 11,3,371.95,1115.85,0,63.71
O00605,2025-10-29,C061,Customer 61,Region 1,City 2,P084,Product 84,Category 9,9,410.58,3695.22,15,601.45
O00606,2025-02-12,C279,Customer 279,Region 9,City 10,P018,Product 18,Category 3,10,218.78,2187.8,5,114.52
O00607,2025-01-09,C062,Customer 62,Region 8,City 3,P004,Product 4,Category 4,4,446.21,1784.84,10,282.25
O00608,2025-12-03,C290,Customer 290,Region 2,City 21,P060,Product 60,Category 15,9,197.8,1780.2,10,355.69
O00609,2025-05-21,C263,Customer 263,Region 2,City 24,P100,Product 100,Category 10,6,118.57,711.42,20,190.0
O00610,2025-10-22,C041,Customer 41,Region 4,City 12,P035,Product 35,Category 5,4,149.03,596.12,10,50.84
O00611,2025-03-16,C067,Customer 67,Region 1,City 8,P051,Product 51,Category 6,1,16.21,16.21,15,1.52
O00612,2025-04-09,C250,Customer 250,Region 5,City 11,P007,Product 7,Category 7,10,451.77,4517.7,20,1068.41
O00613,2025-11-21,C161,Customer 161,Region 10,City 12,P075,Product 75,Category 15,9,418.32,3764.88,20,401.12
O00614,2025-11-30,C148,Customer 148,Region 1,City 29,P097,Product 97,Category 7,5,226.37,1131.85,0,141.63
O00615,2025-01-11,C242,Customer 242,Region 7,City 3,P025,Product 25,Category 10,2,34.77,69.54,0,15.4
O00616,2025-12-08,C059,Customer 59,Region 10,City 30,P075,Product 75,Category 15,1,418.32,418.32,0,110.18
O00617,2025-10-01,C282,Customer 282,Region 1,City 13,P095,Product 95,Category 5,1,177.16,177.16,5,36.55
O00618,2025-02-25,C062,Customer 62,Region 8,City 3,P016,Product 16,Category 1,2,29.92,59.84,20,4.42
O00619,2025-04-21,C260,Customer 260,Region 3,City 21,P072,Product 72,Category 12,8,27.53,220.24,5,45.82
O00620,2025-06-20,C257,Customer 257,Region 6,City 18,P027,Product 27,Category 12,10,273.37,2733.7,15,779.46
O00621,2025-01-18,C170,Customer 170,Region 4,City 21,P002,Product 2,Category 2,9,181.44,1632.96,10,415.03
O00622,2025-07-07,C240,Customer 240,Region 5,City 1,P080,Product 80,Category 5,10,322.73,3227.3,5,241.71
O00623,2025-02-13,C094,Customer 94,Region 10,City 5,P042,Product 42,Category 12,5,416.99,2084.95,5,351.66
O00624,2025-03-20,C053,Customer 53,Region 8,City 24,P100,Product 100,Category 10,7,118.57,829.99,10,238.58
O00625,2025-09-01,C053,Customer 53,Region 8,City 24,P046,Product 46,Category 1,1,42.09,42.09,10,5.8
O00626,2025-03-11,C167,Customer 167,Region 3,City 18,P072,Product 72,Category 12,6,27.53,165.18,5,30.58
O00627,2025-08-26,C117,Customer 117,Region 10,City 28,P002,Product 2,Category 2,8,181.44,1451.52,15,322.23
O00628,2025-02-03,C139,Customer 139,Region 8,City 20,P054,Product 54,Category 9,9,12.91,116.19,0,15.77
O00629,2025-03-26,C146,Customer 146,Region 7,City 27,P054,Product 54,Category 9,5,12.91,64.55,20,14.54
O00630,2025-02-24,C129,Customer 129,Region 10,City 10,P096,Product 96,Category 6,7,437.68,3063.76,15,473.28
O00631,2025-12-09,C102,Customer 102,Region 7,City 13,P077,Product 77,Category 2,5,475.01,2375.05,10,330.13
O00632,2025-07-22,C239,Customer 239,Region 2,City 30,P052,Product 52,Category 7,5,409.71,2048.55,15,423.45
O00633,2025-01-20,C007,Customer 7,Region 10,City 8,P072,Product 72,Category 12,5,27.53,137.65,15,40.67
O00634,2025-10-26,C290,Customer 290,Region 2,City 21,P072,Product 72,Category 12,8,27.53,220.24,0,11.06
O00635,2025-07-04,C013,Customer 13,Region 6,City 14,P053,Product 53,Category 8,2,434.3,868.6,5,179.78
O00636,2025-03-22,C248,Customer 248,Region 6,City 9,P014,Product 14,Category 14,2,159.28,318.56,15,91.82
O00637,2025-04-20,C279,Customer 279,Region 9,City 10,P093,Product 93,Category 3,9,53.85,484.65,10,48.51
O00638,2025-06-27,C283,Customer 283,Region 10,City 14,P058,Product 58,Category 13,1,201.63,201.63,15,24.15
O00639,2025-10-16,C075,Customer 75,Region 3,City 16,P063,Product 63,Category 3,7,307.88,2155.16,5,443.39
O00640,2025-11-22,C196,Customer 196,Region 6,City 17,P015,Product 15,Category 15,3,366.97,1100.91,5,279.1
O00641,2025-03-21,C251,Customer 251,Region 1,City 12,P079,Product 79,Category 4,6,47.04,282.24,5,18.86
O00642,2025-09-12,C192,Customer 192,Region 3,City 13,P044,Product 44,Category 14,4,37.1,148.4,10,39.68
O00643,2025-07-17,C069,Customer 69,Region 4,City 10,P038,Product 38,Category 8,5,30.8,154.0,15,37.98
O00644,2025-02-07,C030,Customer 30,Region 1,City 1,P032,Product 32,Category 2,5,246.16,1230.8,15,77.13
O00645,2025-09-17,C297,Customer 297,Region 8,City 28,P051,Product 51,Category 6,3,16.21,48.63,10,5.62
O00646,2025-02-21,C108,Customer 108,Region 7,City 19,P038,Product 38,Category 8,1,30.8,30.8,20,2.28
O00647,2025-02-21,C169,Customer 169,Region 1,City 20,P024,Product 24,Category 9,6,73.05,438.3,5,73.23
O00648,2025-12-21,C241,Customer 241,Region 6,City 2,P029,Product 29,Category 14,4,260.21,1040.84,15,289.11
O00649,2025-08-10,C038,Customer 38,Region 4,City 9,P022,Product 22,Category 7,1,474.2,474.2,20,70.16
O00650,2025-04-27,C005,Customer 5,Region 8,City 6,P091,Product 91,Category 1,1,338.65,338.65,15,78.48
O00651,2025-01-30,C022,Customer 22,Region 2,City 23,P021,Product 21,Category 6,4,126.09,504.36,15,146.25
O00652,2025-11-15,C241,Customer 241,Region 6,City 2,P021,Product 21,Category 6,9,126.09,1134.81,10,105.04
O00653,2025-09-06,C181,Customer 181,Region 4,City 2,P079,Product 79,Category 4,3,47.04,141.12,15,18.06
O00654,2025-11-23,C219,Customer 219,Region 1,City 10,P098,Product 98,Category 8,5,335.46,1677.3,5,421.77
O00655,2025-12-11,C192,Customer 192,Region 3,City 13,P091,Product 91,Category 1,2,338.65,677.3,0,139.44
O00656,2025-12-23,C235,Customer 235,Region 4,City 26,P038,Product 38,Category 8,7,30.8,215.6,15,43.46
O00657,2025-05-31,C158,Customer 158,Region 9,City 9,P061,Product 61,Category 1,1,126.53,126.53,20,23.04
O00658,2025-12-02,C193,Customer 193,Region 4,City 14,P003,Product 3,Category 3,6,436.22,2617.32,20,772.94
O00659,2025-11-16,C151,Customer 151,Region 10,City 2,P034,Product 34,Category 4,2,389.34,778.68,5,66.37
O00660,2025-09-06,C114,Customer 114,Region 5,City 25,P036,Product 36,Category 6,8,93.48,747.84,5,197.9
O00661,2025-03-15,C263,Customer 263,Region 2,City 24,P021,Product 21,Category 6,9,126.09,1134.81,0,201.57
O00662,2025-03-03,C043,Customer 43,Region 9,City 14,P087,Product 87,Category 12,6,230.44,1382.64,15,140.32
O00663,2025-12-24,C171,Customer 171,Region 3,City 22,P011,Product 11,Category 11,1,48.35,48.35,0,7.48
O00664,2025-02-26,C051,Customer 51,Region 10,City 22,P080,Product 80,Category 5,7,322.73,2259.11,10,267.59
O00665,2025-08-15,C233,Customer 233,Region 2,City 24,P014,Product 14,Category 14,8,159.28,1274.24,0,232.25
O00666,2025-04-12,C258,Customer 258,Region 5,City 19,P020,Product 20,Category 5,1,261.28,261.28,5,34.04
O00667,2025-08-21,C176,Customer 176,Region 3,City 27,P031,Product 31,Category 1,7,69.9,489.3,15,68.71
O00668,2025-07-28,C116,Customer 116,Region 1,City 27,P058,Product 58,Category 13,8,201.63,1613.04,15,240.71
O00669,2025-06-08,C274,Customer 274,Region 1,City 5,P065,Product 65,Category 5,2,194.4,388.8,5,37.52
O00670,2025-01-14,C238,Customer 238,Region 5,City 29,P021,Product 21,Category 6,8,126.09,1008.72,15,141.82
O00671,2025-08-24,C149,Customer 149,Region 9,City 30,P098,Product 98,Category 8,8,335.46,2683.68,0,287.44
O00672,2025-04-17,C039,Customer 39,Region 6,City 10,P041,Product 41,Category 11,9,267.12,2404.08,0,548.88
O00673,2025-11-29,C207,Customer 207,Region 2,City 28,P025,Product 25,Category 10,5,34.77,173.85,10,15.09
O00674,2025-11-14,C171,Customer 171,Region 3,City 22,P056,Product 56,Category 11,7,261.99,1833.93,15,360.85
O00675,2025-05-29,C130,Customer 130,Region 3,City 11,P007,Product 7,Category 7,5,451.77,2258.85,15,218.79
O00676,2025-05-12,C029,Customer 29,Region 9,City 30,P083,Product 83,Category 8,5,465.48,2327.4,0,417.9
O00677,2025-01-12,C278,Customer 278,Region 2,City 9,P051,Product 51,Category 6,6,16.21,97.26,0,26.69
O00678,2025-02-08,C174,Customer 174,Region 10,City 25,P087,Product 87,Category 12,6,230.44,1382.64,10,101.82
O00679,2025-08-15,C078,Customer 78,Region 8,City 19,P044,Product 44,Category 14,6,37.1,222.6,0,63.82
O00680,2025-02-05,C085,Customer 85,Region 3,City 26,P034,Product 34,Category 4,9,389.34,3504.06,0,377.51
O00681,2025-08-31,C114,Customer 114,Region 5,City 25,P028,Product 28,Category 13,7,186.78,1307.46,10,104.92
O00682,2025-08-18,C203,Customer 203,Region 9,City 24,P059,Product 59,Category 14,7,348.66,2440.62,0,321.52
O00683,2025-04-20,C055,Customer 55,Region 4,City 26,P039,Product 39,Category 9,7,489.97,3429.79,5,268.95
O00684,2025-05-24,C222,Customer 222,Region 8,City 13,P098,Product 98,Category 8,3,335.46,1006.38,15,167.81
O00685,2025-11-11,C117,Customer 117,Region 10,City 28,P069,Product 69,Category 9,10,386.3,3863.0,10,636.58
O00686,2025-09-24,C199,Customer 199,Region 8,City 20,P016,Product 16,Category 1,7,29.92,209.44,0,46.55
O00687,2025-10-09,C128,Customer 128,Region 2,City 9,P064,Product 64,Category 4,2,445.94,891.88,0,119.9
O00688,2025-03-29,C254,Customer 254,Region 7,City 15,P047,Product 47,Category 2,8,198.11,1584.88,0,159.98
O00689,2025-11-08,C226,Customer 226,Region 4,City 17,P032,Product 32,Category 2,5,246.16,1230.8,20,126.27
O00690,2025-09-06,C089,Customer 89,Region 3,City 30,P070,Product 70,Category 10,10,231.01,2310.1,20,533.01
O00691,2025-07-24,C288,Customer 288,Region 8,City 19,P044,Product 44,Category 14,6,37.1,222.6,20,14.86
O00692,2025-10-05,C269,Customer 269,Region 6,City 30,P065,Product 65,Category 5,2,194.4,388.8,15,76.84
O00693,2025-05-22,C216,Customer 216,Region 9,City 7,P025,Product 25,Category 10,7,34.77,243.39,10,28.27
O00694,2025-02-17,C053,Customer 53,Region 8,City 24,P002,Product 2,Category 2,7,181.44,1270.08,20,113.25
O00695,2025-02-16,C195,Customer 195,Region 1,City 16,P044,Product 44,Category 14,3,37.1,111.3,5,13.63
O00696,2025-06-23,C087,Customer 87,Region 7,City 28,P021,Product 21,Category 6,8,126.09,1008.72,0,212.95
O00697,2025-02-12,C008,Customer 8,Region 10,City 9,P065,Product 65,Category 5,3,194.4,583.2,0,59.51
O00698,2025-01-14,C296,Customer 296,Region 2,City 27,P025,Product 25,Category 10,8,34.77,278.16,10,56.32
O00699,2025-07-11,C131,Customer 131,Region 7,City 12,P062,Product 62,Category 2,8,167.7,1341.6,0,223.67
O00700,2025-02-20,C112,Customer 112,Region 10,City 23,P078,Product 78,Category 3,8,382.56,3060.48,10,189.59
O00701,2025-03-14,C095,Customer 95,Region 7,City 6,P067,Product 67,Category 7,7,245.24,1716.68,15,332.74
O00702,2025-12-08,C216,Customer 216,Region 9,City 7,P016,Product 16,Category 1,5,29.92,149.6,20,34.85
O00703,2025-02-02,C112,Customer 112,Region 10,City 23,P071,Product 71,Category 11,2,289.19,578.38,20,65.21
O00704,2025-11-15,C120,Customer 120,Region 8,City 1,P028,Product 28,Category 13,9,186.78,1681.02,20,470.84
O00705,2025-07-04,C224,Customer 224,Region 6,City 15,P094,Product 94,Category 4,2,65.36,130.72,10,34.86
O00706,2025-10-21,C225,Customer 225,Region 7,City 16,P085,Product 85,Category 10,5,456.11,2280.55,5,324.39
O00707,2025-03-19,C132,Customer 132,Region 2,City 13,P035,Product 35,Category 5,6,149.03,894.18,20,155.43
O00708,2025-04-13,C069,Customer 69,Region 4,City 10,P047,Product 47,Category 2,5,198.11,990.55,5,239.45
O00709,2025-05-09,C100,Customer 100,Region 1,City 11,P032,Product 32,Category 2,9,246.16,2215.44,15,328.52
O00710,2025-04-21,C204,Customer 204,Region 3,City 25,P038,Product 38,Category 8,4,30.8,123.2,20,29.53
O00711,2025-11-06,C185,Customer 185,Region 10,City 6,P070,Product 70,Category 10,4,231.01,924.04,15,118.23
O00712,2025-03-25,C203,Customer 203,Region 9,City 24,P027,Product 27,Category 12,9,273.37,2460.33,20,728.18
O00713,2025-05-21,C069,Customer 69,Region 4,City 10,P050,Product 50,Category 5,2,464.52,929.04,5,113.22
O00714,2025-06-03,C240,Customer 240,Region 5,City 1,P073,Product 73,Category 13,3,98.73,296.19,10,18.9
O00715,2025-12-09,C194,Customer 194,Region 1,City 15,P040,Product 40,Category 10,1,456.29,456.29,15,122.49
O00716,2025-11-04,C117,Customer 117,Region 10,City 28,P027,Product 27,Category 12,7,273.37,1913.59,0,121.65
O00717,2025-10-16,C183,Customer 183,Region 1,City 4,P093,Product 93,Category 3,1,53.85,53.85,5,12.0
O00718,2025-11-07,C106,Customer 106,Region 2,City 17,P035,Product 35,Category 5,1,149.03,149.03,20,44.19
O00719,2025-12-26,C190,Customer 190,Region 3,City 11,P003,Product 3,Category 3,9,436.22,3925.98,5,369.07
O00720,2025-05-13,C003,Customer 3,Region 9,City 4,P005,Product 5,Category 5,8,86.73,693.84,0,100.86
O00721,2025-09-08,C263,Customer 263,Region 2,City 24,P090,Product 90,Category 15,4,299.19,1196.76,5,276.01
O00722,2025-01-25,C148,Customer 148,Region 1,City 29,P019,Product 19,Category 4,8,20.62,164.96,20,19.42
O00723,2025-09-26,C154,Customer 154,Region 10,City 5,P002,Product 2,Category 2,8,181.44,1451.52,5,203.3
O00724,2025-10-03,C235,Customer 235,Region 4,City 26,P010,Product 10,Category 10,6,293.01,1758.06,20,149.46
O00725,2025-08-19,C271,Customer 271,Region 2,City 2,P009,Product 9,Category 9,4,154.35,617.4,0,94.57
O00726,2025-12-30,C249,Customer 249,Region 2,City 10,P033,Product 33,Category 3,4,392.37,1569.48,20,449.47
O00727,2025-09-23,C244,Customer 244,Region 3,City 5,P069,Product 69,Category 9,10,386.3,3863.0,5,659.21
O00728,2025-02-07,C238,Customer 238,Region 5,City 29,P052,Product 52,Category 7,2,409.71,819.42,5,160.07
O00729,2025-03-13,C191,Customer 191,Region 5,City 12,P018,Product 18,Category 3,6,218.78,1312.68,15,121.08
O00730,2025-06-02,C221,Customer 221,Region 1,City 12,P098,Product 98,Category 8,6,335.46,2012.76,5,226.42
O00731,2025-11-13,C027,Customer 27,Region 5,City 28,P071,Product 71,Category 11,3,289.19,867.57,0,107.26
O00732,2025-10-20,C168,Customer 168,Region 7,City 19,P089,Product 89,Category 14,3,220.92,662.76,20,148.91
O00733,2025-05-14,C045,Customer 45,Region 4,City 16,P031,Product 31,Category 1,9,69.9,629.1,5,40.03
O00734,2025-06-10,C039,Customer 39,Region 6,City 10,P042,Product 42,Category 12,6,416.99,2501.94,5,292.02
O00735,2025-07-23,C299,Customer 299,Region 8,City 30,P063,Product 63,Category 3,4,307.88,1231.52,20,225.94
O00736,2025-10-21,C292,Customer 292,Region 7,City 23,P068,Product 68,Category 8,2,366.31,732.62,5,164.06
O00737,2025-12-29,C144,Customer 144,Region 4,City 25,P013,Product 13,Category 13,4,47.04,188.16,20,48.43
O00738,2025-07-17,C028,Customer 28,Region 1,City 29,P063,Product 63,Category 3,3,307.88,923.64,5,197.07
O00739,2025-04-22,C017,Customer 17,Region 7,City 18,P026,Product 26,Category 11,5,474.87,2374.35,0,372.26
O00740,2025-06-08,C178,Customer 178,Region 3,City 29,P087,Product 87,Category 12,5,230.44,1152.2,10,77.13
O00741,2025-03-14,C146,Customer 146,Region 7,City 27,P012,Product 12,Category 12,10,453.15,4531.5,20,237.12
O00742,2025-09-18,C206,Customer 206,Region 7,City 27,P038,Product 38,Category 8,10,30.8,308.0,0,87.57
O00743,2025-04-20,C043,Customer 43,Region 9,City 14,P065,Product 65,Category 5,1,194.4,194.4,20,36.93
O00744,2025-08-03,C159,Customer 159,Region 9,City 10,P031,Product 31,Category 1,7,69.9,489.3,5,31.82
O00745,2025-04-10,C282,Customer 282,Region 1,City 13,P054,Product 54,Category 9,10,12.91,129.1,15,17.06
O00746,2025-10-03,C086,Customer 86,Region 5,City 27,P006,Product 6,Category 6,2,65.37,130.74,20,16.9
O00747,2025-06-02,C293,Customer 293,Region 3,City 24,P079,Product 79,Category 4,3,47.04,141.12,15,8.92
O00748,2025-09-04,C207,Customer 207,Region 2,City 28,P011,Product 11,Category 11,2,48.35,96.7,0,13.97
O00749,2025-05-14,C278,Customer 278,Region 2,City 9,P054,Product 54,Category 9,9,12.91,116.19,0,11.85
O00750,2025-02-02,C278,Customer 278,Region 2,City 9,P073,Product 73,Category 13,4,98.73,394.92,0,37.68
O00751,2025-03-16,C185,Customer 185,Region 10,City 6,P061,Product 61,Category 1,2,126.53,253.06,0,31.26
O00752,2025-06-27,C150,Customer 150,Region 8,City 1,P035,Product 35,Category 5,5,149.03,745.15,15,187.74
O00753,2025-07-11,C168,Customer 168,Region 7,City 19,P097,Product 97,Category 7,7,226.37,1584.59,15,444.27
O00754,2025-10-15,C248,Customer 248,Region 6,City 9,P085,Product 85,Category 10,6,456.11,2736.66,20,704.31
O00755,2025-03-07,C110,Customer 110,Region 3,City 21,P097,Product 97,Category 7,6,226.37,1358.22,10,378.06
O00756,2025-11-21,C283,Customer 283,Region 10,City 14,P020,Product 20,Category 5,5,261.28,1306.4,20,127.81
O00757,2025-08-23,C225,Customer 225,Region 7,City 16,P006,Product 6,Category 6,4,65.37,261.48,20,45.42
O00758,2025-02-27,C114,Customer 114,Region 5,City 25,P006,Product 6,Category 6,3,65.37,196.11,15,26.91
O00759,2025-03-25,C214,Customer 214,Region 3,City 5,P095,Product 95,Category 5,4,177.16,708.64,10,141.67
O00760,2025-11-03,C144,Customer 144,Region 4,City 25,P066,Product 66,Category 6,4,79.06,316.24,0,49.55
O00761,2025-05-10,C143,Customer 143,Region 8,City 24,P072,Product 72,Category 12,5,27.53,137.65,5,25.98
O00762,2025-11-22,C153,Customer 153,Region 1,City 4,P017,Product 17,Category 2,1,373.36,373.36,15,72.83
O00763,2025-03-17,C043,Customer 43,Region 9,City 14,P037,Product 37,Category 7,10,329.5,3295.0,20,943.23
O00764,2025-01-15,C109,Customer 109,Region 8,City 20,P084,Product 84,Category 9,7,410.58,2874.06,20,205.88
O00765,2025-01-01,C171,Customer 171,Region 3,City 22,P030,Product 30,Category 15,2,225.39,450.78,20,57.45
O00766,2025-02-14,C268,Customer 268,Region 8,City 29,P095,Product 95,Category 5,10,177.16,1771.6,5,356.36
O00767,2025-05-14,C066,Customer 66,Region 5,City 7,P091,Product 91,Category 1,3,338.65,1015.95,20,190.37
O00768,2025-01-23,C258,Customer 258,Region 5,City 19,P097,Product 97,Category 7,2,226.37,452.74,20,123.45
O00769,2025-07-05,C140,Customer 140,Region 2,City 21,P087,Product 87,Category 12,8,230.44,1843.52,0,524.08
O00770,2025-10-04,C044,Customer 44,Region 2,City 15,P010,Product 10,Category 10,2,293.01,586.02,20,45.32
O00771,2025-09-04,C201,Customer 201,Region 4,City 22,P013,Product 13,Category 13,4,47.04,188.16,20,43.75
O00772,2025-11-20,C077,Customer 77,Region 8,City 18,P003,Product 3,Category 3,4,436.22,1744.88,15,352.03
O00773,2025-11-28,C010,Customer 10,Region 6,City 11,P002,Product 2,Category 2,10,181.44,1814.4,5,369.33
O00774,2025-04-25,C286,Customer 286,Region 10,City 17,P011,Product 11,Category 11,10,48.35,483.5,10,26.13
O00775,2025-09-12,C109,Customer 109,Region 8,City 20,P076,Product 76,Category 1,8,21.06,168.48,20,44.06
O00776,2025-08-21,C109,Customer 109,Region 8,City 20,P010,Product 10,Category 10,6,293.01,1758.06,5,232.1
O00777,2025-07-05,C243,Customer 243,Region 10,City 4,P006,Product 6,Category 6,3,65.37,196.11,20,25.14
O00778,2025-01-27,C138,Customer 138,Region 2,City 19,P038,Product 38,Category 8,6,30.8,184.8,10,26.17
O00779,2025-12-18,C052,Customer 52,Region 4,City 23,P025,Product 25,Category 10,3,34.77,104.31,5,8.32
O00780,2025-12-17,C226,Customer 226,Region 4,City 17,P014,Product 14,Category 14,4,159.28,637.12,10,137.85
O00781,2025-04-28,C007,Customer 7,Region 10,City 8,P052,Product 52,Category 7,6,409.71,2458.26,20,623.78
O00782,2025-11-20,C114,Customer 114,Region 5,City 25,P036,Product 36,Category 6,1,93.48,93.48,5,13.91
O00783,2025-03-04,C215,Customer 215,Region 9,City 6,P010,Product 10,Category 10,7,293.01,2051.07,15,229.42
O00784,2025-03-06,C132,Customer 132,Region 2,City 13,P054,Product 54,Category 9,5,12.91,64.55,10,4.87
O00785,2025-12-02,C288,Customer 288,Region 8,City 19,P047,Product 47,Category 2,5,198.11,990.55,5,107.81
O00786,2025-10-27,C022,Customer 22,Region 2,City 23,P047,Product 47,Category 2,2,198.11,396.22,15,37.85
O00787,2025-09-08,C101,Customer 101,Region 7,City 12,P006,Product 6,Category 6,4,65.37,261.48,15,62.08
O00788,2025-10-08,C274,Customer 274,Region 1,City 5,P077,Product 77,Category 2,3,475.01,1425.03,5,355.14
O00789,2025-12-16,C234,Customer 234,Region 8,City 25,P019,Product 19,Category 4,5,20.62,103.1,0,21.15
O00790,2025-01-17,C012,Customer 12,Region 1,City 13,P098,Product 98,Category 8,10,335.46,3354.6,15,588.11
O00791,2025-01-14,C051,Customer 51,Region 10,City 22,P033,Product 33,Category 3,1,392.37,392.37,10,92.7
O00792,2025-07-18,C211,Customer 211,Region 9,City 2,P050,Product 50,Category 5,2,464.52,929.04,20,99.88
O00793,2025-07-22,C036,Customer 36,Region 9,City 7,P048,Product 48,Category 3,3,392.2,1176.6,5,153.15
O00794,2025-07-25,C007,Customer 7,Region 10,City 8,P029,Product 29,Category 14,3,260.21,780.63,0,111.44
O00795,2025-01-19,C177,Customer 177,Region 8,City 28,P005,Product 5,Category 5,3,86.73,260.19,15,15.2
O00796,2025-08-30,C107,Customer 107,Region 5,City 18,P028,Product 28,Category 13,9,186.78,1681.02,0,165.59
O00797,2025-06-06,C285,Customer 285,Region 3,City 16,P027,Product 27,Category 12,4,273.37,1093.48,10,303.89
O00798,2025-05-13,C036,Customer 36,Region 9,City 7,P021,Product 21,Category 6,1,126.09,126.09,5,18.57
O00799,2025-12-10,C013,Customer 13,Region 6,City 14,P050,Product 50,Category 5,10,464.52,4645.2,15,771.43
O00800,2025-05-07,C262,Customer 262,Region 3,City 23,P025,Product 25,Category 10,10,34.77,347.7,20,32.19
O00801,2025-12-10,C283,Customer 283,Region 10,City 14,P097,Product 97,Category 7,5,226.37,1131.85,15,178.08
O00802,2025-11-30,C265,Customer 265,Region 8,City 26,P025,Product 25,Category 10,6,34.77,208.62,0,34.26
O00803,2025-08-30,C038,Customer 38,Region 4,City 9,P063,Product 63,Category 3,4,307.88,1231.52,5,68.33
O00804,2025-03-29,C180,Customer 180,Region 3,City 1,P084,Product 84,Category 9,1,410.58,410.58,15,47.85
O00805,2025-05-21,C087,Customer 87,Region 7,City 28,P044,Product 44,Category 14,7,37.1,259.7,20,66.64
O00806,2025-06-20,C050,Customer 50,Region 7,City 21,P062,Product 62,Category 2,3,167.7,503.1,15,93.31
O00807,2025-07-27,C148,Customer 148,Region 1,City 29,P076,Product 76,Category 1,8,21.06,168.48,0,26.16
O00808,2025-03-30,C087,Customer 87,Region 7,City 28,P004,Product 4,Category 4,3,446.21,1338.63,20,293.7
O00809,2025-01-27,C198,Customer 198,Region 4,City 19,P073,Product 73,Category 13,4,98.73,394.92,5,80.9
O00810,2025-01-01,C118,Customer 118,Region 4,City 29,P069,Product 69,Category 9,6,386.3,2317.8,15,564.17
O00811,2025-10-19,C109,Customer 109,Region 8,City 20,P072,Product 72,Category 12,9,27.53,247.77,20,53.29
O00812,2025-01-06,C124,Customer 124,Region 5,City 5,P076,Product 76,Category 1,8,21.06,168.48,5,21.4
O00813,2025-03-01,C016,Customer 16,Region 1,City 17,P088,Product 88,Category 13,8,289.01,2312.08,15,490.67
O00814,2025-09-19,C107,Customer 107,Region 5,City 18,P041,Product 41,Category 11,2,267.12,534.24,5,55.49
O00815,2025-03-16,C142,Customer 142,Region 2,City 23,P090,Product 90,Category 15,3,299.19,897.57,5,229.64
O00816,2025-07-11,C236,Customer 236,Region 10,City 27,P033,Product 33,Category 3,9,392.37,3531.33,20,322.26
O00817,2025-02-07,C116,Customer 116,Region 1,City 27,P043,Product 43,Category 13,4,374.4,1497.6,15,304.29
O00818,2025-05-10,C300,Customer 300,Region 5,City 1,P094,Product 94,Category 4,8,65.36,522.88,15,110.94
O00819,2025-06-28,C262,Customer 262,Region 3,City 23,P008,Product 8,Category 8,9,252.32,2270.88,5,565.46
O00820,2025-01-17,C032,Customer 32,Region 4,City 3,P026,Product 26,Category 11,2,474.87,949.74,15,91.28
O00821,2025-06-19,C291,Customer 291,Region 4,City 22,P077,Product 77,Category 2,10,475.01,4750.1,15,1194.46
O00822,2025-08-13,C064,Customer 64,Region 2,City 5,P056,Product 56,Category 11,3,261.99,785.97,0,77.36
O00823,2025-09-02,C269,Customer 269,Region 6,City 30,P010,Product 10,Category 10,10,293.01,2930.1,5,285.64
O00824,2025-06-28,C275,Customer 275,Region 9,City 6,P088,Product 88,Category 13,6,289.01,1734.06,15,250.74
O00825,2025-10-13,C164,Customer 164,Region 3,City 15,P038,Product 38,Category 8,10,30.8,308.0,10,79.98
O00826,2025-01-17,C283,Customer 283,Region 10,City 14,P058,Product 58,Category 13,8,201.63,1613.04,10,142.63
O00827,2025-02-14,C260,Customer 260,Region 3,City 21,P097,Product 97,Category 7,8,226.37,1810.96,5,529.38
O00828,2025-10-18,C095,Customer 95,Region 7,City 6,P086,Product 86,Category 11,5,371.95,1859.75,0,150.36
O00829,2025-03-12,C024,Customer 24,Region 2,City 25,P048,Product 48,Category 3,6,392.2,2353.2,0,325.64
O00830,2025-01-15,C109,Customer 109,Region 8,City 20,P053,Product 53,Category 8,2,434.3,868.6,5,150.21
O00831,2025-11-06,C007,Customer 7,Region 10,City 8,P079,Product 79,Category 4,1,47.04,47.04,10,10.1
O00832,2025-08-29,C286,Customer 286,Region 10,City 17,P077,Product 77,Category 2,5,475.01,2375.05,0,634.01
O00833,2025-11-20,C280,Customer 280,Region 4,City 11,P088,Product 88,Category 13,9,289.01,2601.09,10,725.21
O00834,2025-11-15,C231,Customer 231,Region 7,City 22,P029,Product 29,Category 14,9,260.21,2341.89,0,280.43
O00835,2025-01-08,C261,Customer 261,Region 5,City 22,P050,Product 50,Category 5,2,464.52,929.04,5,247.38
O00836,2025-11-04,C059,Customer 59,Region 10,City 30,P046,Product 46,Category 1,2,42.09,84.18,15,17.05
O00837,2025-08-31,C216,Customer 216,Region 9,City 7,P039,Product 39,Category 9,10,489.97,4899.7,5,1313.42
O00838,2025-10-20,C005,Customer 5,Region 8,City 6,P076,Product 76,Category 1,2,21.06,42.12,10,11.45
O00839,2025-05-10,C099,Customer 99,Region 8,City 10,P054,Product 54,Category 9,9,12.91,116.19,5,32.99
O00840,2025-10-09,C196,Customer 196,Region 6,City 17,P007,Product 7,Category 7,5,451.77,2258.85,0,372.39
O00841,2025-01-04,C073,Customer 73,Region 7,City 14,P031,Product 31,Category 1,3,69.9,209.7,10,37.35
O00842,2025-05-11,C096,Customer 96,Region 4,City 7,P002,Product 2,Category 2,3,181.44,544.32,10,78.94
O00843,2025-02-13,C300,Customer 300,Region 5,City 1,P076,Product 76,Category 1,1,21.06,21.06,5,1.93
O00844,2025-01-12,C184,Customer 184,Region 1,City 5,P054,Product 54,Category 9,9,12.91,116.19,20,32.17
O00845,2025-12-05,C067,Customer 67,Region 1,City 8,P037,Product 37,Category 7,9,329.5,2965.5,0,544.06
O00846,2025-04-19,C027,Customer 27,Region 5,City 28,P041,Product 41,Category 11,3,267.12,801.36,5,85.62
O00847,2025-09-16,C166,Customer 166,Region 5,City 17,P032,Product 32,Category 2,4,246.16,984.64,10,83.69
O00848,2025-04-04,C073,Customer 73,Region 7,City 14,P089,Product 89,Category 14,5,220.92,1104.6,5,229.35
O00849,2025-07-25,C229,Customer 229,Region 2,City 20,P011,Product 11,Category 11,3,48.35,145.05,10,43.27
O00850,2025-01-01,C260,Customer 260,Region 3,City 21,P090,Product 90,Category 15,5,299.19,1495.95,15,281.53
O00851,2025-10-28,C180,Customer 180,Region 3,City 1,P087,Product 87,Category 12,7,230.44,1613.08,20,188.41
O00852,2025-10-30,C296,Customer 296,Region 2,City 27,P019,Product 19,Category 4,5,20.62,103.1,10,29.86
O00853,2025-11-03,C130,Customer 130,Region 3,City 11,P038,Product 38,Category 8,1,30.8,30.8,15,5.75
O00854,2025-06-11,C205,Customer 205,Region 6,City 26,P090,Product 90,Category 15,8,299.19,2393.52,10,575.65
O00855,2025-12-17,C210,Customer 210,Region 7,City 1,P039,Product 39,Category 9,3,489.97,1469.91,15,271.11
O00856,2025-12-26,C106,Customer 106,Region 2,City 17,P020,Product 20,Category 5,7,261.28,1828.96,15,453.83
O00857,2025-02-16,C281,Customer 281,Region 8,City 12,P082,Product 82,Category 7,2,387.7,775.4,15,121.97
O00858,2025-09-21,C193,Customer 193,Region 4,City 14,P093,Product 93,Category 3,7,53.85,376.95,15,80.18
O00859,2025-03-24,C206,Customer 206,Region 7,City 27,P005,Product 5,Category 5,1,86.73,86.73,10,14.9
O00860,2025-07-02,C189,Customer 189,Region 9,City 10,P088,Product 88,Category 13,1,289.01,289.01,0,49.78
O00861,2025-04-04,C062,Customer 62,Region 8,City 3,P080,Product 80,Category 5,1,322.73,322.73,0,39.27
O00862,2025-07-26,C015,Customer 15,Region 6,City 16,P016,Product 16,Category 1,5,29.92,149.6,10,13.74
O00863,2025-10-14,C271,Customer 271,Region 2,City 2,P071,Product 71,Category 11,5,289.19,1445.95,5,368.79
O00864,2025-06-21,C258,Customer 258,Region 5,City 19,P044,Product 44,Category 14,6,37.1,222.6,10,26.72
O00865,2025-12-24,C279,Customer 279,Region 9,City 10,P037,Product 37,Category 7,10,329.5,3295.0,15,553.87
O00866,2025-07-05,C222,Customer 222,Region 8,City 13,P025,Product 25,Category 10,5,34.77,173.85,20,20.46
O00867,2025-07-29,C227,Customer 227,Region 9,City 18,P063,Product 63,Category 3,7,307.88,2155.16,15,209.36
O00868,2025-06-27,C079,Customer 79,Region 7,City 20,P047,Product 47,Category 2,9,198.11,1782.99,15,94.99
O00869,2025-02-15,C017,Customer 17,Region 7,City 18,P099,Product 99,Category 9,2,154.71,309.42,10,53.01
O00870,2025-07-12,C073,Customer 73,Region 7,City 14,P050,Product 50,Category 5,4,464.52,1858.08,15,393.35
O00871,2025-08-07,C162,Customer 162,Region 7,City 13,P026,Product 26,Category 11,8,474.87,3798.96,5,475.99
O00872,2025-01-15,C006,Customer 6,Region 9,City 7,P051,Product 51,Category 6,8,16.21,129.68,5,20.05
O00873,2025-05-23,C264,Customer 264,Region 2,City 25,P029,Product 29,Category 14,7,260.21,1821.47,15,222.36
O00874,2025-04-26,C185,Customer 185,Region 10,City 6,P036,Product 36,Category 6,4,93.48,373.92,5,34.28
O00875,2025-07-15,C156,Customer 156,Region 2,City 7,P002,Product 2,Category 2,9,181.44,1632.96,15,457.68
O00876,2025-07-19,C257,Customer 257,Region 6,City 18,P043,Product 43,Category 13,1,374.4,374.4,10,84.48
O00877,2025-06-14,C132,Customer 132,Region 2,City 13,P008,Product 8,Category 8,10,252.32,2523.2,0,522.3
O00878,2025-01-08,C230,Customer 230,Region 1,City 21,P070,Product 70,Category 10,7,231.01,1617.07,10,467.47
O00879,2025-12-04,C036,Customer 36,Region 9,City 7,P033,Product 33,Category 3,1,392.37,392.37,10,99.89
O00880,2025-11-30,C053,Customer 53,Region 8,City 24,P045,Product 45,Category 15,5,189.29,946.45,0,175.15
O00881,2025-04-05,C065,Customer 65,Region 3,City 6,P100,Product 100,Category 10,5,118.57,592.85,15,128.0
O00882,2025-10-28,C085,Customer 85,Region 3,City 26,P074,Product 74,Category 14,2,291.07,582.14,5,160.85
O00883,2025-03-23,C299,Customer 299,Region 8,City 30,P014,Product 14,Category 14,6,159.28,955.68,20,132.07
O00884,2025-06-09,C096,Customer 96,Region 4,City 7,P055,Product 55,Category 10,8,215.67,1725.36,5,138.2
O00885,2025-05-26,C023,Customer 23,Region 8,City 24,P065,Product 65,Category 5,8,194.4,1555.2,10,314.84
O00886,2025-03-27,C230,Customer 230,Region 1,City 21,P099,Product 99,Category 9,1,154.71,154.71,10,15.7
O00887,2025-11-14,C182,Customer 182,Region 5,City 3,P026,Product 26,Category 11,10,474.87,4748.7,20,1078.12
O00888,2025-03-24,C101,Customer 101,Region 7,City 12,P090,Product 90,Category 15,9,299.19,2692.71,20,449.51
O00889,2025-03-31,C256,Customer 256,Region 10,City 17,P069,Product 69,Category 9,5,386.3,1931.5,5,167.44
O00890,2025-04-15,C127,Customer 127,Region 7,City 8,P094,Product 94,Category 4,6,65.36,392.16,5,56.25
O00891,2025-08-17,C049,Customer 49,Region 2,City 20,P077,Product 77,Category 2,2,475.01,950.02,15,263.48
O00892,2025-10-25,C128,Customer 128,Region 2,City 9,P037,Product 37,Category 7,6,329.5,1977.0,5,518.82
O00893,2025-06-05,C058,Customer 58,Region 4,City 29,P009,Product 9,Category 9,1,154.35,154.35,10,22.66
O00894,2025-09-26,C297,Customer 297,Region 8,City 28,P022,Product 22,Category 7,1,474.2,474.2,5,87.61
O00895,2025-06-30,C062,Customer 62,Region 8,City 3,P019,Product 19,Category 4,8,20.62,164.96,15,33.93
O00896,2025-11-25,C273,Customer 273,Region 8,City 4,P035,Product 35,Category 5,9,149.03,1341.27,10,169.82
O00897,2025-03-12,C074,Customer 74,Region 7,City 15,P039,Product 39,Category 9,4,489.97,1959.88,15,112.49
O00898,2025-10-11,C285,Customer 285,Region 3,City 16,P015,Product 15,Category 15,8,366.97,2935.76,10,625.13
O00899,2025-11-19,C195,Customer 195,Region 1,City 16,P054,Product 54,Category 9,10,12.91,129.1,5,8.13
O00900,2025-08-18,C159,Customer 159,Region 9,City 10,P040,Product 40,Category 10,1,456.29,456.29,5,23.0
O00901,2025-04-16,C143,Customer 143,Region 8,City 24,P014,Product 14,Category 14,5,159.28,796.4,5,210.5
O00902,2025-11-25,C296,Customer 296,Region 2,City 27,P051,Product 51,Category 6,7,16.21,113.47,10,21.05
O00903,2025-12-30,C202,Customer 202,Region 7,City 23,P049,Product 49,Category 4,9,491.59,4424.31,20,692.12
O00904,2025-04-06,C258,Customer 258,Region 5,City 19,P074,Product 74,Category 14,4,291.07,1164.28,10,308.69
O00905,2025-05-17,C059,Customer 59,Region 10,City 30,P100,Product 100,Category 10,8,118.57,948.56,5,175.39
O00906,2025-03-28,C019,Customer 19,Region 1,City 20,P064,Product 64,Category 4,1,445.94,445.94,5,77.62
O00907,2025-08-09,C036,Customer 36,Region 9,City 7,P097,Product 97,Category 7,7,226.37,1584.59,10,465.06
O00908,2025-09-22,C046,Customer 46,Region 4,City 17,P002,Product 2,Category 2,3,181.44,544.32,5,123.34
O00909,2025-01-11,C018,Customer 18,Region 9,City 19,P063,Product 63,Category 3,6,307.88,1847.28,5,237.15
O00910,2025-02-24,C113,Customer 113,Region 8,City 24,P066,Product 66,Category 6,3,79.06,237.18,0,38.33
O00911,2025-08-26,C221,Customer 221,Region 1,City 12,P072,Product 72,Category 12,10,27.53,275.3,0,38.94
O00912,2025-12-06,C239,Customer 239,Region 2,City 30,P091,Product 91,Category 1,2,338.65,677.3,5,163.05
O00913,2025-10-27,C259,Customer 259,Region 7,City 20,P089,Product 89,Category 14,4,220.92,883.68,15,236.76
O00914,2025-07-09,C283,Customer 283,Region 10,City 14,P064,Product 64,Category 4,3,445.94,1337.82,15,159.09
O00915,2025-02-07,C243,Customer 243,Region 10,City 4,P047,Product 47,Category 2,10,198.11,1981.1,5,378.28
O00916,2025-10-04,C034,Customer 34,Region 2,City 5,P012,Product 12,Category 12,9,453.15,4078.35,10,622.6
O00917,2025-01-19,C087,Customer 87,Region 7,City 28,P029,Product 29,Category 14,6,260.21,1561.26,20,338.07
O00918,2025-01-16,C211,Customer 211,Region 9,City 2,P076,Product 76,Category 1,9,21.06,189.54,15,35.28
O00919,2025-07-11,C155,Customer 155,Region 3,City 6,P003,Product 3,Category 3,5,436.22,2181.1,0,257.3
O00920,2025-07-22,C092,Customer 92,Region 2,City 3,P061,Product 61,Category 1,2,126.53,253.06,5,12.69
O00921,2025-02-27,C149,Customer 149,Region 9,City 30,P077,Product 77,Category 2,10,475.01,4750.1,5,971.17
O00922,2025-12-14,C290,Customer 290,Region 2,City 21,P004,Product 4,Category 4,9,446.21,4015.89,5,415.72
O00923,2025-04-12,C146,Customer 146,Region 7,City 27,P086,Product 86,Category 11,6,371.95,2231.7,0,288.64
O00924,2025-06-12,C224,Customer 224,Region 6,City 15,P057,Product 57,Category 12,5,310.13,1550.65,10,247.87
O00925,2025-07-25,C123,Customer 123,Region 5,City 4,P075,Product 75,Category 15,1,418.32,418.32,10,67.87
O00926,2025-10-09,C055,Customer 55,Region 4,City 26,P085,Product 85,Category 10,2,456.11,912.22,10,205.79
O00927,2025-01-01,C260,Customer 260,Region 3,City 21,P024,Product 24,Category 9,10,73.05,730.5,15,166.84
O00928,2025-06-18,C241,Customer 241,Region 6,City 2,P013,Product 13,Category 13,7,47.04,329.28,5,34.13
O00929,2025-08-08,C285,Customer 285,Region 3,City 16,P043,Product 43,Category 13,10,374.4,3744.0,0,974.95
O00930,2025-09-07,C227,Customer 227,Region 9,City 18,P005,Product 5,Category 5,10,86.73,867.3,10,103.64
O00931,2025-12-24,C212,Customer 212,Region 5,City 3,P096,Product 96,Category 6,2,437.68,875.36,10,109.59
O00932,2025-02-28,C040,Customer 40,Region 3,City 11,P082,Product 82,Category 7,3,387.7,1163.1,20,76.28
O00933,2025-12-06,C175,Customer 175,Region 4,City 26,P019,Product 19,Category 4,4,20.62,82.48,5,7.19
O00934,2025-06-27,C202,Customer 202,Region 7,City 23,P096,Product 96,Category 6,2,437.68,875.36,0,242.92
O00935,2025-10-15,C097,Customer 97,Region 6,City 8,P019,Product 19,Category 4,8,20.62,164.96,20,40.19
O00936,2025-12-23,C088,Customer 88,Region 5,City 29,P051,Product 51,Category 6,7,16.21,113.47,5,9.74
O00937,2025-10-29,C146,Customer 146,Region 7,City 27,P046,Product 46,Category 1,2,42.09,84.18,10,15.18
O00938,2025-11-11,C129,Customer 129,Region 10,City 10,P015,Product 15,Category 15,10,366.97,3669.7,10,517.79
O00939,2025-03-06,C299,Customer 299,Region 8,City 30,P072,Product 72,Category 12,9,27.53,247.77,10,45.77
O00940,2025-05-01,C177,Customer 177,Region 8,City 28,P006,Product 6,Category 6,3,65.37,196.11,5,58.06
O00941,2025-01-06,C057,Customer 57,Region 7,City 28,P071,Product 71,Category 11,3,289.19,867.57,5,107.02
O00942,2025-03-23,C163,Customer 163,Region 5,City 14,P065,Product 65,Category 5,6,194.4,1166.4,10,245.91
O00943,2025-06-21,C240,Customer 240,Region 5,City 1,P074,Product 74,Category 14,6,291.07,1746.42,5,434.59
O00944,2025-10-21,C170,Customer 170,Region 4,City 21,P004,Product 4,Category 4,3,446.21,1338.63,15,182.02
O00945,2025-10-28,C196,Customer 196,Region 6,City 17,P020,Product 20,Category 5,1,261.28,261.28,20,62.31
O00946,2025-12-28,C205,Customer 205,Region 6,City 26,P084,Product 84,Category 9,5,410.58,2052.9,20,286.83
O00947,2025-06-15,C220,Customer 220,Region 9,City 11,P087,Product 87,Category 12,4,230.44,921.76,5,271.85
O00948,2025-01-21,C297,Customer 297,Region 8,City 28,P018,Product 18,Category 3,9,218.78,1969.02,10,193.58
O00949,2025-05-28,C150,Customer 150,Region 8,City 1,P085,Product 85,Category 10,10,456.11,4561.1,0,665.44
O00950,2025-03-29,C115,Customer 115,Region 5,City 26,P090,Product 90,Category 15,1,299.19,299.19,10,50.65
O00951,2025-05-27,C265,Customer 265,Region 8,City 26,P052,Product 52,Category 7,10,409.71,4097.1,0,367.16
O00952,2025-10-31,C111,Customer 111,Region 7,City 22,P091,Product 91,Category 1,6,338.65,2031.9,20,145.38
O00953,2025-10-21,C212,Customer 212,Region 5,City 3,P022,Product 22,Category 7,7,474.2,3319.4,10,328.58
O00954,2025-01-27,C080,Customer 80,Region 8,City 21,P060,Product 60,Category 15,10,197.8,1978.0,0,469.92
O00955,2025-07-20,C294,Customer 294,Region 9,City 25,P062,Product 62,Category 2,3,167.7,503.1,20,36.95
O00956,2025-01-01,C240,Customer 240,Region 5,City 1,P054,Product 54,Category 9,5,12.91,64.55,20,4.49
O00957,2025-10-05,C153,Customer 153,Region 1,City 4,P069,Product 69,Category 9,8,386.3,3090.4,20,562.03
O00958,2025-08-28,C013,Customer 13,Region 6,City 14,P087,Product 87,Category 12,7,230.44,1613.08,5,409.29
O00959,2025-03-07,C265,Customer 265,Region 8,City 26,P077,Product 77,Category 2,4,475.01,1900.04,15,136.75
O00960,2025-02-07,C291,Customer 291,Region 4,City 22,P015,Product 15,Category 15,2,366.97,733.94,5,163.13
O00961,2025-07-19,C156,Customer 156,Region 2,City 7,P042,Product 42,Category 12,8,416.99,3335.92,0,976.8
O00962,2025-08-08,C252,Customer 252,Region 6,City 13,P038,Product 38,Category 8,5,30.8,154.0,20,11.36
O00963,2025-10-20,C028,Customer 28,Region 1,City 29,P078,Product 78,Category 3,6,382.56,2295.36,5,519.79
O00964,2025-09-15,C096,Customer 96,Region 4,City 7,P062,Product 62,Category 2,10,167.7,1677.0,0,460.3
O00965,2025-09-20,C192,Customer 192,Region 3,City 13,P045,Product 45,Category 15,3,189.29,567.87,10,47.62
O00966,2025-05-01,C216,Customer 216,Region 9,City 7,P023,Product 23,Category 8,9,444.27,3998.43,20,441.18
O00967,2025-12-20,C113,Customer 113,Region 8,City 24,P085,Product 85,Category 10,4,456.11,1824.44,10,371.83
O00968,2025-10-30,C115,Customer 115,Region 5,City 26,P088,Product 88,Category 13,10,289.01,2890.1,0,821.03
O00969,2025-12-04,C162,Customer 162,Region 7,City 13,P048,Product 48,Category 3,9,392.2,3529.8,0,378.4
O00970,2025-08-07,C265,Customer 265,Region 8,City 26,P022,Product 22,Category 7,2,474.2,948.4,20,204.94
O00971,2025-11-05,C049,Customer 49,Region 2,City 20,P091,Product 91,Category 1,7,338.65,2370.55,5,341.39
O00972,2025-03-06,C243,Customer 243,Region 10,City 4,P072,Product 72,Category 12,6,27.53,165.18,20,43.46
O00973,2025-03-26,C223,Customer 223,Region 3,City 14,P082,Product 82,Category 7,2,387.7,775.4,10,112.55
O00974,2025-06-19,C270,Customer 270,Region 1,City 1,P052,Product 52,Category 7,9,409.71,3687.39,5,746.64
O00975,2025-04-14,C131,Customer 131,Region 7,City 12,P066,Product 66,Category 6,2,79.06,158.12,15,18.8
O00976,2025-11-26,C050,Customer 50,Region 7,City 21,P016,Product 16,Category 1,2,29.92,59.84,20,17.78
O00977,2025-04-22,C150,Customer 150,Region 8,City 1,P027,Product 27,Category 12,1,273.37,273.37,5,40.94
O00978,2025-07-29,C109,Customer 109,Region 8,City 20,P012,Product 12,Category 12,7,453.15,3172.05,5,247.72
O00979,2025-06-20,C106,Customer 106,Region 2,City 17,P047,Product 47,Category 2,5,198.11,990.55,5,151.11
O00980,2025-03-17,C024,Customer 24,Region 2,City 25,P074,Product 74,Category 14,3,291.07,873.21,10,241.63
O00981,2025-04-05,C293,Customer 293,Region 3,City 24,P034,Product 34,Category 4,5,389.34,1946.7,15,337.13
O00982,2025-04-17,C277,Customer 277,Region 10,City 8,P029,Product 29,Category 14,9,260.21,2341.89,0,140.15
O00983,2025-06-21,C296,Customer 296,Region 2,City 27,P092,Product 92,Category 2,2,134.34,268.68,10,77.2
O00984,2025-04-13,C129,Customer 129,Region 10,City 10,P054,Product 54,Category 9,5,12.91,64.55,0,16.47
O00985,2025-01-29,C127,Customer 127,Region 7,City 8,P046,Product 46,Category 1,9,42.09,378.81,15,92.47
O00986,2025-03-13,C280,Customer 280,Region 4,City 11,P024,Product 24,Category 9,2,73.05,146.1,15,18.44
O00987,2025-10-17,C037,Customer 37,Region 7,City 8,P005,Product 5,Category 5,1,86.73,86.73,0,6.52
O00988,2025-07-17,C141,Customer 141,Region 2,City 22,P092,Product 92,Category 2,5,134.34,671.7,20,60.89
O00989,2025-08-26,C097,Customer 97,Region 6,City 8,P003,Product 3,Category 3,5,436.22,2181.1,0,160.19
O00990,2025-08-12,C123,Customer 123,Region 5,City 4,P044,Product 44,Category 14,8,37.1,296.8,5,42.62
O00991,2025-09-04,C174,Customer 174,Region 10,City 25,P048,Product 48,Category 3,1,392.2,392.2,10,101.54
O00992,2025-03-01,C083,Customer 83,Region 1,City 24,P057,Product 57,Category 12,10,310.13,3101.3,10,344.57
O00993,2025-05-28,C276,Customer 276,Region 2,City 7,P007,Product 7,Category 7,5,451.77,2258.85,5,359.89
O00994,2025-05-20,C129,Customer 129,Region 10,City 10,P084,Product 84,Category 9,7,410.58,2874.06,5,525.05
O00995,2025-11-23,C257,Customer 257,Region 6,City 18,P012,Product 12,Category 12,8,453.15,3625.2,5,715.18
O00996,2025-04-01,C085,Customer 85,Region 3,City 26,P018,Product 18,Category 3,3,218.78,656.34,10,86.92
O00997,2025-02-10,C144,Customer 144,Region 4,City 25,P099,Product 99,Category 9,9,154.71,1392.39,5,138.17
O00998,2025-12-04,C124,Customer 124,Region 5,City 5,P072,Product 72,Category 12,1,27.53,27.53,10,4.31
O00999,2025-11-24,C222,Customer 222,Region 8,City 13,P010,Product 10,Category 10,6,293.01,1758.06,10,497.88
O01000,2025-04-01,C240,Customer 240,Region 5,City 1,P077,Product 77,Category 2,7,475.01,3325.07,15,255.74
O01001,2025-09-05,C016,Customer 16,Region 1,City 17,P050,Product 50,Category 5,4,464.52,1858.08,0,188.3
O01002,2025-02-05,C277,Customer 277,Region 10,City 8,P007,Product 7,Category 7,1,451.77,451.77,5,70.3
O01003,2025-10-09,C209,Customer 209,Region 10,City 30,P042,Product 42,Category 12,9,416.99,3752.91,20,902.72
O01004,2025-07-19,C011,Customer 11,Region 6,City 12,P062,Product 62,Category 2,6,167.7,1006.2,0,211.62
O01005,2025-12-16,C079,Customer 79,Region 7,City 20,P062,Product 62,Category 2,2,167.7,335.4,0,47.35
O01006,2025-05-14,C058,Customer 58,Region 4,City 29,P037,Product 37,Category 7,5,329.5,1647.5,5,449.63
O01007,2025-03-12,C131,Customer 131,Region 7,City 12,P039,Product 39,Category 9,1,489.97,489.97,20,77.94
O01008,2025-12-04,C093,Customer 93,Region 8,City 4,P070,Product 70,Category 10,7,231.01,1617.07,10,431.79
O01009,2025-11-12,C224,Customer 224,Region 6,City 15,P097,Product 97,Category 7,9,226.37,2037.33,0,588.47
O01010,2025-11-22,C263,Customer 263,Region 2,City 24,P073,Product 73,Category 13,7,98.73,691.11,5,74.46
O01011,2025-01-03,C277,Customer 277,Region 10,City 8,P094,Product 94,Category 4,4,65.36,261.44,20,76.7
O01012,2025-04-23,C031,Customer 31,Region 5,City 2,P052,Product 52,Category 7,1,409.71,409.71,15,86.2
O01013,2025-11-27,C017,Customer 17,Region 7,City 18,P090,Product 90,Category 15,2,299.19,598.38,5,105.67
O01014,2025-07-21,C029,Customer 29,Region 9,City 30,P064,Product 64,Category 4,1,445.94,445.94,0,60.25
O01015,2025-12-28,C179,Customer 179,Region 5,City 30,P022,Product 22,Category 7,4,474.2,1896.8,5,292.64
O01016,2025-07-30,C012,Customer 12,Region 1,City 13,P075,Product 75,Category 15,1,418.32,418.32,10,37.31
O01017,2025-10-14,C180,Customer 180,Region 3,City 1,P046,Product 46,Category 1,2,42.09,84.18,15,5.37
O01018,2025-05-02,C132,Customer 132,Region 2,City 13,P005,Product 5,Category 5,5,86.73,433.65,0,128.35
O01019,2025-10-20,C065,Customer 65,Region 3,City 6,P012,Product 12,Category 12,9,453.15,4078.35,10,737.3
O01020,2025-10-15,C055,Customer 55,Region 4,City 26,P077,Product 77,Category 2,5,475.01,2375.05,0,164.7
O01021,2025-03-13,C053,Customer 53,Region 8,City 24,P067,Product 67,Category 7,8,245.24,1961.92,15,179.9
O01022,2025-06-04,C055,Customer 55,Region 4,City 26,P099,Product 99,Category 9,7,154.71,1082.97,5,183.97
O01023,2025-06-03,C083,Customer 83,Region 1,City 24,P028,Product 28,Category 13,9,186.78,1681.02,0,264.13
O01024,2025-01-14,C162,Customer 162,Region 7,City 13,P038,Product 38,Category 8,10,30.8,308.0,5,50.37
O01025,2025-11-17,C102,Customer 102,Region 7,City 13,P015,Product 15,Category 15,3,366.97,1100.91,20,286.03
O01026,2025-03-13,C022,Customer 22,Region 2,City 23,P030,Product 30,Category 15,2,225.39,450.78,10,51.0
O01027,2025-11-18,C107,Customer 107,Region 5,City 18,P039,Product 39,Category 9,5,489.97,2449.85,15,149.1
O01028,2025-01-09,C068,Customer 68,Region 5,City 9,P030,Product 30,Category 15,2,225.39,450.78,10,85.61
O01029,2025-02-01,C012,Customer 12,Region 1,City 13,P095,Product 95,Category 5,1,177.16,177.16,20,48.66
O01030,2025-08-03,C239,Customer 239,Region 2,City 30,P100,Product 100,Category 10,9,118.57,1067.13,5,315.59
O01031,2025-08-25,C080,Customer 80,Region 8,City 21,P079,Product 79,Category 4,5,47.04,235.2,15,55.08
O01032,2025-09-05,C140,Customer 140,Region 2,City 21,P063,Product 63,Category 3,6,307.88,1847.28,10,508.15
O01033,2025-05-13,C005,Customer 5,Region 8,City 6,P008,Product 8,Category 8,6,252.32,1513.92,20,281.32
O01034,2025-09-25,C199,Customer 199,Region 8,City 20,P022,Product 22,Category 7,3,474.2,1422.6,15,408.17
O01035,2025-12-21,C227,Customer 227,Region 9,City 18,P078,Product 78,Category 3,1,382.56,382.56,10,98.7
O01036,2025-12-26,C251,Customer 251,Region 1,City 12,P051,Product 51,Category 6,1,16.21,16.21,15,2.18
O01037,2025-03-17,C252,Customer 252,Region 6,City 13,P031,Product 31,Category 1,5,69.9,349.5,15,38.09
O01038,2025-09-07,C104,Customer 104,Region 4,City 15,P015,Product 15,Category 15,8,366.97,2935.76,5,611.61
O01039,2025-03-22,C076,Customer 76,Region 6,City 17,P017,Product 17,Category 2,10,373.36,3733.6,5,630.57
O01040,2025-06-28,C259,Customer 259,Region 7,City 20,P012,Product 12,Category 12,1,453.15,453.15,10,67.02
O01041,2025-03-11,C134,Customer 134,Region 2,City 15,P030,Product 30,Category 15,7,225.39,1577.73,10,386.67
O01042,2025-04-07,C247,Customer 247,Region 6,City 8,P048,Product 48,Category 3,6,392.2,2353.2,0,153.58
O01043,2025-10-23,C171,Customer 171,Region 3,City 22,P049,Product 49,Category 4,4,491.59,1966.36,20,369.24
O01044,2025-11-09,C166,Customer 166,Region 5,City 17,P094,Product 94,Category 4,4,65.36,261.44,0,33.14
O01045,2025-04-22,C293,Customer 293,Region 3,City 24,P050,Product 50,Category 5,10,464.52,4645.2,0,550.49
O01046,2025-10-24,C004,Customer 4,Region 6,City 5,P089,Product 89,Category 14,10,220.92,2209.2,10,652.8
O01047,2025-06-19,C148,Customer 148,Region 1,City 29,P082,Product 82,Category 7,4,387.7,1550.8,5,382.95
O01048,2025-09-14,C059,Customer 59,Region 10,City 30,P036,Product 36,Category 6,10,93.48,934.8,5,218.39
O01049,2025-10-09,C132,Customer 132,Region 2,City 13,P018,Product 18,Category 3,6,218.78,1312.68,15,78.04
O01050,2025-10-11,C095,Customer 95,Region 7,City 6,P016,Product 16,Category 1,9,29.92,269.28,20,67.68
O01051,2025-03-30,C086,Customer 86,Region 5,City 27,P023,Product 23,Category 8,3,444.27,1332.81,0,109.39
O01052,2025-03-27,C089,Customer 89,Region 3,City 30,P099,Product 99,Category 9,9,154.71,1392.39,5,179.2
O01053,2025-04-12,C267,Customer 267,Region 5,City 28,P093,Product 93,Category 3,9,53.85,484.65,15,139.56
O01054,2025-06-05,C066,Customer 66,Region 5,City 7,P002,Product 2,Category 2,2,181.44,362.88,15,29.31
O01055,2025-07-08,C281,Customer 281,Region 8,City 12,P020,Product 20,Category 5,1,261.28,261.28,20,38.11
O01056,2025-09-27,C001,Customer 1,Region 10,City 2,P061,Product 61,Category 1,9,126.53,1138.77,15,174.36
O01057,2025-04-14,C142,Customer 142,Region 2,City 23,P065,Product 65,Category 5,7,194.4,1360.8,5,404.57
O01058,2025-10-31,C193,Customer 193,Region 4,City 14,P060,Product 60,Category 15,6,197.8,1186.8,15,178.31
O01059,2025-10-12,C243,Customer 243,Region 10,City 4,P097,Product 97,Category 7,4,226.37,905.48,10,85.77
O01060,2025-09-21,C127,Customer 127,Region 7,City 8,P069,Product 69,Category 9,7,386.3,2704.1,5,259.54
O01061,2025-05-23,C177,Customer 177,Region 8,City 28,P075,Product 75,Category 15,6,418.32,2509.92,15,466.28
O01062,2025-12-27,C217,Customer 217,Region 4,City 8,P028,Product 28,Category 13,4,186.78,747.12,10,68.68
O01063,2025-03-22,C295,Customer 295,Region 2,City 26,P035,Product 35,Category 5,8,149.03,1192.24,0,339.61
O01064,2025-09-21,C033,Customer 33,Region 1,City 4,P015,Product 15,Category 15,10,366.97,3669.7,15,550.69
O01065,2025-11-18,C255,Customer 255,Region 9,City 16,P047,Product 47,Category 2,2,198.11,396.22,10,110.73
O01066,2025-05-07,C150,Customer 150,Region 8,City 1,P019,Product 19,Category 4,3,20.62,61.86,0,13.29
O01067,2025-07-19,C276,Customer 276,Region 2,City 7,P042,Product 42,Category 12,4,416.99,1667.96,0,207.21
O01068,2025-10-18,C047,Customer 47,Region 2,City 18,P006,Product 6,Category 6,2,65.37,130.74,15,15.62
O01069,2025-12-23,C008,Customer 8,Region 10,City 9,P092,Product 92,Category 2,2,134.34,268.68,10,59.19
O01070,2025-07-23,C246,Customer 246,Region 10,City 7,P003,Product 3,Category 3,6,436.22,2617.32,5,165.86
O01071,2025-04-06,C144,Customer 144,Region 4,City 25,P033,Product 33,Category 3,2,392.37,784.74,15,230.12
O01072,2025-12-22,C056,Customer 56,Region 10,City 27,P015,Product 15,Category 15,4,366.97,1467.88,5,158.86
O01073,2025-10-17,C170,Customer 170,Region 4,City 21,P083,Product 83,Category 8,10,465.48,4654.8,20,713.44
O01074,2025-05-04,C111,Customer 111,Region 7,City 22,P043,Product 43,Category 13,5,374.4,1872.0,10,308.36
O01075,2025-06-30,C124,Customer 124,Region 5,City 5,P016,Product 16,Category 1,7,29.92,209.44,15,21.2
O01076,2025-09-29,C108,Customer 108,Region 7,City 19,P028,Product 28,Category 13,10,186.78,1867.8,10,535.37
O01077,2025-10-04,C113,Customer 113,Region 8,City 24,P041,Product 41,Category 11,4,267.12,1068.48,0,274.85
O01078,2025-01-10,C232,Customer 232,Region 2,City 23,P061,Product 61,Category 1,3,126.53,379.59,15,97.25
O01079,2025-06-14,C245,Customer 245,Region 3,City 6,P048,Product 48,Category 3,10,392.2,3922.0,15,620.14
O01080,2025-02-17,C204,Customer 204,Region 3,City 25,P055,Product 55,Category 10,4,215.67,862.68,20,189.77
O01081,2025-08-22,C123,Customer 123,Region 5,City 4,P022,Product 22,Category 7,8,474.2,3793.6,20,617.13
O01082,2025-02-24,C263,Customer 263,Region 2,City 24,P044,Product 44,Category 14,3,37.1,111.3,10,32.36
O01083,2025-07-31,C100,Customer 100,Region 1,City 11,P012,Product 12,Category 12,3,453.15,1359.45,0,382.57
O01084,2025-07-28,C255,Customer 255,Region 9,City 16,P048,Product 48,Category 3,5,392.2,1961.0,15,132.77
O01085,2025-03-01,C260,Customer 260,Region 3,City 21,P092,Product 92,Category 2,8,134.34,1074.72,5,305.26
O01086,2025-09-06,C056,Customer 56,Region 10,City 27,P031,Product 31,Category 1,6,69.9,419.4,20,113.39
O01087,2025-03-05,C167,Customer 167,Region 3,City 18,P066,Product 66,Category 6,6,79.06,474.36,5,36.42
O01088,2025-10-22,C067,Customer 67,Region 1,City 8,P062,Product 62,Category 2,3,167.7,503.1,0,113.11
O01089,2025-05-27,C273,Customer 273,Region 8,City 4,P016,Product 16,Category 1,5,29.92,149.6,5,18.9
O01090,2025-06-04,C204,Customer 204,Region 3,City 25,P063,Product 63,Category 3,7,307.88,2155.16,5,460.96
O01091,2025-10-09,C187,Customer 187,Region 3,City 8,P040,Product 40,Category 10,5,456.29,2281.45,0,614.5
O01092,2025-06-16,C023,Customer 23,Region 8,City 24,P075,Product 75,Category 15,9,418.32,3764.88,5,716.63
O01093,2025-04-21,C151,Customer 151,Region 10,City 2,P083,Product 83,Category 8,10,465.48,4654.8,20,274.17
O01094,2025-10-05,C283,Customer 283,Region 10,City 14,P036,Product 36,Category 6,2,93.48,186.96,15,44.62
O01095,2025-12-19,C268,Customer 268,Region 8,City 29,P011,Product 11,Category 11,2,48.35,96.7,5,17.01
O01096,2025-04-05,C107,Customer 107,Region 5,City 18,P072,Product 72,Category 12,4,27.53,110.12,15,9.29
O01097,2025-10-18,C033,Customer 33,Region 1,City 4,P071,Product 71,Category 11,2,289.19,578.38,5,106.46
O01098,2025-11-26,C276,Customer 276,Region 2,City 7,P080,Product 80,Category 5,5,322.73,1613.65,20,129.69
O01099,2025-09-12,C280,Customer 280,Region 4,City 11,P011,Product 11,Category 11,4,48.35,193.4,5,33.51
O01100,2025-05-11,C095,Customer 95,Region 7,City 6,P083,Product 83,Category 8,1,465.48,465.48,10,39.85
O01101,2025-10-29,C155,Customer 155,Region 3,City 6,P044,Product 44,Category 14,4,37.1,148.4,0,42.98
O01102,2025-01-24,C086,Customer 86,Region 5,City 27,P093,Product 93,Category 3,5,53.85,269.25,10,63.93
O01103,2025-06-01,C035,Customer 35,Region 1,City 6,P015,Product 15,Category 15,4,366.97,1467.88,15,216.56
O01104,2025-09-17,C047,Customer 47,Region 2,City 18,P043,Product 43,Category 13,2,374.4,748.8,0,87.76
O01105,2025-11-22,C140,Customer 140,Region 2,City 21,P079,Product 79,Category 4,10,47.04,470.4,10,87.98
O01106,2025-04-06,C185,Customer 185,Region 10,City 6,P085,Product 85,Category 10,2,456.11,912.22,15,45.67
O01107,2025-09-10,C017,Customer 17,Region 7,City 18,P001,Product 1,Category 1,8,254.75,2038.0,5,499.41
O01108,2025-01-23,C250,Customer 250,Region 5,City 11,P099,Product 99,Category 9,1,154.71,154.71,15,10.95
O01109,2025-02-09,C163,Customer 163,Region 5,City 14,P012,Product 12,Category 12,3,453.15,1359.45,20,283.25
O01110,2025-04-02,C211,Customer 211,Region 9,City 2,P010,Product 10,Category 10,8,293.01,2344.08,10,371.25
O01111,2025-11-03,C093,Customer 93,Region 8,City 4,P036,Product 36,Category 6,2,93.48,186.96,0,31.49
O01112,2025-05-16,C240,Customer 240,Region 5,City 1,P004,Product 4,Category 4,10,446.21,4462.1,15,923.72
O01113,2025-12-09,C127,Customer 127,Region 7,City 8,P029,Product 29,Category 14,5,260.21,1301.05,15,111.56
O01114,2025-08-16,C268,Customer 268,Region 8,City 29,P084,Product 84,Category 9,2,410.58,821.16,15,113.11
O01115,2025-11-01,C160,Customer 160,Region 7,City 11,P068,Product 68,Category 8,10,366.31,3663.1,20,748.53
O01116,2025-01-12,C218,Customer 218,Region 4,City 9,P055,Product 55,Category 10,6,215.67,1294.02,15,168.26
O01117,2025-01-21,C282,Customer 282,Region 1,City 13,P029,Product 29,Category 14,2,260.21,520.42,10,117.38
O01118,2025-06-01,C173,Customer 173,Region 4,City 24,P034,Product 34,Category 4,3,389.34,1168.02,5,178.94
O01119,2025-10-19,C291,Customer 291,Region 4,City 22,P067,Product 67,Category 7,9,245.24,2207.16,20,347.79
O01120,2025-05-24,C176,Customer 176,Region 3,City 27,P089,Product 89,Category 14,8,220.92,1767.36,5,110.4
O01121,2025-07-07,C003,Customer 3,Region 9,City 4,P084,Product 84,Category 9,9,410.58,3695.22,5,690.46
O01122,2025-07-10,C274,Customer 274,Region 1,City 5,P045,Product 45,Category 15,4,189.29,757.16,15,166.9
O01123,2025-07-25,C170,Customer 170,Region 4,City 21,P069,Product 69,Category 9,8,386.3,3090.4,5,261.04
O01124,2025-05-01,C153,Customer 153,Region 1,City 4,P039,Product 39,Category 9,5,489.97,2449.85,20,490.22
O01125,2025-01-06,C004,Customer 4,Region 6,City 5,P047,Product 47,Category 2,4,198.11,792.44,0,157.22
O01126,2025-06-30,C060,Customer 60,Region 4,City 1,P051,Product 51,Category 6,6,16.21,97.26,20,13.92
O01127,2025-08-30,C141,Customer 141,Region 2,City 22,P085,Product 85,Category 10,5,456.11,2280.55,10,125.4
O01128,2025-04-07,C158,Customer 158,Region 9,City 9,P079,Product 79,Category 4,9,47.04,423.36,20,27.82
O01129,2025-03-08,C201,Customer 201,Region 4,City 22,P003,Product 3,Category 3,4,436.22,1744.88,15,339.38
O01130,2025-09-21,C282,Customer 282,Region 1,City 13,P052,Product 52,Category 7,8,409.71,3277.68,5,503.99
O01131,2025-03-05,C278,Customer 278,Region 2,City 9,P001,Product 1,Category 1,7,254.75,1783.25,10,137.03
O01132,2025-06-22,C086,Customer 86,Region 5,City 27,P050,Product 50,Category 5,8,464.52,3716.16,10,524.15
O01133,2025-12-18,C006,Customer 6,Region 9,City 7,P063,Product 63,Category 3,2,307.88,615.76,10,112.91
O01134,2025-09-22,C298,Customer 298,Region 4,City 29,P017,Product 17,Category 2,3,373.36,1120.08,15,128.78
O01135,2025-05-19,C065,Customer 65,Region 3,City 6,P012,Product 12,Category 12,2,453.15,906.3,10,76.17
O01136,2025-08-31,C259,Customer 259,Region 7,City 20,P068,Product 68,Category 8,7,366.31,2564.17,0,728.61
O01137,2025-04-29,C005,Customer 5,Region 8,City 6,P076,Product 76,Category 1,6,21.06,126.36,5,32.48
O01138,2025-05-03,C176,Customer 176,Region 3,City 27,P076,Product 76,Category 1,4,21.06,84.24,10,21.87
O01139,2025-05-02,C025,Customer 25,Region 6,City 26,P073,Product 73,Category 13,10,98.73,987.3,10,170.9
O01140,2025-09-02,C295,Customer 295,Region 2,City 26,P086,Product 86,Category 11,6,371.95,2231.7,20,499.6
O01141,2025-10-21,C252,Customer 252,Region 6,City 13,P013,Product 13,Category 13,8,47.04,376.32,0,77.0
O01142,2025-09-13,C284,Customer 284,Region 8,City 15,P048,Product 48,Category 3,6,392.2,2353.2,15,611.99
O01143,2025-06-15,C183,Customer 183,Region 1,City 4,P019,Product 19,Category 4,10,20.62,206.2,0,24.1
O01144,2025-07-26,C141,Customer 141,Region 2,City 22,P086,Product 86,Category 11,2,371.95,743.9,10,161.16
O01145,2025-10-11,C116,Customer 116,Region 1,City 27,P022,Product 22,Category 7,2,474.2,948.4,15,80.65
O01146,2025-03-21,C270,Customer 270,Region 1,City 1,P035,Product 35,Category 5,6,149.03,894.18,0,106.56
O01147,2025-01-15,C221,Customer 221,Region 1,City 12,P074,Product 74,Category 14,4,291.07,1164.28,15,163.14
O01148,2025-01-29,C098,Customer 98,Region 5,City 9,P005,Product 5,Category 5,10,86.73,867.3,0,77.6
O01149,2025-12-10,C294,Customer 294,Region 9,City 25,P071,Product 71,Category 11,9,289.19,2602.71,15,180.93
O01150,2025-07-21,C156,Customer 156,Region 2,City 7,P072,Product 72,Category 12,3,27.53,82.59,20,7.62
O01151,2025-04-14,C020,Customer 20,Region 4,City 21,P028,Product 28,Category 13,5,186.78,933.9,5,63.3
O01152,2025-01-13,C047,Customer 47,Region 2,City 18,P068,Product 68,Category 8,2,366.31,732.62,0,174.75
O01153,2025-12-26,C287,Customer 287,Region 1,City 18,P063,Product 63,Category 3,8,307.88,2463.04,15,413.52
O01154,2025-09-07,C290,Customer 290,Region 2,City 21,P028,Product 28,Category 13,1,186.78,186.78,10,33.42
O01155,2025-07-11,C052,Customer 52,Region 4,City 23,P016,Product 16,Category 1,1,29.92,29.92,0,6.82
O01156,2025-07-23,C031,Customer 31,Region 5,City 2,P031,Product 31,Category 1,7,69.9,489.3,15,74.47
O01157,2025-06-21,C129,Customer 129,Region 10,City 10,P075,Product 75,Category 15,2,418.32,836.64,0,168.93
O01158,2025-05-04,C024,Customer 24,Region 2,City 25,P042,Product 42,Category 12,10,416.99,4169.9,15,222.7
O01159,2025-11-02,C218,Customer 218,Region 4,City 9,P092,Product 92,Category 2,4,134.34,537.36,10,116.49
O01160,2025-08-21,C220,Customer 220,Region 9,City 11,P090,Product 90,Category 15,10,299.19,2991.9,20,403.87
O01161,2025-03-25,C046,Customer 46,Region 4,City 17,P089,Product 89,Category 14,7,220.92,1546.44,5,341.63
O01162,2025-03-24,C159,Customer 159,Region 9,City 10,P016,Product 16,Category 1,9,29.92,269.28,15,23.66
O01163,2025-04-18,C195,Customer 195,Region 1,City 16,P064,Product 64,Category 4,2,445.94,891.88,15,220.64
O01164,2025-11-21,C119,Customer 119,Region 1,City 30,P055,Product 55,Category 10,3,215.67,647.01,0,193.36
O01165,2025-08-04,C179,Customer 179,Region 5,City 30,P075,Product 75,Category 15,2,418.32,836.64,5,66.64
O01166,2025-06-06,C072,Customer 72,Region 9,City 13,P015,Product 15,Category 15,1,366.97,366.97,5,96.68
O01167,2025-03-17,C224,Customer 224,Region 6,City 15,P077,Product 77,Category 2,8,475.01,3800.08,15,489.36
O01168,2025-05-22,C186,Customer 186,Region 8,City 7,P059,Product 59,Category 14,5,348.66,1743.3,0,492.74
O01169,2025-01-14,C167,Customer 167,Region 3,City 18,P061,Product 61,Category 1,8,126.53,1012.24,20,296.49
O01170,2025-07-17,C264,Customer 264,Region 2,City 25,P024,Product 24,Category 9,3,73.05,219.15,0,43.43
O01171,2025-01-24,C061,Customer 61,Region 1,City 2,P030,Product 30,Category 15,5,225.39,1126.95,10,220.61
O01172,2025-06-07,C216,Customer 216,Region 9,City 7,P023,Product 23,Category 8,1,444.27,444.27,10,55.73
O01173,2025-09-12,C075,Customer 75,Region 3,City 16,P014,Product 14,Category 14,7,159.28,1114.96,20,154.81
O01174,2025-10-20,C204,Customer 204,Region 3,City 25,P075,Product 75,Category 15,10,418.32,4183.2,10,564.71
O01175,2025-10-01,C264,Customer 264,Region 2,City 25,P039,Product 39,Category 9,7,489.97,3429.79,0,438.93
O01176,2025-10-30,C185,Customer 185,Region 10,City 6,P061,Product 61,Category 1,3,126.53,379.59,5,101.49
O01177,2025-01-29,C114,Customer 114,Region 5,City 25,P026,Product 26,Category 11,2,474.87,949.74,5,216.24
O01178,2025-10-21,C071,Customer 71,Region 3,City 12,P078,Product 78,Category 3,2,382.56,765.12,5,119.74
O01179,2025-09-30,C273,Customer 273,Region 8,City 4,P010,Product 10,Category 10,9,293.01,2637.09,5,675.47
O01180,2025-06-12,C240,Customer 240,Region 5,City 1,P077,Product 77,Category 2,6,475.01,2850.06,10,552.99
O01181,2025-01-22,C269,Customer 269,Region 6,City 30,P043,Product 43,Category 13,3,374.4,1123.2,5,163.62
O01182,2025-01-01,C125,Customer 125,Region 6,City 6,P045,Product 45,Category 15,5,189.29,946.45,10,258.02
O01183,2025-05-08,C096,Customer 96,Region 4,City 7,P024,Product 24,Category 9,2,73.05,146.1,15,27.76
O01184,2025-10-04,C095,Customer 95,Region 7,City 6,P081,Product 81,Category 6,6,112.74,676.44,15,133.83
O01185,2025-01-22,C198,Customer 198,Region 4,City 19,P064,Product 64,Category 4,2,445.94,891.88,0,172.84
O01186,2025-04-26,C031,Customer 31,Region 5,City 2,P088,Product 88,Category 13,2,289.01,578.02,0,126.16
O01187,2025-09-09,C159,Customer 159,Region 9,City 10,P087,Product 87,Category 12,8,230.44,1843.52,5,412.19
O01188,2025-09-01,C001,Customer 1,Region 10,City 2,P032,Product 32,Category 2,6,246.16,1476.96,20,93.81
O01189,2025-03-30,C025,Customer 25,Region 6,City 26,P046,Product 46,Category 1,9,42.09,378.81,20,91.19
O01190,2025-04-03,C186,Customer 186,Region 8,City 7,P063,Product 63,Category 3,3,307.88,923.64,15,100.98
O01191,2025-04-04,C025,Customer 25,Region 6,City 26,P071,Product 71,Category 11,9,289.19,2602.71,15,201.31
O01192,2025-01-15,C100,Customer 100,Region 1,City 11,P020,Product 20,Category 5,6,261.28,1567.68,0,184.7
O01193,2025-02-15,C196,Customer 196,Region 6,City 17,P036,Product 36,Category 6,5,93.48,467.4,15,130.87
O01194,2025-11-13,C087,Customer 87,Region 7,City 28,P030,Product 30,Category 15,7,225.39,1577.73,15,311.39
O01195,2025-02-08,C265,Customer 265,Region 8,City 26,P089,Product 89,Category 14,9,220.92,1988.28,0,132.25
O01196,2025-03-31,C014,Customer 14,Region 7,City 15,P091,Product 91,Category 1,2,338.65,677.3,0,160.44
O01197,2025-11-16,C274,Customer 274,Region 1,City 5,P059,Product 59,Category 14,2,348.66,697.32,0,111.43
O01198,2025-03-08,C173,Customer 173,Region 4,City 24,P022,Product 22,Category 7,1,474.2,474.2,0,71.73
O01199,2025-09-21,C060,Customer 60,Region 4,City 1,P062,Product 62,Category 2,7,167.7,1173.9,20,72.31
O01200,2025-06-06,C177,Customer 177,Region 8,City 28,P035,Product 35,Category 5,10,149.03,1490.3,5,441.4
O01201,2025-02-11,C218,Customer 218,Region 4,City 9,P007,Product 7,Category 7,10,451.77,4517.7,20,773.6
O01202,2025-12-06,C107,Customer 107,Region 5,City 18,P036,Product 36,Category 6,2,93.48,186.96,20,13.11
O01203,2025-11-12,C209,Customer 209,Region 10,City 30,P098,Product 98,Category 8,10,335.46,3354.6,5,946.27
O01204,2025-02-23,C085,Customer 85,Region 3,City 26,P072,Product 72,Category 12,7,27.53,192.71,10,57.04
O01205,2025-10-27,C289,Customer 289,Region 6,City 20,P055,Product 55,Category 10,5,215.67,1078.35,20,271.83
O01206,2025-06-08,C033,Customer 33,Region 1,City 4,P033,Product 33,Category 3,2,392.37,784.74,15,185.65
O01207,2025-06-02,C120,Customer 120,Region 8,City 1,P004,Product 4,Category 4,4,446.21,1784.84,0,173.35
O01208,2025-06-23,C244,Customer 244,Region 3,City 5,P011,Product 11,Category 11,5,48.35,241.75,0,52.24
O01209,2025-12-20,C154,Customer 154,Region 10,City 5,P011,Product 11,Category 11,4,48.35,193.4,15,15.89
O01210,2025-11-09,C193,Customer 193,Region 4,City 14,P036,Product 36,Category 6,4,93.48,373.92,15,78.15
O01211,2025-11-22,C122,Customer 122,Region 3,City 3,P093,Product 93,Category 3,3,53.85,161.55,10,44.39
O01212,2025-10-21,C090,Customer 90,Region 4,City 1,P010,Product 10,Category 10,1,293.01,293.01,20,15.11
O01213,2025-10-01,C164,Customer 164,Region 3,City 15,P032,Product 32,Category 2,10,246.16,2461.6,20,173.57
O01214,2025-08-05,C202,Customer 202,Region 7,City 23,P039,Product 39,Category 9,1,489.97,489.97,10,50.35
O01215,2025-03-30,C177,Customer 177,Region 8,City 28,P093,Product 93,Category 3,7,53.85,376.95,20,49.45
O01216,2025-01-25,C058,Customer 58,Region 4,City 29,P014,Product 14,Category 14,2,159.28,318.56,5,31.28
O01217,2025-06-29,C173,Customer 173,Region 4,City 24,P017,Product 17,Category 2,6,373.36,2240.16,10,643.87
O01218,2025-05-15,C078,Customer 78,Region 8,City 19,P044,Product 44,Category 14,7,37.1,259.7,5,57.03
O01219,2025-08-10,C126,Customer 126,Region 7,City 7,P070,Product 70,Category 10,10,231.01,2310.1,10,270.98
O01220,2025-05-20,C165,Customer 165,Region 9,City 16,P014,Product 14,Category 14,5,159.28,796.4,5,193.2
O01221,2025-09-28,C124,Customer 124,Region 5,City 5,P013,Product 13,Category 13,4,47.04,188.16,20,26.1
O01222,2025-08-03,C142,Customer 142,Region 2,City 23,P099,Product 99,Category 9,6,154.71,928.26,15,51.75
O01223,2025-08-05,C081,Customer 81,Region 7,City 22,P089,Product 89,Category 14,8,220.92,1767.36,20,517.75
O01224,2025-02-14,C164,Customer 164,Region 3,City 15,P004,Product 4,Category 4,7,446.21,3123.47,20,249.61
O01225,2025-08-12,C292,Customer 292,Region 7,City 23,P050,Product 50,Category 5,2,464.52,929.04,0,158.17
O01226,2025-02-07,C051,Customer 51,Region 10,City 22,P061,Product 61,Category 1,8,126.53,1012.24,15,219.71
O01227,2025-05-23,C183,Customer 183,Region 1,City 4,P022,Product 22,Category 7,7,474.2,3319.4,20,330.4
O01228,2025-12-07,C131,Customer 131,Region 7,City 12,P053,Product 53,Category 8,5,434.3,2171.5,5,169.03
O01229,2025-01-03,C076,Customer 76,Region 6,City 17,P033,Product 33,Category 3,5,392.37,1961.85,10,497.8
O01230,2025-06-10,C165,Customer 165,Region 9,City 16,P034,Product 34,Category 4,6,389.34,2336.04,20,581.89
O01231,2025-08-27,C205,Customer 205,Region 6,City 26,P049,Product 49,Category 4,2,491.59,983.18,10,129.58
O01232,2025-10-22,C024,Customer 24,Region 2,City 25,P076,Product 76,Category 1,1,21.06,21.06,15,4.89
O01233,2025-06-05,C042,Customer 42,Region 5,City 13,P047,Product 47,Category 2,1,198.11,198.11,10,58.33
O01234,2025-04-01,C017,Customer 17,Region 7,City 18,P020,Product 20,Category 5,2,261.28,522.56,15,100.2
O01235,2025-10-22,C255,Customer 255,Region 9,City 16,P033,Product 33,Category 3,3,392.37,1177.11,10,200.9
O01236,2025-08-24,C292,Customer 292,Region 7,City 23,P029,Product 29,Category 14,3,260.21,780.63,20,202.94
O01237,2025-01-28,C030,Customer 30,Region 1,City 1,P081,Product 81,Category 6,2,112.74,225.48,10,41.64
O01238,2025-08-13,C161,Customer 161,Region 10,City 12,P055,Product 55,Category 10,4,215.67,862.68,5,109.7
O01239,2025-10-04,C155,Customer 155,Region 3,City 6,P041,Product 41,Category 11,10,267.12,2671.2,10,719.42
O01240,2025-10-15,C203,Customer 203,Region 9,City 24,P007,Product 7,Category 7,8,451.77,3614.16,10,610.92
O01241,2025-05-31,C064,Customer 64,Region 2,City 5,P048,Product 48,Category 3,9,392.2,3529.8,0,437.07
O01242,2025-06-04,C082,Customer 82,Region 6,City 23,P085,Product 85,Category 10,3,456.11,1368.33,5,321.8
O01243,2025-06-28,C008,Customer 8,Region 10,City 9,P013,Product 13,Category 13,8,47.04,376.32,10,74.65
O01244,2025-10-02,C022,Customer 22,Region 2,City 23,P087,Product 87,Category 12,7,230.44,1613.08,20,171.67
O01245,2025-06-22,C190,Customer 190,Region 3,City 11,P026,Product 26,Category 11,1,474.87,474.87,15,122.34
O01246,2025-01-19,C223,Customer 223,Region 3,City 14,P070,Product 70,Category 10,4,231.01,924.04,0,57.78
O01247,2025-12-10,C021,Customer 21,Region 5,City 22,P099,Product 99,Category 9,3,154.71,464.13,15,101.28
O01248,2025-10-27,C253,Customer 253,Region 7,City 14,P012,Product 12,Category 12,10,453.15,4531.5,10,552.87
O01249,2025-03-03,C180,Customer 180,Region 3,City 1,P054,Product 54,Category 9,6,12.91,77.46,0,16.03
O01250,2025-01-13,C137,Customer 137,Region 10,City 18,P034,Product 34,Category 4,9,389.34,3504.06,5,327.55
O01251,2025-05-21,C100,Customer 100,Region 1,City 11,P019,Product 19,Category 4,1,20.62,20.62,5,4.3
O01252,2025-09-13,C225,Customer 225,Region 7,City 16,P089,Product 89,Category 14,3,220.92,662.76,20,133.02
O01253,2025-12-18,C057,Customer 57,Region 7,City 28,P023,Product 23,Category 8,7,444.27,3109.89,15,710.89
O01254,2025-08-29,C288,Customer 288,Region 8,City 19,P020,Product 20,Category 5,4,261.28,1045.12,10,57.48
O01255,2025-09-29,C043,Customer 43,Region 9,City 14,P043,Product 43,Category 13,2,374.4,748.8,10,202.95
O01256,2025-09-06,C158,Customer 158,Region 9,City 9,P078,Product 78,Category 3,8,382.56,3060.48,5,347.11
O01257,2025-06-05,C259,Customer 259,Region 7,City 20,P037,Product 37,Category 7,9,329.5,2965.5,5,745.9
O01258,2025-06-18,C106,Customer 106,Region 2,City 17,P089,Product 89,Category 14,1,220.92,220.92,5,34.26
O01259,2025-04-19,C247,Customer 247,Region 6,City 8,P060,Product 60,Category 15,9,197.8,1780.2,0,415.37
O01260,2025-09-18,C009,Customer 9,Region 7,City 10,P072,Product 72,Category 12,5,27.53,137.65,5,36.98
O01261,2025-02-18,C017,Customer 17,Region 7,City 18,P055,Product 55,Category 10,3,215.67,647.01,15,51.91
O01262,2025-12-29,C230,Customer 230,Region 1,City 21,P039,Product 39,Category 9,4,489.97,1959.88,15,308.7
O01263,2025-03-23,C165,Customer 165,Region 9,City 16,P010,Product 10,Category 10,10,293.01,2930.1,15,382.4
O01264,2025-08-04,C298,Customer 298,Region 4,City 29,P070,Product 70,Category 10,3,231.01,693.03,15,189.23
O01265,2025-05-20,C175,Customer 175,Region 4,City 26,P034,Product 34,Category 4,8,389.34,3114.72,15,516.0
O01266,2025-05-15,C259,Customer 259,Region 7,City 20,P052,Product 52,Category 7,8,409.71,3277.68,0,338.43
O01267,2025-04-21,C185,Customer 185,Region 10,City 6,P071,Product 71,Category 11,4,289.19,1156.76,10,286.63
O01268,2025-01-05,C040,Customer 40,Region 3,City 11,P067,Product 67,Category 7,8,245.24,1961.92,5,553.68
O01269,2025-12-10,C172,Customer 172,Region 1,City 23,P044,Product 44,Category 14,4,37.1,148.4,20,41.68
O01270,2025-11-05,C223,Customer 223,Region 3,City 14,P004,Product 4,Category 4,4,446.21,1784.84,20,489.09
O01271,2025-08-25,C083,Customer 83,Region 1,City 24,P099,Product 99,Category 9,7,154.71,1082.97,10,107.91
O01272,2025-07-22,C153,Customer 153,Region 1,City 4,P089,Product 89,Category 14,10,220.92,2209.2,10,461.45
O01273,2025-09-18,C283,Customer 283,Region 10,City 14,P016,Product 16,Category 1,6,29.92,179.52,10,13.97
O01274,2025-10-05,C136,Customer 136,Region 5,City 17,P052,Product 52,Category 7,7,409.71,2867.97,15,578.07
O01275,2025-04-03,C162,Customer 162,Region 7,City 13,P100,Product 100,Category 10,3,118.57,355.71,0,42.96
O01276,2025-06-05,C103,Customer 103,Region 3,City 14,P015,Product 15,Category 15,5,366.97,1834.85,20,282.64
O01277,2025-07-09,C037,Customer 37,Region 7,City 8,P050,Product 50,Category 5,1,464.52,464.52,15,112.62
O01278,2025-12-12,C138,Customer 138,Region 2,City 19,P094,Product 94,Category 4,8,65.36,522.88,0,48.28
O01279,2025-03-10,C231,Customer 231,Region 7,City 22,P073,Product 73,Category 13,6,98.73,592.38,15,93.7
O01280,2025-10-10,C288,Customer 288,Region 8,City 19,P040,Product 40,Category 10,7,456.29,3194.03,20,635.85
O01281,2025-03-14,C235,Customer 235,Region 4,City 26,P071,Product 71,Category 11,2,289.19,578.38,20,34.5
O01282,2025-09-19,C256,Customer 256,Region 10,City 17,P057,Product 57,Category 12,6,310.13,1860.78,15,316.75
O01283,2025-09-22,C006,Customer 6,Region 9,City 7,P047,Product 47,Category 2,9,198.11,1782.99,0,113.11
O01284,2025-10-14,C181,Customer 181,Region 4,City 2,P001,Product 1,Category 1,3,254.75,764.25,15,110.84
O01285,2025-05-12,C229,Customer 229,Region 2,City 20,P058,Product 58,Category 13,1,201.63,201.63,15,34.42
O01286,2025-03-10,C154,Customer 154,Region 10,City 5,P044,Product 44,Category 14,9,37.1,333.9,5,90.5
O01287,2025-09-03,C204,Customer 204,Region 3,City 25,P009,Product 9,Category 9,9,154.35,1389.15,20,81.72
O01288,2025-07-11,C221,Customer 221,Region 1,City 12,P095,Product 95,Category 5,7,177.16,1240.12,20,208.6
O01289,2025-05-28,C298,Customer 298,Region 4,City 29,P017,Product 17,Category 2,5,373.36,1866.8,10,443.78
O01290,2025-03-08,C114,Customer 114,Region 5,City 25,P059,Product 59,Category 14,6,348.66,2091.96,20,622.78
O01291,2025-12-05,C037,Customer 37,Region 7,City 8,P009,Product 9,Category 9,10,154.35,1543.5,15,430.38
O01292,2025-07-13,C128,Customer 128,Region 2,City 9,P070,Product 70,Category 10,7,231.01,1617.07,15,354.25
O01293,2025-06-17,C267,Customer 267,Region 5,City 28,P036,Product 36,Category 6,4,93.48,373.92,20,25.46
O01294,2025-01-16,C154,Customer 154,Region 10,City 5,P020,Product 20,Category 5,4,261.28,1045.12,5,200.5
O01295,2025-10-11,C201,Customer 201,Region 4,City 22,P008,Product 8,Category 8,3,252.32,756.96,5,148.93
O01296,2025-04-02,C186,Customer 186,Region 8,City 7,P002,Product 2,Category 2,10,181.44,1814.4,15,302.94
O01297,2025-10-04,C125,Customer 125,Region 6,City 6,P085,Product 85,Category 10,5,456.11,2280.55,0,663.32
O01298,2025-06-23,C107,Customer 107,Region 5,City 18,P090,Product 90,Category 15,8,299.19,2393.52,0,545.74
O01299,2025-09-30,C267,Customer 267,Region 5,City 28,P012,Product 12,Category 12,7,453.15,3172.05,0,661.72
O01300,2025-11-19,C051,Customer 51,Region 10,City 22,P097,Product 97,Category 7,10,226.37,2263.7,5,528.56
O01301,2025-12-28,C105,Customer 105,Region 7,City 16,P060,Product 60,Category 15,10,197.8,1978.0,10,538.03
O01302,2025-02-13,C073,Customer 73,Region 7,City 14,P006,Product 6,Category 6,6,65.37,392.22,5,23.72
O01303,2025-07-31,C132,Customer 132,Region 2,City 13,P034,Product 34,Category 4,6,389.34,2336.04,15,170.83
O01304,2025-06-12,C118,Customer 118,Region 4,City 29,P026,Product 26,Category 11,1,474.87,474.87,5,129.65
O01305,2025-03-31,C092,Customer 92,Region 2,City 3,P015,Product 15,Category 15,5,366.97,1834.85,15,488.3
O01306,2025-09-02,C211,Customer 211,Region 9,City 2,P072,Product 72,Category 12,1,27.53,27.53,10,3.51
O01307,2025-03-03,C294,Customer 294,Region 9,City 25,P029,Product 29,Category 14,1,260.21,260.21,10,77.11
O01308,2025-04-19,C055,Customer 55,Region 4,City 26,P099,Product 99,Category 9,8,154.71,1237.68,20,150.24
O01309,2025-12-12,C185,Customer 185,Region 10,City 6,P042,Product 42,Category 12,7,416.99,2918.93,10,623.4
O01310,2025-01-16,C178,Customer 178,Region 3,City 29,P029,Product 29,Category 14,8,260.21,2081.68,20,326.08
O01311,2025-12-10,C139,Customer 139,Region 8,City 20,P020,Product 20,Category 5,4,261.28,1045.12,5,61.99
O01312,2025-05-17,C113,Customer 113,Region 8,City 24,P088,Product 88,Category 13,10,289.01,2890.1,0,491.73
O01313,2025-10-04,C050,Customer 50,Region 7,City 21,P085,Product 85,Category 10,9,456.11,4104.99,5,466.93
O01314,2025-01-30,C113,Customer 113,Region 8,City 24,P028,Product 28,Category 13,5,186.78,933.9,5,98.36
O01315,2025-08-19,C260,Customer 260,Region 3,City 21,P055,Product 55,Category 10,4,215.67,862.68,10,233.92
O01316,2025-03-19,C299,Customer 299,Region 8,City 30,P038,Product 38,Category 8,6,30.8,184.8,15,41.11
O01317,2025-07-10,C235,Customer 235,Region 4,City 26,P004,Product 4,Category 4,9,446.21,4015.89,5,1007.39
O01318,2025-02-13,C027,Customer 27,Region 5,City 28,P014,Product 14,Category 14,3,159.28,477.84,0,64.83
O01319,2025-06-07,C008,Customer 8,Region 10,City 9,P026,Product 26,Category 11,6,474.87,2849.22,15,606.95
O01320,2025-12-04,C002,Customer 2,Region 1,City 3,P071,Product 71,Category 11,7,289.19,2024.33,15,283.24
O01321,2025-12-25,C172,Customer 172,Region 1,City 23,P054,Product 54,Category 9,6,12.91,77.46,15,21.49
O01322,2025-12-11,C026,Customer 26,Region 7,City 27,P064,Product 64,Category 4,7,445.94,3121.58,20,720.68
O01323,2025-03-07,C114,Customer 114,Region 5,City 25,P094,Product 94,Category 4,10,65.36,653.6,10,168.53
O01324,2025-06-25,C076,Customer 76,Region 6,City 17,P059,Product 59,Category 14,1,348.66,348.66,5,26.67
O01325,2025-07-20,C245,Customer 245,Region 3,City 6,P037,Product 37,Category 7,6,329.5,1977.0,20,564.52
O01326,2025-05-08,C058,Customer 58,Region 4,City 29,P087,Product 87,Category 12,8,230.44,1843.52,15,492.71
O01327,2025-07-25,C278,Customer 278,Region 2,City 9,P025,Product 25,Category 10,7,34.77,243.39,5,64.4
O01328,2025-07-05,C107,Customer 107,Region 5,City 18,P081,Product 81,Category 6,6,112.74,676.44,0,180.0
O01329,2025-03-11,C044,Customer 44,Region 2,City 15,P098,Product 98,Category 8,1,335.46,335.46,5,63.25
O01330,2025-09-20,C174,Customer 174,Region 10,City 25,P031,Product 31,Category 1,9,69.9,629.1,5,142.47
O01331,2025-09-23,C210,Customer 210,Region 7,City 1,P067,Product 67,Category 7,9,245.24,2207.16,10,155.62
O01332,2025-05-27,C269,Customer 269,Region 6,City 30,P003,Product 3,Category 3,8,436.22,3489.76,10,465.78
O01333,2025-04-18,C007,Customer 7,Region 10,City 8,P073,Product 73,Category 13,5,98.73,493.65,15,54.82
O01334,2025-08-29,C255,Customer 255,Region 9,City 16,P097,Product 97,Category 7,1,226.37,226.37,10,52.26
O01335,2025-07-21,C056,Customer 56,Region 10,City 27,P038,Product 38,Category 8,1,30.8,30.8,10,7.65
O01336,2025-04-05,C095,Customer 95,Region 7,City 6,P082,Product 82,Category 7,2,387.7,775.4,15,148.72
O01337,2025-05-05,C136,Customer 136,Region 5,City 17,P087,Product 87,Category 12,1,230.44,230.44,20,29.1
O01338,2025-04-07,C223,Customer 223,Region 3,City 14,P006,Product 6,Category 6,1,65.37,65.37,0,8.57
O01339,2025-03-27,C252,Customer 252,Region 6,City 13,P057,Product 57,Category 12,4,310.13,1240.52,20,242.54
O01340,2025-03-22,C190,Customer 190,Region 3,City 11,P070,Product 70,Category 10,1,231.01,231.01,10,20.32
O01341,2025-10-28,C225,Customer 225,Region 7,City 16,P032,Product 32,Category 2,8,246.16,1969.28,5,160.1
O01342,2025-06-24,C267,Customer 267,Region 5,City 28,P009,Product 9,Category 9,7,154.35,1080.45,20,276.26
O01343,2025-09-21,C144,Customer 144,Region 4,City 25,P003,Product 3,Category 3,1,436.22,436.22,15,97.83
O01344,2025-02-16,C131,Customer 131,Region 7,City 12,P095,Product 95,Category 5,5,177.16,885.8,20,214.55
O01345,2025-12-10,C123,Customer 123,Region 5,City 4,P043,Product 43,Category 13,10,374.4,3744.0,15,803.92
O01346,2025-11-17,C145,Customer 145,Region 10,City 26,P004,Product 4,Category 4,3,446.21,1338.63,10,228.35
O01347,2025-05-27,C082,Customer 82,Region 6,City 23,P091,Product 91,Category 1,10,338.65,3386.5,15,669.66
O01348,2025-12-07,C255,Customer 255,Region 9,City 16,P023,Product 23,Category 8,5,444.27,2221.35,20,452.68
O01349,2025-01-18,C206,Customer 206,Region 7,City 27,P092,Product 92,Category 2,10,134.34,1343.4,15,163.27
O01350,2025-11-07,C251,Customer 251,Region 1,City 12,P010,Product 10,Category 10,1,293.01,293.01,10,43.23
O01351,2025-01-25,C156,Customer 156,Region 2,City 7,P004,Product 4,Category 4,5,446.21,2231.05,0,142.5
O01352,2025-05-28,C099,Customer 99,Region 8,City 10,P061,Product 61,Category 1,7,126.53,885.71,10,178.11
O01353,2025-02-04,C072,Customer 72,Region 9,City 13,P016,Product 16,Category 1,1,29.92,29.92,20,4.19
O01354,2025-11-07,C036,Customer 36,Region 9,City 7,P019,Product 19,Category 4,6,20.62,123.72,20,7.83
O01355,2025-01-03,C235,Customer 235,Region 4,City 26,P027,Product 27,Category 12,1,273.37,273.37,0,39.17
O01356,2025-07-24,C042,Customer 42,Region 5,City 13,P039,Product 39,Category 9,2,489.97,979.94,0,98.66
O01357,2025-07-25,C039,Customer 39,Region 6,City 10,P087,Product 87,Category 12,10,230.44,2304.4,5,436.09
O01358,2025-03-30,C031,Customer 31,Region 5,City 2,P080,Product 80,Category 5,5,322.73,1613.65,10,119.97
O01359,2025-07-22,C272,Customer 272,Region 5,City 3,P016,Product 16,Category 1,1,29.92,29.92,0,3.89
O01360,2025-03-23,C083,Customer 83,Region 1,City 24,P016,Product 16,Category 1,3,29.92,89.76,15,22.94
O01361,2025-06-18,C024,Customer 24,Region 2,City 25,P029,Product 29,Category 14,5,260.21,1301.05,10,352.21
O01362,2025-04-11,C005,Customer 5,Region 8,City 6,P050,Product 50,Category 5,7,464.52,3251.64,20,939.01
O01363,2025-12-30,C271,Customer 271,Region 2,City 2,P054,Product 54,Category 9,8,12.91,103.28,0,8.15
O01364,2025-07-16,C143,Customer 143,Region 8,City 24,P067,Product 67,Category 7,9,245.24,2207.16,0,313.27
O01365,2025-11-02,C062,Customer 62,Region 8,City 3,P090,Product 90,Category 15,4,299.19,1196.76,20,253.4
O01366,2025-11-04,C185,Customer 185,Region 10,City 6,P033,Product 33,Category 3,3,392.37,1177.11,20,251.07
O01367,2025-12-21,C006,Customer 6,Region 9,City 7,P091,Product 91,Category 1,4,338.65,1354.6,20,402.6
O01368,2025-09-08,C179,Customer 179,Region 5,City 30,P014,Product 14,Category 14,8,159.28,1274.24,15,334.87
O01369,2025-03-03,C290,Customer 290,Region 2,City 21,P019,Product 19,Category 4,10,20.62,206.2,5,53.08
O01370,2025-12-14,C045,Customer 45,Region 4,City 16,P055,Product 55,Category 10,5,215.67,1078.35,15,302.29
O01371,2025-10-21,C009,Customer 9,Region 7,City 10,P042,Product 42,Category 12,8,416.99,3335.92,5,187.52
O01372,2025-07-05,C262,Customer 262,Region 3,City 23,P059,Product 59,Category 14,7,348.66,2440.62,0,322.87
O01373,2025-11-10,C200,Customer 200,Region 3,City 21,P052,Product 52,Category 7,9,409.71,3687.39,20,735.38
O01374,2025-12-04,C297,Customer 297,Region 8,City 28,P025,Product 25,Category 10,1,34.77,34.77,10,10.26
O01375,2025-07-08,C120,Customer 120,Region 8,City 1,P063,Product 63,Category 3,6,307.88,1847.28,20,297.37
O01376,2025-10-05,C271,Customer 271,Region 2,City 2,P012,Product 12,Category 12,9,453.15,4078.35,10,847.46
O01377,2025-08-12,C026,Customer 26,Region 7,City 27,P021,Product 21,Category 6,9,126.09,1134.81,5,156.97
O01378,2025-07-01,C021,Customer 21,Region 5,City 22,P064,Product 64,Category 4,1,445.94,445.94,20,103.75
O01379,2025-12-31,C219,Customer 219,Region 1,City 10,P085,Product 85,Category 10,5,456.11,2280.55,5,615.46
O01380,2025-01-08,C281,Customer 281,Region 8,City 12,P079,Product 79,Category 4,9,47.04,423.36,10,92.27
O01381,2025-05-13,C238,Customer 238,Region 5,City 29,P020,Product 20,Category 5,6,261.28,1567.68,0,225.93
O01382,2025-08-11,C249,Customer 249,Region 2,City 10,P100,Product 100,Category 10,8,118.57,948.56,0,48.73
O01383,2025-05-14,C176,Customer 176,Region 3,City 27,P055,Product 55,Category 10,2,215.67,431.34,0,120.71
O01384,2025-04-20,C268,Customer 268,Region 8,City 29,P081,Product 81,Category 6,4,112.74,450.96,10,33.32
O01385,2025-08-08,C235,Customer 235,Region 4,City 26,P060,Product 60,Category 15,5,197.8,989.0,5,202.23
O01386,2025-06-18,C084,Customer 84,Region 9,City 25,P032,Product 32,Category 2,9,246.16,2215.44,5,183.79
O01387,2025-05-11,C257,Customer 257,Region 6,City 18,P091,Product 91,Category 1,6,338.65,2031.9,15,519.45
O01388,2025-09-07,C292,Customer 292,Region 7,City 23,P092,Product 92,Category 2,5,134.34,671.7,20,155.72
O01389,2025-10-16,C092,Customer 92,Region 2,City 3,P042,Product 42,Category 12,4,416.99,1667.96,0,427.6
O01390,2025-04-06,C264,Customer 264,Region 2,City 25,P062,Product 62,Category 2,6,167.7,1006.2,10,232.65
O01391,2025-06-07,C166,Customer 166,Region 5,City 17,P007,Product 7,Category 7,7,451.77,3162.39,20,526.79
O01392,2025-09-09,C275,Customer 275,Region 9,City 6,P069,Product 69,Category 9,5,386.3,1931.5,0,498.04
O01393,2025-07-23,C123,Customer 123,Region 5,City 4,P003,Product 3,Category 3,9,436.22,3925.98,10,939.55
O01394,2025-09-15,C167,Customer 167,Region 3,City 18,P078,Product 78,Category 3,9,382.56,3443.04,5,958.27
O01395,2025-05-22,C043,Customer 43,Region 9,City 14,P002,Product 2,Category 2,2,181.44,362.88,5,55.33
O01396,2025-08-19,C113,Customer 113,Region 8,City 24,P066,Product 66,Category 6,7,79.06,553.42,10,115.82
O01397,2025-01-29,C299,Customer 299,Region 8,City 30,P073,Product 73,Category 13,8,98.73,789.84,10,83.47
O01398,2025-06-30,C096,Customer 96,Region 4,City 7,P007,Product 7,Category 7,1,451.77,451.77,20,53.43
O01399,2025-07-22,C008,Customer 8,Region 10,City 9,P099,Product 99,Category 9,1,154.71,154.71,0,26.25
O01400,2025-07-27,C184,Customer 184,Region 1,City 5,P058,Product 58,Category 13,8,201.63,1613.04,5,97.56
O01401,2025-07-21,C296,Customer 296,Region 2,City 27,P019,Product 19,Category 4,10,20.62,206.2,10,58.83
O01402,2025-12-12,C098,Customer 98,Region 5,City 9,P081,Product 81,Category 6,9,112.74,1014.66,0,240.15
O01403,2025-03-28,C090,Customer 90,Region 4,City 1,P061,Product 61,Category 1,3,126.53,379.59,10,110.96
O01404,2025-06-26,C063,Customer 63,Region 9,City 4,P006,Product 6,Category 6,9,65.37,588.33,20,124.85
O01405,2025-09-25,C078,Customer 78,Region 8,City 19,P033,Product 33,Category 3,9,392.37,3531.33,15,212.6
O01406,2025-10-16,C196,Customer 196,Region 6,City 17,P003,Product 3,Category 3,7,436.22,3053.54,5,354.82
O01407,2025-12-29,C252,Customer 252,Region 6,City 13,P026,Product 26,Category 11,7,474.87,3324.09,15,338.95
O01408,2025-04-30,C207,Customer 207,Region 2,City 28,P085,Product 85,Category 10,9,456.11,4104.99,20,990.33
O01409,2025-09-14,C257,Customer 257,Region 6,City 18,P033,Product 33,Category 3,4,392.37,1569.48,20,401.89
O01410,2025-08-13,C062,Customer 62,Region 8,City 3,P045,Product 45,Category 15,10,189.29,1892.9,5,488.85
O01411,2025-04-23,C287,Customer 287,Region 1,City 18,P058,Product 58,Category 13,1,201.63,201.63,15,49.21
O01412,2025-01-06,C120,Customer 120,Region 8,City 1,P076,Product 76,Category 1,3,21.06,63.18,10,10.64
O01413,2025-10-09,C037,Customer 37,Region 7,City 8,P081,Product 81,Category 6,6,112.74,676.44,5,111.6
O01414,2025-08-14,C040,Customer 40,Region 3,City 11,P094,Product 94,Category 4,1,65.36,65.36,10,9.47
O01415,2025-02-18,C242,Customer 242,Region 7,City 3,P041,Product 41,Category 11,10,267.12,2671.2,0,211.34
O01416,2025-08-23,C041,Customer 41,Region 4,City 12,P021,Product 21,Category 6,3,126.09,378.27,10,103.53
O01417,2025-03-30,C279,Customer 279,Region 9,City 10,P030,Product 30,Category 15,6,225.39,1352.34,5,240.31
O01418,2025-08-24,C106,Customer 106,Region 2,City 17,P011,Product 11,Category 11,8,48.35,386.8,0,113.46
O01419,2025-02-24,C126,Customer 126,Region 7,City 7,P023,Product 23,Category 8,3,444.27,1332.81,0,146.23
O01420,2025-12-27,C142,Customer 142,Region 2,City 23,P065,Product 65,Category 5,7,194.4,1360.8,15,354.96
O01421,2025-01-21,C045,Customer 45,Region 4,City 16,P008,Product 8,Category 8,10,252.32,2523.2,0,299.89
O01422,2025-11-04,C275,Customer 275,Region 9,City 6,P010,Product 10,Category 10,1,293.01,293.01,5,18.45
O01423,2025-11-30,C107,Customer 107,Region 5,City 18,P052,Product 52,Category 7,1,409.71,409.71,15,96.05
O01424,2025-06-19,C273,Customer 273,Region 8,City 4,P020,Product 20,Category 5,2,261.28,522.56,20,153.12
O01425,2025-11-23,C019,Customer 19,Region 1,City 20,P074,Product 74,Category 14,9,291.07,2619.63,20,345.26
O01426,2025-03-10,C237,Customer 237,Region 1,City 28,P058,Product 58,Category 13,6,201.63,1209.78,15,113.81
O01427,2025-06-28,C179,Customer 179,Region 5,City 30,P046,Product 46,Category 1,3,42.09,126.27,5,13.96
O01428,2025-04-26,C133,Customer 133,Region 4,City 14,P055,Product 55,Category 10,4,215.67,862.68,20,191.34
O01429,2025-01-04,C045,Customer 45,Region 4,City 16,P089,Product 89,Category 14,1,220.92,220.92,10,37.35
O01430,2025-04-28,C221,Customer 221,Region 1,City 12,P048,Product 48,Category 3,1,392.2,392.2,10,86.49
O01431,2025-04-02,C213,Customer 213,Region 2,City 4,P085,Product 85,Category 10,5,456.11,2280.55,5,665.24
O01432,2025-05-15,C178,Customer 178,Region 3,City 29,P059,Product 59,Category 14,2,348.66,697.32,5,182.94
O01433,2025-05-31,C016,Customer 16,Region 1,City 17,P043,Product 43,Category 13,7,374.4,2620.8,20,445.71
O01434,2025-08-27,C063,Customer 63,Region 9,City 4,P012,Product 12,Category 12,4,453.15,1812.6,5,224.77
O01435,2025-03-22,C249,Customer 249,Region 2,City 10,P030,Product 30,Category 15,4,225.39,901.56,0,191.37
O01436,2025-10-17,C283,Customer 283,Region 10,City 14,P007,Product 7,Category 7,9,451.77,4065.93,15,605.74
O01437,2025-06-19,C147,Customer 147,Region 7,City 28,P007,Product 7,Category 7,10,451.77,4517.7,5,560.35
O01438,2025-09-11,C085,Customer 85,Region 3,City 26,P099,Product 99,Category 9,9,154.71,1392.39,15,370.59
O01439,2025-09-21,C018,Customer 18,Region 9,City 19,P067,Product 67,Category 7,6,245.24,1471.44,20,389.45
O01440,2025-12-30,C239,Customer 239,Region 2,City 30,P097,Product 97,Category 7,5,226.37,1131.85,20,210.09
O01441,2025-10-01,C101,Customer 101,Region 7,City 12,P093,Product 93,Category 3,9,53.85,484.65,0,56.51
O01442,2025-10-30,C236,Customer 236,Region 10,City 27,P003,Product 3,Category 3,9,436.22,3925.98,20,397.66
O01443,2025-04-16,C015,Customer 15,Region 6,City 16,P065,Product 65,Category 5,6,194.4,1166.4,20,280.61
O01444,2025-03-25,C038,Customer 38,Region 4,City 9,P055,Product 55,Category 10,5,215.67,1078.35,20,196.79
O01445,2025-02-03,C070,Customer 70,Region 2,City 11,P008,Product 8,Category 8,1,252.32,252.32,0,44.92
O01446,2025-09-13,C177,Customer 177,Region 8,City 28,P092,Product 92,Category 2,10,134.34,1343.4,15,125.22
O01447,2025-05-13,C218,Customer 218,Region 4,City 9,P034,Product 34,Category 4,6,389.34,2336.04,15,301.1
O01448,2025-10-13,C139,Customer 139,Region 8,City 20,P085,Product 85,Category 10,10,456.11,4561.1,0,619.82
O01449,2025-02-21,C124,Customer 124,Region 5,City 5,P072,Product 72,Category 12,1,27.53,27.53,5,7.74
O01450,2025-04-07,C258,Customer 258,Region 5,City 19,P023,Product 23,Category 8,6,444.27,2665.62,20,569.91
O01451,2025-04-26,C011,Customer 11,Region 6,City 12,P015,Product 15,Category 15,1,366.97,366.97,10,40.6
O01452,2025-05-14,C118,Customer 118,Region 4,City 29,P002,Product 2,Category 2,6,181.44,1088.64,20,310.95
O01453,2025-06-27,C131,Customer 131,Region 7,City 12,P066,Product 66,Category 6,7,79.06,553.42,5,39.06
O01454,2025-05-29,C234,Customer 234,Region 8,City 25,P068,Product 68,Category 8,5,366.31,1831.55,5,324.57
O01455,2025-09-17,C185,Customer 185,Region 10,City 6,P030,Product 30,Category 15,8,225.39,1803.12,10,346.71
O01456,2025-02-19,C222,Customer 222,Region 8,City 13,P006,Product 6,Category 6,4,65.37,261.48,0,45.26
O01457,2025-02-24,C056,Customer 56,Region 10,City 27,P083,Product 83,Category 8,5,465.48,2327.4,5,294.61
O01458,2025-10-26,C021,Customer 21,Region 5,City 22,P002,Product 2,Category 2,4,181.44,725.76,10,91.13
O01459,2025-12-06,C046,Customer 46,Region 4,City 17,P005,Product 5,Category 5,6,86.73,520.38,0,68.25
O01460,2025-05-26,C097,Customer 97,Region 6,City 8,P008,Product 8,Category 8,8,252.32,2018.56,15,255.0
O01461,2025-11-30,C195,Customer 195,Region 1,City 16,P009,Product 9,Category 9,9,154.35,1389.15,10,111.03
O01462,2025-02-03,C028,Customer 28,Region 1,City 29,P095,Product 95,Category 5,8,177.16,1417.28,15,155.32
O01463,2025-08-16,C028,Customer 28,Region 1,City 29,P002,Product 2,Category 2,9,181.44,1632.96,20,284.61
O01464,2025-03-17,C118,Customer 118,Region 4,City 29,P041,Product 41,Category 11,4,267.12,1068.48,10,156.9
O01465,2025-10-10,C071,Customer 71,Region 3,City 12,P083,Product 83,Category 8,2,465.48,930.96,5,202.15
O01466,2025-11-02,C113,Customer 113,Region 8,City 24,P048,Product 48,Category 3,10,392.2,3922.0,10,271.3
O01467,2025-02-28,C199,Customer 199,Region 8,City 20,P045,Product 45,Category 15,10,189.29,1892.9,15,186.94
O01468,2025-07-15,C253,Customer 253,Region 7,City 14,P064,Product 64,Category 4,5,445.94,2229.7,0,312.29
O01469,2025-08-26,C083,Customer 83,Region 1,City 24,P096,Product 96,Category 6,10,437.68,4376.8,10,1294.03
O01470,2025-08-08,C102,Customer 102,Region 7,City 13,P031,Product 31,Category 1,2,69.9,139.8,10,39.54
O01471,2025-08-02,C135,Customer 135,Region 2,City 16,P053,Product 53,Category 8,8,434.3,3474.4,20,347.31
O01472,2025-10-27,C118,Customer 118,Region 4,City 29,P076,Product 76,Category 1,4,21.06,84.24,10,21.86
O01473,2025-12-19,C107,Customer 107,Region 5,City 18,P091,Product 91,Category 1,5,338.65,1693.25,5,274.02
O01474,2025-08-04,C148,Customer 148,Region 1,City 29,P075,Product 75,Category 15,7,418.32,2928.24,5,595.26
O01475,2025-12-05,C191,Customer 191,Region 5,City 12,P006,Product 6,Category 6,4,65.37,261.48,20,42.84
O01476,2025-02-26,C124,Customer 124,Region 5,City 5,P025,Product 25,Category 10,6,34.77,208.62,15,26.89
O01477,2025-09-30,C147,Customer 147,Region 7,City 28,P078,Product 78,Category 3,9,382.56,3443.04,0,239.06
O01478,2025-03-31,C018,Customer 18,Region 9,City 19,P006,Product 6,Category 6,1,65.37,65.37,5,5.15
O01479,2025-12-01,C161,Customer 161,Region 10,City 12,P100,Product 100,Category 10,1,118.57,118.57,5,32.53
O01480,2025-09-12,C176,Customer 176,Region 3,City 27,P053,Product 53,Category 8,5,434.3,2171.5,10,364.3
O01481,2025-10-08,C291,Customer 291,Region 4,City 22,P022,Product 22,Category 7,4,474.2,1896.8,5,516.04
O01482,2025-09-17,C230,Customer 230,Region 1,City 21,P020,Product 20,Category 5,9,261.28,2351.52,5,550.62
O01483,2025-12-18,C167,Customer 167,Region 3,City 18,P054,Product 54,Category 9,1,12.91,12.91,5,3.49
O01484,2025-03-21,C065,Customer 65,Region 3,City 6,P031,Product 31,Category 1,9,69.9,629.1,10,41.34
O01485,2025-07-18,C148,Customer 148,Region 1,City 29,P078,Product 78,Category 3,8,382.56,3060.48,20,401.1
O01486,2025-04-13,C202,Customer 202,Region 7,City 23,P037,Product 37,Category 7,1,329.5,329.5,10,81.74
O01487,2025-05-13,C135,Customer 135,Region 2,City 16,P048,Product 48,Category 3,7,392.2,2745.4,15,418.87
O01488,2025-09-21,C098,Customer 98,Region 5,City 9,P065,Product 65,Category 5,10,194.4,1944.0,10,418.19
O01489,2025-06-12,C029,Customer 29,Region 9,City 30,P098,Product 98,Category 8,6,335.46,2012.76,5,233.03
O01490,2025-03-01,C296,Customer 296,Region 2,City 27,P090,Product 90,Category 15,2,299.19,598.38,20,109.87
O01491,2025-04-18,C092,Customer 92,Region 2,City 3,P059,Product 59,Category 14,1,348.66,348.66,5,20.94
O01492,2025-02-25,C112,Customer 112,Region 10,City 23,P056,Product 56,Category 11,1,261.99,261.99,0,68.34
O01493,2025-05-17,C006,Customer 6,Region 9,City 7,P060,Product 60,Category 15,7,197.8,1384.6,0,224.71
O01494,2025-04-04,C104,Customer 104,Region 4,City 15,P086,Product 86,Category 11,4,371.95,1487.8,20,275.18
O01495,2025-05-08,C118,Customer 118,Region 4,City 29,P036,Product 36,Category 6,4,93.48,373.92,15,90.09
O01496,2025-05-13,C255,Customer 255,Region 9,City 16,P049,Product 49,Category 4,6,491.59,2949.54,20,768.16
O01497,2025-04-30,C111,Customer 111,Region 7,City 22,P051,Product 51,Category 6,2,16.21,32.42,15,4.43
O01498,2025-03-22,C155,Customer 155,Region 3,City 6,P037,Product 37,Category 7,3,329.5,988.5,0,187.44
O01499,2025-04-29,C180,Customer 180,Region 3,City 1,P070,Product 70,Category 10,10,231.01,2310.1,10,148.61
O01500,2025-09-25,C094,Customer 94,Region 10,City 5,P100,Product 100,Category 10,9,118.57,1067.13,20,173.33
O01501,2025-08-18,C228,Customer 228,Region 7,City 19,P087,Product 87,Category 12,1,230.44,230.44,5,50.02
O01502,2025-07-20,C268,Customer 268,Region 8,City 29,P073,Product 73,Category 13,10,98.73,987.3,20,270.87
O01503,2025-02-12,C183,Customer 183,Region 1,City 4,P053,Product 53,Category 8,9,434.3,3908.7,10,270.9
O01504,2025-10-11,C155,Customer 155,Region 3,City 6,P005,Product 5,Category 5,1,86.73,86.73,20,23.7
O01505,2025-04-02,C105,Customer 105,Region 7,City 16,P001,Product 1,Category 1,10,254.75,2547.5,15,395.9
O01506,2025-01-06,C258,Customer 258,Region 5,City 19,P010,Product 10,Category 10,10,293.01,2930.1,5,668.39
O01507,2025-10-29,C291,Customer 291,Region 4,City 22,P009,Product 9,Category 9,1,154.35,154.35,5,31.53
O01508,2025-03-02,C019,Customer 19,Region 1,City 20,P078,Product 78,Category 3,2,382.56,765.12,15,145.8
O01509,2025-06-20,C141,Customer 141,Region 2,City 22,P077,Product 77,Category 2,7,475.01,3325.07,5,617.14
O01510,2025-01-04,C093,Customer 93,Region 8,City 4,P056,Product 56,Category 11,10,261.99,2619.9,5,477.71
O01511,2025-02-18,C052,Customer 52,Region 4,City 23,P009,Product 9,Category 9,1,154.35,154.35,10,24.13
O01512,2025-09-11,C210,Customer 210,Region 7,City 1,P095,Product 95,Category 5,4,177.16,708.64,0,71.18
O01513,2025-07-03,C032,Customer 32,Region 4,City 3,P072,Product 72,Category 12,4,27.53,110.12,20,28.2
O01514,2025-08-29,C171,Customer 171,Region 3,City 22,P063,Product 63,Category 3,3,307.88,923.64,20,243.94
O01515,2025-11-05,C196,Customer 196,Region 6,City 17,P036,Product 36,Category 6,1,93.48,93.48,10,10.73
O01516,2025-06-18,C049,Customer 49,Region 2,City 20,P061,Product 61,Category 1,8,126.53,1012.24,10,147.98
O01517,2025-08-12,C286,Customer 286,Region 10,City 17,P072,Product 72,Category 12,8,27.53,220.24,5,15.26
O01518,2025-06-10,C128,Customer 128,Region 2,City 9,P032,Product 32,Category 2,8,246.16,1969.28,15,104.11
O01519,2025-08-26,C184,Customer 184,Region 1,City 5,P016,Product 16,Category 1,2,29.92,59.84,0,12.02
O01520,2025-04-18,C246,Customer 246,Region 10,City 7,P020,Product 20,Category 5,8,261.28,2090.24,20,550.3
O01521,2025-08-15,C018,Customer 18,Region 9,City 19,P018,Product 18,Category 3,8,218.78,1750.24,10,225.38
O01522,2025-11-10,C219,Customer 219,Region 1,City 10,P076,Product 76,Category 1,3,21.06,63.18,10,4.29
O01523,2025-05-24,C097,Customer 97,Region 6,City 8,P030,Product 30,Category 15,10,225.39,2253.9,5,473.19
O01524,2025-07-27,C040,Customer 40,Region 3,City 11,P029,Product 29,Category 14,1,260.21,260.21,20,13.3
O01525,2025-10-17,C014,Customer 14,Region 7,City 15,P049,Product 49,Category 4,7,491.59,3441.13,20,1025.85
O01526,2025-02-17,C090,Customer 90,Region 4,City 1,P013,Product 13,Category 13,2,47.04,94.08,10,9.33
O01527,2025-12-30,C242,Customer 242,Region 7,City 3,P027,Product 27,Category 12,9,273.37,2460.33,20,429.62
O01528,2025-08-07,C183,Customer 183,Region 1,City 4,P044,Product 44,Category 14,3,37.1,111.3,10,8.09
O01529,2025-02-06,C265,Customer 265,Region 8,City 26,P045,Product 45,Category 15,9,189.29,1703.61,15,376.46
O01530,2025-11-16,C139,Customer 139,Region 8,City 20,P031,Product 31,Category 1,6,69.9,419.4,20,57.6
O01531,2025-11-20,C165,Customer 165,Region 9,City 16,P094,Product 94,Category 4,4,65.36,261.44,15,69.13
O01532,2025-12-25,C180,Customer 180,Region 3,City 1,P047,Product 47,Category 2,2,198.11,396.22,20,37.66
O01533,2025-07-28,C085,Customer 85,Region 3,City 26,P086,Product 86,Category 11,1,371.95,371.95,10,64.02
O01534,2025-03-06,C086,Customer 86,Region 5,City 27,P006,Product 6,Category 6,1,65.37,65.37,10,5.12
O01535,2025-07-06,C186,Customer 186,Region 8,City 7,P014,Product 14,Category 14,9,159.28,1433.52,5,317.74
O01536,2025-01-07,C292,Customer 292,Region 7,City 23,P076,Product 76,Category 1,7,21.06,147.42,0,16.36
O01537,2025-11-16,C086,Customer 86,Region 5,City 27,P016,Product 16,Category 1,7,29.92,209.44,20,47.19
O01538,2025-11-15,C242,Customer 242,Region 7,City 3,P051,Product 51,Category 6,6,16.21,97.26,15,24.12
O01539,2025-08-23,C151,Customer 151,Region 10,City 2,P065,Product 65,Category 5,10,194.4,1944.0,15,447.15
O01540,2025-07-19,C117,Customer 117,Region 10,City 28,P040,Product 40,Category 10,1,456.29,456.29,0,114.71
O01541,2025-01-04,C039,Customer 39,Region 6,City 10,P073,Product 73,Category 13,4,98.73,394.92,10,59.58
O01542,2025-10-18,C023,Customer 23,Region 8,City 24,P039,Product 39,Category 9,9,489.97,4409.73,10,547.34
O01543,2025-05-20,C168,Customer 168,Region 7,City 19,P004,Product 4,Category 4,2,446.21,892.42,15,129.76
O01544,2025-09-22,C123,Customer 123,Region 5,City 4,P040,Product 40,Category 10,5,456.29,2281.45,15,204.55
O01545,2025-03-12,C143,Customer 143,Region 8,City 24,P098,Product 98,Category 8,3,335.46,1006.38,5,81.3
O01546,2025-03-14,C191,Customer 191,Region 5,City 12,P033,Product 33,Category 3,5,392.37,1961.85,5,224.78
O01547,2025-08-15,C243,Customer 243,Region 10,City 4,P045,Product 45,Category 15,2,189.29,378.58,15,26.06
O01548,2025-10-22,C033,Customer 33,Region 1,City 4,P055,Product 55,Category 10,2,215.67,431.34,10,84.38
O01549,2025-05-19,C111,Customer 111,Region 7,City 22,P073,Product 73,Category 13,3,98.73,296.19,20,58.62
O01550,2025-08-24,C282,Customer 282,Region 1,City 13,P023,Product 23,Category 8,6,444.27,2665.62,15,583.94
O01551,2025-05-14,C048,Customer 48,Region 10,City 19,P070,Product 70,Category 10,8,231.01,1848.08,15,254.04
O01552,2025-04-21,C098,Customer 98,Region 5,City 9,P024,Product 24,Category 9,8,73.05,584.4,20,130.74
O01553,2025-08-27,C113,Customer 113,Region 8,City 24,P087,Product 87,Category 12,7,230.44,1613.08,0,119.37
O01554,2025-07-21,C126,Customer 126,Region 7,City 7,P066,Product 66,Category 6,7,79.06,553.42,5,80.54
O01555,2025-01-28,C082,Customer 82,Region 6,City 23,P041,Product 41,Category 11,2,267.12,534.24,15,90.38
O01556,2025-06-11,C210,Customer 210,Region 7,City 1,P034,Product 34,Category 4,10,389.34,3893.4,10,810.1
O01557,2025-02-15,C275,Customer 275,Region 9,City 6,P004,Product 4,Category 4,9,446.21,4015.89,0,665.59
O01558,2025-05-09,C120,Customer 120,Region 8,City 1,P012,Product 12,Category 12,7,453.15,3172.05,5,717.36
O01559,2025-07-30,C203,Customer 203,Region 9,City 24,P010,Product 10,Category 10,3,293.01,879.03,15,250.63
O01560,2025-10-30,C242,Customer 242,Region 7,City 3,P021,Product 21,Category 6,3,126.09,378.27,10,35.93
O01561,2025-09-14,C148,Customer 148,Region 1,City 29,P079,Product 79,Category 4,9,47.04,423.36,20,65.25
O01562,2025-04-06,C021,Customer 21,Region 5,City 22,P093,Product 93,Category 3,3,53.85,161.55,15,16.64
O01563,2025-10-26,C250,Customer 250,Region 5,City 11,P021,Product 21,Category 6,9,126.09,1134.81,20,188.0
O01564,2025-08-11,C012,Customer 12,Region 1,City 13,P062,Product 62,Category 2,10,167.7,1677.0,10,211.22
O01565,2025-11-08,C135,Customer 135,Region 2,City 16,P050,Product 50,Category 5,1,464.52,464.52,15,29.28
O01566,2025-07-06,C045,Customer 45,Region 4,City 16,P057,Product 57,Category 12,8,310.13,2481.04,10,431.36
O01567,2025-01-14,C060,Customer 60,Region 4,City 1,P021,Product 21,Category 6,3,126.09,378.27,15,24.68
O01568,2025-02-07,C160,Customer 160,Region 7,City 11,P039,Product 39,Category 9,3,489.97,1469.91,5,176.9
O01569,2025-08-09,C221,Customer 221,Region 1,City 12,P015,Product 15,Category 15,6,366.97,2201.82,10,417.05
O01570,2025-08-03,C218,Customer 218,Region 4,City 9,P097,Product 97,Category 7,6,226.37,1358.22,5,379.96
O01571,2025-03-18,C034,Customer 34,Region 2,City 5,P056,Product 56,Category 11,9,261.99,2357.91,15,176.23
O01572,2025-05-11,C072,Customer 72,Region 9,City 13,P029,Product 29,Category 14,1,260.21,260.21,0,54.01
O01573,2025-08-13,C023,Customer 23,Region 8,City 24,P052,Product 52,Category 7,9,409.71,3687.39,15,199.57
O01574,2025-06-24,C170,Customer 170,Region 4,City 21,P054,Product 54,Category 9,3,12.91,38.73,0,2.1
O01575,2025-08-19,C023,Customer 23,Region 8,City 24,P010,Product 10,Category 10,5,293.01,1465.05,0,237.48
O01576,2025-11-25,C115,Customer 115,Region 5,City 26,P064,Product 64,Category 4,6,445.94,2675.64,5,694.44
O01577,2025-01-30,C092,Customer 92,Region 2,City 3,P005,Product 5,Category 5,3,86.73,260.19,5,37.21
O01578,2025-02-15,C019,Customer 19,Region 1,City 20,P074,Product 74,Category 14,4,291.07,1164.28,5,177.63
O01579,2025-04-21,C047,Customer 47,Region 2,City 18,P054,Product 54,Category 9,9,12.91,116.19,15,10.61
O01580,2025-01-17,C043,Customer 43,Region 9,City 14,P051,Product 51,Category 6,3,16.21,48.63,5,11.57
O01581,2025-12-25,C220,Customer 220,Region 9,City 11,P019,Product 19,Category 4,3,20.62,61.86,15,15.06
O01582,2025-12-28,C246,Customer 246,Region 10,City 7,P055,Product 55,Category 10,5,215.67,1078.35,20,113.97
O01583,2025-08-01,C219,Customer 219,Region 1,City 10,P042,Product 42,Category 12,9,416.99,3752.91,15,426.23
O01584,2025-11-20,C141,Customer 141,Region 2,City 22,P028,Product 28,Category 13,8,186.78,1494.24,5,297.8
O01585,2025-03-13,C196,Customer 196,Region 6,City 17,P042,Product 42,Category 12,9,416.99,3752.91,10,1099.06
O01586,2025-05-05,C163,Customer 163,Region 5,City 14,P059,Product 59,Category 14,6,348.66,2091.96,5,173.16
O01587,2025-04-15,C275,Customer 275,Region 9,City 6,P015,Product 15,Category 15,5,366.97,1834.85,10,178.99
O01588,2025-01-15,C208,Customer 208,Region 9,City 29,P084,Product 84,Category 9,3,410.58,1231.74,20,343.3
O01589,2025-11-15,C028,Customer 28,Region 1,City 29,P050,Product 50,Category 5,1,464.52,464.52,5,102.01
O01590,2025-08-28,C047,Customer 47,Region 2,City 18,P037,Product 37,Category 7,4,329.5,1318.0,0,232.9
O01591,2025-06-10,C260,Customer 260,Region 3,City 21,P097,Product 97,Category 7,1,226.37,226.37,20,62.12
O01592,2025-11-16,C117,Customer 117,Region 10,City 28,P078,Product 78,Category 3,7,382.56,2677.92,15,713.85
O01593,2025-02-23,C124,Customer 124,Region 5,City 5,P054,Product 54,Category 9,10,12.91,129.1,0,33.85
O01594,2025-03-20,C117,Customer 117,Region 10,City 28,P091,Product 91,Category 1,3,338.65,1015.95,0,182.45
O01595,2025-09-25,C111,Customer 111,Region 7,City 22,P059,Product 59,Category 14,4,348.66,1394.64,10,165.82
O01596,2025-06-20,C291,Customer 291,Region 4,City 22,P003,Product 3,Category 3,5,436.22,2181.1,10,391.19
O01597,2025-07-11,C232,Customer 232,Region 2,City 23,P087,Product 87,Category 12,1,230.44,230.44,20,59.03
O01598,2025-02-04,C122,Customer 122,Region 3,City 3,P026,Product 26,Category 11,6,474.87,2849.22,0,718.87
O01599,2025-07-20,C181,Customer 181,Region 4,City 2,P042,Product 42,Category 12,9,416.99,3752.91,20,441.26
O01600,2025-12-26,C033,Customer 33,Region 1,City 4,P035,Product 35,Category 5,10,149.03,1490.3,15,228.72
O01601,2025-12-22,C080,Customer 80,Region 8,City 21,P066,Product 66,Category 6,2,79.06,158.12,10,42.33
O01602,2025-06-14,C046,Customer 46,Region 4,City 17,P047,Product 47,Category 2,7,198.11,1386.77,10,119.06
O01603,2025-01-10,C096,Customer 96,Region 4,City 7,P069,Product 69,Category 9,2,386.3,772.6,10,75.58
O01604,2025-06-08,C263,Customer 263,Region 2,City 24,P069,Product 69,Category 9,3,386.3,1158.9,0,159.44
O01605,2025-08-26,C018,Customer 18,Region 9,City 19,P030,Product 30,Category 15,8,225.39,1803.12,20,382.6
O01606,2025-08-29,C091,Customer 91,Region 8,City 2,P076,Product 76,Category 1,6,21.06,126.36,20,25.06
O01607,2025-09-08,C056,Customer 56,Region 10,City 27,P075,Product 75,Category 15,2,418.32,836.64,10,134.15
O01608,2025-09-10,C230,Customer 230,Region 1,City 21,P077,Product 77,Category 2,4,475.01,1900.04,0,419.04
O01609,2025-05-21,C190,Customer 190,Region 3,City 11,P069,Product 69,Category 9,1,386.3,386.3,15,58.85
O01610,2025-08-18,C252,Customer 252,Region 6,City 13,P025,Product 25,Category 10,9,34.77,312.93,10,82.66
O01611,2025-03-18,C207,Customer 207,Region 2,City 28,P014,Product 14,Category 14,2,159.28,318.56,10,73.99
O01612,2025-03-03,C084,Customer 84,Region 9,City 25,P045,Product 45,Category 15,8,189.29,1514.32,20,358.08
O01613,2025-09-06,C125,Customer 125,Region 6,City 6,P029,Product 29,Category 14,5,260.21,1301.05,20,87.1
O01614,2025-07-22,C268,Customer 268,Region 8,City 29,P042,Product 42,Category 12,5,416.99,2084.95,10,553.7
O01615,2025-01-25,C005,Customer 5,Region 8,City 6,P056,Product 56,Category 11,7,261.99,1833.93,5,359.86
O01616,2025-05-05,C218,Customer 218,Region 4,City 9,P010,Product 10,Category 10,9,293.01,2637.09,5,594.47
O01617,2025-08-14,C018,Customer 18,Region 9,City 19,P060,Product 60,Category 15,8,197.8,1582.4,0,378.38
O01618,2025-09-09,C291,Customer 291,Region 4,City 22,P078,Product 78,Category 3,3,382.56,1147.68,10,114.53
O01619,2025-07-31,C083,Customer 83,Region 1,City 24,P045,Product 45,Category 15,6,189.29,1135.74,5,319.42
O01620,2025-05-07,C155,Customer 155,Region 3,City 6,P046,Product 46,Category 1,10,42.09,420.9,5,64.19
O01621,2025-04-11,C228,Customer 228,Region 7,City 19,P044,Product 44,Category 14,9,37.1,333.9,0,46.38
O01622,2025-04-05,C002,Customer 2,Region 1,City 3,P096,Product 96,Category 6,9,437.68,3939.12,20,638.77
O01623,2025-07-28,C206,Customer 206,Region 7,City 27,P006,Product 6,Category 6,1,65.37,65.37,10,6.46
O01624,2025-10-09,C195,Customer 195,Region 1,City 16,P060,Product 60,Category 15,1,197.8,197.8,10,52.43
O01625,2025-10-04,C277,Customer 277,Region 10,City 8,P096,Product 96,Category 6,10,437.68,4376.8,15,379.16
O01626,2025-09-22,C024,Customer 24,Region 2,City 25,P081,Product 81,Category 6,9,112.74,1014.66,5,150.28
O01627,2025-09-13,C055,Customer 55,Region 4,City 26,P020,Product 20,Category 5,3,261.28,783.84,5,164.49
O01628,2025-05-27,C242,Customer 242,Region 7,City 3,P075,Product 75,Category 15,7,418.32,2928.24,0,778.98
O01629,2025-03-25,C012,Customer 12,Region 1,City 13,P010,Product 10,Category 10,9,293.01,2637.09,15,525.75
O01630,2025-12-15,C253,Customer 253,Region 7,City 14,P071,Product 71,Category 11,4,289.19,1156.76,10,134.28
O01631,2025-04-27,C242,Customer 242,Region 7,City 3,P014,Product 14,Category 14,5,159.28,796.4,20,169.77
O01632,2025-04-24,C160,Customer 160,Region 7,City 11,P088,Product 88,Category 13,1,289.01,289.01,10,59.81
O01633,2025-07-09,C236,Customer 236,Region 10,City 27,P022,Product 22,Category 7,7,474.2,3319.4,5,638.46
O01634,2025-09-14,C223,Customer 223,Region 3,City 14,P076,Product 76,Category 1,9,21.06,189.54,15,40.13
O01635,2025-03-19,C222,Customer 222,Region 8,City 13,P026,Product 26,Category 11,4,474.87,1899.48,20,549.97
O01636,2025-04-03,C044,Customer 44,Region 2,City 15,P070,Product 70,Category 10,7,231.01,1617.07,10,203.21
O01637,2025-08-17,C280,Customer 280,Region 4,City 11,P066,Product 66,Category 6,3,79.06,237.18,20,24.64
O01638,2025-02-18,C005,Customer 5,Region 8,City 6,P024,Product 24,Category 9,2,73.05,146.1,0,22.08
O01639,2025-01-09,C060,Customer 60,Region 4,City 1,P089,Product 89,Category 14,5,220.92,1104.6,0,324.69
O01640,2025-12-26,C010,Customer 10,Region 6,City 11,P023,Product 23,Category 8,1,444.27,444.27,15,122.76
O01641,2025-08-08,C272,Customer 272,Region 5,City 3,P065,Product 65,Category 5,6,194.4,1166.4,20,280.52
O01642,2025-11-29,C050,Customer 50,Region 7,City 21,P075,Product 75,Category 15,4,418.32,1673.28,15,217.81
O01643,2025-01-03,C033,Customer 33,Region 1,City 4,P088,Product 88,Category 13,6,289.01,1734.06,0,503.31
O01644,2025-02-03,C084,Customer 84,Region 9,City 25,P079,Product 79,Category 4,4,47.04,188.16,0,29.72
O01645,2025-08-21,C182,Customer 182,Region 5,City 3,P090,Product 90,Category 15,5,299.19,1495.95,5,236.52
O01646,2025-01-02,C219,Customer 219,Region 1,City 10,P024,Product 24,Category 9,1,73.05,73.05,20,16.83
O01647,2025-06-20,C289,Customer 289,Region 6,City 20,P042,Product 42,Category 12,3,416.99,1250.97,5,121.58
O01648,2025-05-02,C268,Customer 268,Region 8,City 29,P078,Product 78,Category 3,8,382.56,3060.48,15,543.58
O01649,2025-03-18,C095,Customer 95,Region 7,City 6,P023,Product 23,Category 8,1,444.27,444.27,5,107.12
O01650,2025-03-03,C258,Customer 258,Region 5,City 19,P069,Product 69,Category 9,9,386.3,3476.7,0,862.51
O01651,2025-08-19,C141,Customer 141,Region 2,City 22,P048,Product 48,Category 3,3,392.2,1176.6,20,255.92
O01652,2025-07-25,C174,Customer 174,Region 10,City 25,P060,Product 60,Category 15,9,197.8,1780.2,15,440.18
O01653,2025-07-29,C190,Customer 190,Region 3,City 11,P060,Product 60,Category 15,7,197.8,1384.6,5,151.39
O01654,2025-02-10,C195,Customer 195,Region 1,City 16,P075,Product 75,Category 15,4,418.32,1673.28,20,227.8
O01655,2025-03-31,C004,Customer 4,Region 6,City 5,P003,Product 3,Category 3,1,436.22,436.22,0,60.18
O01656,2025-04-15,C113,Customer 113,Region 8,City 24,P087,Product 87,Category 12,1,230.44,230.44,15,57.66
O01657,2025-02-19,C063,Customer 63,Region 9,City 4,P075,Product 75,Category 15,1,418.32,418.32,10,22.68
O01658,2025-05-09,C071,Customer 71,Region 3,City 12,P090,Product 90,Category 15,2,299.19,598.38,20,162.55
O01659,2025-09-24,C029,Customer 29,Region 9,City 30,P024,Product 24,Category 9,4,73.05,292.2,10,24.32
O01660,2025-03-25,C202,Customer 202,Region 7,City 23,P069,Product 69,Category 9,2,386.3,772.6,5,120.81
O01661,2025-11-30,C143,Customer 143,Region 8,City 24,P056,Product 56,Category 11,7,261.99,1833.93,5,228.81
O01662,2025-06-24,C126,Customer 126,Region 7,City 7,P095,Product 95,Category 5,2,177.16,354.32,10,58.22
O01663,2025-03-07,C181,Customer 181,Region 4,City 2,P015,Product 15,Category 15,5,366.97,1834.85,10,280.09
O01664,2025-02-24,C123,Customer 123,Region 5,City 4,P051,Product 51,Category 6,2,16.21,32.42,10,9.3
O01665,2025-10-12,C194,Customer 194,Region 1,City 15,P096,Product 96,Category 6,9,437.68,3939.12,20,321.0
O01666,2025-11-13,C197,Customer 197,Region 10,City 18,P003,Product 3,Category 3,3,436.22,1308.66,5,79.05
O01667,2025-01-28,C014,Customer 14,Region 7,City 15,P030,Product 30,Category 15,2,225.39,450.78,10,55.13
O01668,2025-06-12,C216,Customer 216,Region 9,City 7,P072,Product 72,Category 12,4,27.53,110.12,15,26.85
O01669,2025-08-07,C256,Customer 256,Region 10,City 17,P083,Product 83,Category 8,5,465.48,2327.4,10,590.08
O01670,2025-05-11,C147,Customer 147,Region 7,City 28,P020,Product 20,Category 5,5,261.28,1306.4,5,211.58
O01671,2025-08-01,C128,Customer 128,Region 2,City 9,P054,Product 54,Category 9,3,12.91,38.73,20,2.22
O01672,2025-01-11,C022,Customer 22,Region 2,City 23,P071,Product 71,Category 11,3,289.19,867.57,20,116.42
O01673,2025-03-24,C293,Customer 293,Region 3,City 24,P002,Product 2,Category 2,10,181.44,1814.4,0,452.43
O01674,2025-11-08,C246,Customer 246,Region 10,City 7,P030,Product 30,Category 15,7,225.39,1577.73,0,193.0
O01675,2025-06-01,C138,Customer 138,Region 2,City 19,P006,Product 6,Category 6,6,65.37,392.22,5,42.29
O01676,2025-03-30,C093,Customer 93,Region 8,City 4,P068,Product 68,Category 8,2,366.31,732.62,0,61.97
O01677,2025-12-29,C036,Customer 36,Region 9,City 7,P098,Product 98,Category 8,6,335.46,2012.76,5,312.66
O01678,2025-08-24,C061,Customer 61,Region 1,City 2,P005,Product 5,Category 5,6,86.73,520.38,15,95.01
O01679,2025-11-25,C250,Customer 250,Region 5,City 11,P087,Product 87,Category 12,3,230.44,691.32,20,130.91
O01680,2025-05-07,C009,Customer 9,Region 7,City 10,P074,Product 74,Category 14,6,291.07,1746.42,10,172.1
O01681,2025-03-12,C265,Customer 265,Region 8,City 26,P003,Product 3,Category 3,6,436.22,2617.32,15,223.82
O01682,2025-12-14,C117,Customer 117,Region 10,City 28,P079,Product 79,Category 4,2,47.04,94.08,10,14.48
O01683,2025-06-15,C257,Customer 257,Region 6,City 18,P070,Product 70,Category 10,7,231.01,1617.07,20,121.87
O01684,2025-02-26,C139,Customer 139,Region 8,City 20,P071,Product 71,Category 11,8,289.19,2313.52,15,654.12
O01685,2025-06-12,C246,Customer 246,Region 10,City 7,P056,Product 56,Category 11,1,261.99,261.99,10,17.49
O01686,2025-02-12,C118,Customer 118,Region 4,City 29,P005,Product 5,Category 5,3,86.73,260.19,15,29.94
O01687,2025-01-06,C277,Customer 277,Region 10,City 8,P036,Product 36,Category 6,9,93.48,841.32,10,149.34
O01688,2025-07-06,C191,Customer 191,Region 5,City 12,P075,Product 75,Category 15,6,418.32,2509.92,5,485.53
O01689,2025-11-20,C093,Customer 93,Region 8,City 4,P063,Product 63,Category 3,3,307.88,923.64,20,135.91
O01690,2025-07-19,C211,Customer 211,Region 9,City 2,P090,Product 90,Category 15,2,299.19,598.38,15,58.76
O01691,2025-10-01,C179,Customer 179,Region 5,City 30,P066,Product 66,Category 6,7,79.06,553.42,0,101.51
O01692,2025-03-27,C135,Customer 135,Region 2,City 16,P059,Product 59,Category 14,7,348.66,2440.62,5,559.48
O01693,2025-09-17,C118,Customer 118,Region 4,City 29,P093,Product 93,Category 3,5,53.85,269.25,10,51.61
O01694,2025-01-16,C034,Customer 34,Region 2,City 5,P069,Product 69,Category 9,2,386.3,772.6,10,54.44
O01695,2025-12-03,C029,Customer 29,Region 9,City 30,P087,Product 87,Category 12,4,230.44,921.76,20,116.14
O01696,2025-10-15,C061,Customer 61,Region 1,City 2,P006,Product 6,Category 6,9,65.37,588.33,0,71.83
O01697,2025-04-28,C053,Customer 53,Region 8,City 24,P006,Product 6,Category 6,9,65.37,588.33,15,88.52
O01698,2025-10-19,C274,Customer 274,Region 1,City 5,P034,Product 34,Category 4,10,389.34,3893.4,10,954.77
O01699,2025-04-27,C039,Customer 39,Region 6,City 10,P063,Product 63,Category 3,7,307.88,2155.16,15,109.87
O01700,2025-02-03,C267,Customer 267,Region 5,City 28,P065,Product 65,Category 5,1,194.4,194.4,0,16.47
O01701,2025-03-31,C098,Customer 98,Region 5,City 9,P011,Product 11,Category 11,6,48.35,290.1,10,41.42
O01702,2025-09-02,C127,Customer 127,Region 7,City 8,P075,Product 75,Category 15,3,418.32,1254.96,5,224.49
O01703,2025-08-12,C094,Customer 94,Region 10,City 5,P057,Product 57,Category 12,8,310.13,2481.04,0,496.63
O01704,2025-02-28,C142,Customer 142,Region 2,City 23,P002,Product 2,Category 2,2,181.44,362.88,20,56.4
O01705,2025-07-02,C048,Customer 48,Region 10,City 19,P063,Product 63,Category 3,10,307.88,3078.8,0,636.84
O01706,2025-05-27,C219,Customer 219,Region 1,City 10,P035,Product 35,Category 5,8,149.03,1192.24,5,323.06
O01707,2025-11-10,C103,Customer 103,Region 3,City 14,P099,Product 99,Category 9,5,154.71,773.55,10,222.54
O01708,2025-10-12,C300,Customer 300,Region 5,City 1,P032,Product 32,Category 2,8,246.16,1969.28,20,141.69
O01709,2025-08-10,C247,Customer 247,Region 6,City 8,P001,Product 1,Category 1,7,254.75,1783.25,15,252.95
O01710,2025-04-29,C241,Customer 241,Region 6,City 2,P099,Product 99,Category 9,7,154.71,1082.97,10,150.74
O01711,2025-07-16,C080,Customer 80,Region 8,City 21,P051,Product 51,Category 6,3,16.21,48.63,10,13.84
O01712,2025-09-28,C014,Customer 14,Region 7,City 15,P001,Product 1,Category 1,7,254.75,1783.25,15,503.76
O01713,2025-09-28,C266,Customer 266,Region 10,City 27,P027,Product 27,Category 12,5,273.37,1366.85,0,306.84
O01714,2025-03-06,C077,Customer 77,Region 8,City 18,P067,Product 67,Category 7,1,245.24,245.24,20,29.72
O01715,2025-01-31,C179,Customer 179,Region 5,City 30,P072,Product 72,Category 12,1,27.53,27.53,15,5.32
O01716,2025-08-16,C085,Customer 85,Region 3,City 26,P018,Product 18,Category 3,5,218.78,1093.9,5,111.38
O01717,2025-08-24,C008,Customer 8,Region 10,City 9,P065,Product 65,Category 5,2,194.4,388.8,5,22.65
O01718,2025-09-24,C148,Customer 148,Region 1,City 29,P091,Product 91,Category 1,6,338.65,2031.9,5,299.37
O01719,2025-03-14,C139,Customer 139,Region 8,City 20,P092,Product 92,Category 2,2,134.34,268.68,0,52.69
O01720,2025-06-20,C057,Customer 57,Region 7,City 28,P040,Product 40,Category 10,2,456.29,912.58,0,147.87
O01721,2025-06-07,C104,Customer 104,Region 4,City 15,P024,Product 24,Category 9,10,73.05,730.5,15,88.04
O01722,2025-10-26,C182,Customer 182,Region 5,City 3,P098,Product 98,Category 8,2,335.46,670.92,20,161.68
O01723,2025-12-30,C226,Customer 226,Region 4,City 17,P023,Product 23,Category 8,1,444.27,444.27,15,75.2
O01724,2025-02-20,C272,Customer 272,Region 5,City 3,P066,Product 66,Category 6,5,79.06,395.3,15,60.58
O01725,2025-01-08,C195,Customer 195,Region 1,City 16,P052,Product 52,Category 7,5,409.71,2048.55,5,408.36
O01726,2025-09-12,C144,Customer 144,Region 4,City 25,P098,Product 98,Category 8,8,335.46,2683.68,10,611.54
O01727,2025-08-26,C065,Customer 65,Region 3,City 6,P019,Product 19,Category 4,4,20.62,82.48,5,14.87
O01728,2025-10-13,C270,Customer 270,Region 1,City 1,P055,Product 55,Category 10,2,215.67,431.34,5,62.97
O01729,2025-11-02,C272,Customer 272,Region 5,City 3,P041,Product 41,Category 11,10,267.12,2671.2,10,611.31
O01730,2025-05-06,C188,Customer 188,Region 2,City 9,P013,Product 13,Category 13,9,47.04,423.36,20,30.04
O01731,2025-05-13,C282,Customer 282,Region 1,City 13,P041,Product 41,Category 11,10,267.12,2671.2,15,609.91
O01732,2025-03-01,C245,Customer 245,Region 3,City 6,P083,Product 83,Category 8,2,465.48,930.96,10,220.19
O01733,2025-07-17,C039,Customer 39,Region 6,City 10,P030,Product 30,Category 15,6,225.39,1352.34,0,369.92
O01734,2025-03-01,C060,Customer 60,Region 4,City 1,P011,Product 11,Category 11,3,48.35,145.05,20,24.79
O01735,2025-12-03,C153,Customer 153,Region 1,City 4,P035,Product 35,Category 5,3,149.03,447.09,20,87.55
O01736,2025-08-15,C154,Customer 154,Region 10,City 5,P018,Product 18,Category 3,10,218.78,2187.8,15,153.58
O01737,2025-07-24,C074,Customer 74,Region 7,City 15,P044,Product 44,Category 14,9,37.1,333.9,20,95.72
O01738,2025-11-02,C171,Customer 171,Region 3,City 22,P096,Product 96,Category 6,2,437.68,875.36,0,233.63
O01739,2025-08-26,C085,Customer 85,Region 3,City 26,P090,Product 90,Category 15,5,299.19,1495.95,15,196.29
O01740,2025-11-21,C005,Customer 5,Region 8,City 6,P096,Product 96,Category 6,6,437.68,2626.08,10,515.21
O01741,2025-03-20,C293,Customer 293,Region 3,City 24,P057,Product 57,Category 12,5,310.13,1550.65,0,358.07
O01742,2025-03-24,C087,Customer 87,Region 7,City 28,P097,Product 97,Category 7,3,226.37,679.11,5,119.31
O01743,2025-03-12,C257,Customer 257,Region 6,City 18,P034,Product 34,Category 4,1,389.34,389.34,15,88.16
O01744,2025-03-18,C004,Customer 4,Region 6,City 5,P089,Product 89,Category 14,8,220.92,1767.36,10,497.17
O01745,2025-02-07,C290,Customer 290,Region 2,City 21,P100,Product 100,Category 10,7,118.57,829.99,0,85.03
O01746,2025-01-29,C166,Customer 166,Region 5,City 17,P003,Product 3,Category 3,6,436.22,2617.32,10,720.13
O01747,2025-01-31,C254,Customer 254,Region 7,City 15,P090,Product 90,Category 15,6,299.19,1795.14,15,332.18
O01748,2025-05-13,C260,Customer 260,Region 3,City 21,P036,Product 36,Category 6,1,93.48,93.48,5,8.2
O01749,2025-05-28,C060,Customer 60,Region 4,City 1,P054,Product 54,Category 9,6,12.91,77.46,5,20.33
O01750,2025-02-12,C159,Customer 159,Region 9,City 10,P074,Product 74,Category 14,7,291.07,2037.49,20,559.01
O01751,2025-05-03,C028,Customer 28,Region 1,City 29,P047,Product 47,Category 2,2,198.11,396.22,20,26.71
O01752,2025-05-17,C285,Customer 285,Region 3,City 16,P071,Product 71,Category 11,10,289.19,2891.9,15,839.48
O01753,2025-02-01,C132,Customer 132,Region 2,City 13,P062,Product 62,Category 2,10,167.7,1677.0,15,487.72
O01754,2025-07-30,C167,Customer 167,Region 3,City 18,P031,Product 31,Category 1,6,69.9,419.4,20,59.36
O01755,2025-09-20,C098,Customer 98,Region 5,City 9,P019,Product 19,Category 4,10,20.62,206.2,20,53.7
O01756,2025-12-04,C120,Customer 120,Region 8,City 1,P077,Product 77,Category 2,7,475.01,3325.07,20,171.0
O01757,2025-07-01,C268,Customer 268,Region 8,City 29,P078,Product 78,Category 3,3,382.56,1147.68,0,145.29
O01758,2025-06-17,C270,Customer 270,Region 1,City 1,P022,Product 22,Category 7,7,474.2,3319.4,10,557.51
O01759,2025-04-30,C278,Customer 278,Region 2,City 9,P030,Product 30,Category 15,6,225.39,1352.34,5,325.35
O01760,2025-06-11,C145,Customer 145,Region 10,City 26,P002,Product 2,Category 2,6,181.44,1088.64,15,302.41
O01761,2025-05-12,C255,Customer 255,Region 9,City 16,P022,Product 22,Category 7,2,474.2,948.4,5,243.98
O01762,2025-07-07,C268,Customer 268,Region 8,City 29,P067,Product 67,Category 7,9,245.24,2207.16,5,553.06
O01763,2025-02-24,C279,Customer 279,Region 9,City 10,P040,Product 40,Category 10,3,456.29,1368.87,5,184.84
O01764,2025-10-02,C191,Customer 191,Region 5,City 12,P062,Product 62,Category 2,10,167.7,1677.0,20,302.79
O01765,2025-08-14,C282,Customer 282,Region 1,City 13,P038,Product 38,Category 8,3,30.8,92.4,0,6.84
O01766,2025-01-08,C262,Customer 262,Region 3,City 23,P033,Product 33,Category 3,2,392.37,784.74,10,181.76
O01767,2025-07-21,C201,Customer 201,Region 4,City 22,P013,Product 13,Category 13,3,47.04,141.12,0,36.39
O01768,2025-02-23,C265,Customer 265,Region 8,City 26,P046,Product 46,Category 1,3,42.09,126.27,20,20.51
O01769,2025-10-06,C080,Customer 80,Region 8,City 21,P052,Product 52,Category 7,8,409.71,3277.68,20,173.69
O01770,2025-03-23,C238,Customer 238,Region 5,City 29,P061,Product 61,Category 1,3,126.53,379.59,5,113.22
O01771,2025-09-19,C051,Customer 51,Region 10,City 22,P013,Product 13,Category 13,5,47.04,235.2,0,37.31
O01772,2025-11-05,C019,Customer 19,Region 1,City 20,P054,Product 54,Category 9,6,12.91,77.46,0,5.63
O01773,2025-09-01,C012,Customer 12,Region 1,City 13,P071,Product 71,Category 11,8,289.19,2313.52,10,439.1
O01774,2025-01-22,C003,Customer 3,Region 9,City 4,P020,Product 20,Category 5,3,261.28,783.84,0,134.34
O01775,2025-09-04,C285,Customer 285,Region 3,City 16,P062,Product 62,Category 2,2,167.7,335.4,15,40.84
O01776,2025-11-26,C211,Customer 211,Region 9,City 2,P086,Product 86,Category 11,10,371.95,3719.5,15,859.83
O01777,2025-03-08,C263,Customer 263,Region 2,City 24,P051,Product 51,Category 6,6,16.21,97.26,10,6.63
O01778,2025-06-10,C160,Customer 160,Region 7,City 11,P065,Product 65,Category 5,4,194.4,777.6,20,214.92
O01779,2025-04-18,C258,Customer 258,Region 5,City 19,P068,Product 68,Category 8,7,366.31,2564.17,5,198.54
O01780,2025-02-19,C180,Customer 180,Region 3,City 1,P028,Product 28,Category 13,4,186.78,747.12,15,171.8
O01781,2025-10-29,C270,Customer 270,Region 1,City 1,P050,Product 50,Category 5,5,464.52,2322.6,15,607.69
O01782,2025-07-26,C078,Customer 78,Region 8,City 19,P061,Product 61,Category 1,5,126.53,632.65,5,47.08
O01783,2025-03-24,C155,Customer 155,Region 3,City 6,P015,Product 15,Category 15,7,366.97,2568.79,5,203.25
O01784,2025-07-13,C020,Customer 20,Region 4,City 21,P088,Product 88,Category 13,9,289.01,2601.09,0,484.55
O01785,2025-06-17,C293,Customer 293,Region 3,City 24,P050,Product 50,Category 5,2,464.52,929.04,10,272.69
O01786,2025-01-24,C196,Customer 196,Region 6,City 17,P004,Product 4,Category 4,2,446.21,892.42,0,257.5
O01787,2025-12-02,C172,Customer 172,Region 1,City 23,P060,Product 60,Category 15,1,197.8,197.8,20,29.17
O01788,2025-03-15,C214,Customer 214,Region 3,City 5,P074,Product 74,Category 14,1,291.07,291.07,10,46.11
O01789,2025-05-13,C038,Customer 38,Region 4,City 9,P058,Product 58,Category 13,1,201.63,201.63,5,13.77
O01790,2025-09-22,C215,Customer 215,Region 9,City 6,P048,Product 48,Category 3,2,392.2,784.4,0,187.87
O01791,2025-04-01,C002,Customer 2,Region 1,City 3,P008,Product 8,Category 8,10,252.32,2523.2,0,704.82
O01792,2025-03-08,C070,Customer 70,Region 2,City 11,P096,Product 96,Category 6,10,437.68,4376.8,10,604.34
O01793,2025-03-12,C086,Customer 86,Region 5,City 27,P055,Product 55,Category 10,9,215.67,1941.03,20,178.8
O01794,2025-07-11,C245,Customer 245,Region 3,City 6,P064,Product 64,Category 4,2,445.94,891.88,15,45.93
O01795,2025-08-09,C028,Customer 28,Region 1,City 29,P084,Product 84,Category 9,7,410.58,2874.06,10,659.99
O01796,2025-05-08,C116,Customer 116,Region 1,City 27,P089,Product 89,Category 14,10,220.92,2209.2,0,497.9
O01797,2025-05-21,C148,Customer 148,Region 1,City 29,P093,Product 93,Category 3,2,53.85,107.7,5,20.45
O01798,2025-10-25,C148,Customer 148,Region 1,City 29,P019,Product 19,Category 4,8,20.62,164.96,10,20.78
O01799,2025-08-07,C069,Customer 69,Region 4,City 10,P017,Product 17,Category 2,9,373.36,3360.24,10,263.94
O01800,2025-07-19,C084,Customer 84,Region 9,City 25,P021,Product 21,Category 6,4,126.09,504.36,15,29.79
O01801,2025-12-23,C084,Customer 84,Region 9,City 25,P072,Product 72,Category 12,9,27.53,247.77,15,66.3
O01802,2025-04-20,C030,Customer 30,Region 1,City 1,P011,Product 11,Category 11,6,48.35,290.1,15,41.82
O01803,2025-12-29,C230,Customer 230,Region 1,City 21,P062,Product 62,Category 2,10,167.7,1677.0,15,260.53
O01804,2025-12-20,C034,Customer 34,Region 2,City 5,P080,Product 80,Category 5,2,322.73,645.46,10,160.72
O01805,2025-02-25,C061,Customer 61,Region 1,City 2,P080,Product 80,Category 5,5,322.73,1613.65,0,223.41
O01806,2025-05-15,C299,Customer 299,Region 8,City 30,P041,Product 41,Category 11,3,267.12,801.36,0,60.93
O01807,2025-09-21,C216,Customer 216,Region 9,City 7,P037,Product 37,Category 7,9,329.5,2965.5,10,656.0
O01808,2025-11-28,C147,Customer 147,Region 7,City 28,P092,Product 92,Category 2,4,134.34,537.36,20,147.41
O01809,2025-06-16,C102,Customer 102,Region 7,City 13,P074,Product 74,Category 14,3,291.07,873.21,20,84.55
O01810,2025-01-14,C151,Customer 151,Region 10,City 2,P047,Product 47,Category 2,3,198.11,594.33,0,48.11
O01811,2025-02-08,C161,Customer 161,Region 10,City 12,P042,Product 42,Category 12,6,416.99,2501.94,20,574.91
O01812,2025-03-23,C262,Customer 262,Region 3,City 23,P089,Product 89,Category 14,3,220.92,662.76,15,135.89
O01813,2025-08-08,C015,Customer 15,Region 6,City 16,P018,Product 18,Category 3,1,218.78,218.78,0,11.15
O01814,2025-07-24,C286,Customer 286,Region 10,City 17,P061,Product 61,Category 1,10,126.53,1265.3,0,315.95
O01815,2025-02-17,C081,Customer 81,Region 7,City 22,P027,Product 27,Category 12,2,273.37,546.74,15,99.02
O01816,2025-02-14,C297,Customer 297,Region 8,City 28,P001,Product 1,Category 1,7,254.75,1783.25,10,464.22
O01817,2025-03-21,C196,Customer 196,Region 6,City 17,P029,Product 29,Category 14,5,260.21,1301.05,10,191.81
O01818,2025-12-11,C164,Customer 164,Region 3,City 15,P001,Product 1,Category 1,7,254.75,1783.25,10,482.06
O01819,2025-11-08,C242,Customer 242,Region 7,City 3,P005,Product 5,Category 5,6,86.73,520.38,15,88.4
O01820,2025-11-13,C032,Customer 32,Region 4,City 3,P050,Product 50,Category 5,1,464.52,464.52,5,74.26
O01821,2025-04-24,C268,Customer 268,Region 8,City 29,P079,Product 79,Category 4,5,47.04,235.2,20,28.61
O01822,2025-11-02,C084,Customer 84,Region 9,City 25,P044,Product 44,Category 14,10,37.1,371.0,0,72.96
O01823,2025-03-24,C146,Customer 146,Region 7,City 27,P064,Product 64,Category 4,9,445.94,4013.46,10,1091.82
O01824,2025-12-17,C108,Customer 108,Region 7,City 19,P100,Product 100,Category 10,5,118.57,592.85,20,71.04
O01825,2025-08-31,C221,Customer 221,Region 1,City 12,P053,Product 53,Category 8,10,434.3,4343.0,10,915.23
O01826,2025-05-07,C115,Customer 115,Region 5,City 26,P045,Product 45,Category 15,2,189.29,378.58,15,71.23
O01827,2025-01-29,C291,Customer 291,Region 4,City 22,P063,Product 63,Category 3,1,307.88,307.88,0,86.73
O01828,2025-11-27,C284,Customer 284,Region 8,City 15,P004,Product 4,Category 4,1,446.21,446.21,0,102.25
O01829,2025-05-14,C229,Customer 229,Region 2,City 20,P057,Product 57,Category 12,6,310.13,1860.78,0,259.48
O01830,2025-06-15,C247,Customer 247,Region 6,City 8,P048,Product 48,Category 3,8,392.2,3137.6,20,877.87
O01831,2025-05-07,C064,Customer 64,Region 2,City 5,P006,Product 6,Category 6,4,65.37,261.48,10,74.36
O01832,2025-04-20,C077,Customer 77,Region 8,City 18,P022,Product 22,Category 7,8,474.2,3793.6,10,555.53
O01833,2025-04-18,C298,Customer 298,Region 4,City 29,P033,Product 33,Category 3,4,392.37,1569.48,20,112.79
O01834,2025-10-08,C261,Customer 261,Region 5,City 22,P042,Product 42,Category 12,10,416.99,4169.9,5,642.34
O01835,2025-07-04,C145,Customer 145,Region 10,City 26,P073,Product 73,Category 13,3,98.73,296.19,5,68.06
O01836,2025-07-20,C144,Customer 144,Region 4,City 25,P079,Product 79,Category 4,6,47.04,282.24,5,62.37
O01837,2025-06-22,C280,Customer 280,Region 4,City 11,P083,Product 83,Category 8,1,465.48,465.48,15,72.58
O01838,2025-05-20,C293,Customer 293,Region 3,City 24,P049,Product 49,Category 4,9,491.59,4424.31,20,375.68
O01839,2025-09-20,C232,Customer 232,Region 2,City 23,P082,Product 82,Category 7,8,387.7,3101.6,20,762.33
O01840,2025-05-31,C154,Customer 154,Region 10,City 5,P061,Product 61,Category 1,4,126.53,506.12,10,146.77
O01841,2025-04-20,C098,Customer 98,Region 5,City 9,P057,Product 57,Category 12,5,310.13,1550.65,0,233.83
O01842,2025-02-28,C203,Customer 203,Region 9,City 24,P076,Product 76,Category 1,7,21.06,147.42,15,21.7
O01843,2025-07-01,C201,Customer 201,Region 4,City 22,P029,Product 29,Category 14,4,260.21,1040.84,5,310.25
O01844,2025-06-24,C216,Customer 216,Region 9,City 7,P024,Product 24,Category 9,7,73.05,511.35,15,102.05
O01845,2025-02-10,C139,Customer 139,Region 8,City 20,P002,Product 2,Category 2,6,181.44,1088.64,15,262.05
O01846,2025-06-17,C272,Customer 272,Region 5,City 3,P061,Product 61,Category 1,2,126.53,253.06,10,21.77
O01847,2025-09-03,C263,Customer 263,Region 2,City 24,P056,Product 56,Category 11,1,261.99,261.99,15,69.93
O01848,2025-12-03,C142,Customer 142,Region 2,City 23,P025,Product 25,Category 10,9,34.77,312.93,20,66.07
O01849,2025-03-21,C043,Customer 43,Region 9,City 14,P025,Product 25,Category 10,4,34.77,139.08,10,38.45
O01850,2025-02-28,C145,Customer 145,Region 10,City 26,P093,Product 93,Category 3,3,53.85,161.55,0,12.37
O01851,2025-09-05,C298,Customer 298,Region 4,City 29,P013,Product 13,Category 13,10,47.04,470.4,5,34.55
O01852,2025-01-12,C112,Customer 112,Region 10,City 23,P042,Product 42,Category 12,4,416.99,1667.96,15,280.96
O01853,2025-12-23,C079,Customer 79,Region 7,City 20,P061,Product 61,Category 1,7,126.53,885.71,20,213.02
O01854,2025-02-08,C246,Customer 246,Region 10,City 7,P084,Product 84,Category 9,5,410.58,2052.9,15,227.4
O01855,2025-12-03,C110,Customer 110,Region 3,City 21,P034,Product 34,Category 4,6,389.34,2336.04,15,573.88
O01856,2025-03-16,C125,Customer 125,Region 6,City 6,P070,Product 70,Category 10,3,231.01,693.03,0,186.95
O01857,2025-01-12,C292,Customer 292,Region 7,City 23,P054,Product 54,Category 9,6,12.91,77.46,20,14.58
O01858,2025-07-27,C217,Customer 217,Region 4,City 8,P045,Product 45,Category 15,4,189.29,757.16,0,156.34
O01859,2025-01-06,C226,Customer 226,Region 4,City 17,P076,Product 76,Category 1,4,21.06,84.24,15,11.68
O01860,2025-07-14,C127,Customer 127,Region 7,City 8,P014,Product 14,Category 14,5,159.28,796.4,5,152.07
O01861,2025-09-21,C070,Customer 70,Region 2,City 11,P073,Product 73,Category 13,8,98.73,789.84,5,217.44
O01862,2025-01-24,C060,Customer 60,Region 4,City 1,P089,Product 89,Category 14,6,220.92,1325.52,15,72.39
O01863,2025-05-18,C273,Customer 273,Region 8,City 4,P098,Product 98,Category 8,9,335.46,3019.14,15,230.27
O01864,2025-05-15,C225,Customer 225,Region 7,City 16,P001,Product 1,Category 1,7,254.75,1783.25,20,335.03
O01865,2025-10-31,C008,Customer 8,Region 10,City 9,P039,Product 39,Category 9,2,489.97,979.94,15,94.52
O01866,2025-12-26,C011,Customer 11,Region 6,City 12,P021,Product 21,Category 6,7,126.09,882.63,10,189.25
O01867,2025-03-10,C047,Customer 47,Region 2,City 18,P011,Product 11,Category 11,8,48.35,386.8,20,62.1
O01868,2025-01-04,C038,Customer 38,Region 4,City 9,P076,Product 76,Category 1,9,21.06,189.54,5,27.97
O01869,2025-04-30,C167,Customer 167,Region 3,City 18,P002,Product 2,Category 2,1,181.44,181.44,20,52.78
O01870,2025-02-23,C185,Customer 185,Region 10,City 6,P065,Product 65,Category 5,1,194.4,194.4,15,51.14
O01871,2025-11-20,C168,Customer 168,Region 7,City 19,P097,Product 97,Category 7,10,226.37,2263.7,0,569.38
O01872,2025-09-29,C284,Customer 284,Region 8,City 15,P009,Product 9,Category 9,9,154.35,1389.15,5,153.4
O01873,2025-06-10,C260,Customer 260,Region 3,City 21,P021,Product 21,Category 6,10,126.09,1260.9,20,276.22
O01874,2025-03-17,C153,Customer 153,Region 1,City 4,P043,Product 43,Category 13,7,374.4,2620.8,15,626.48
O01875,2025-09-02,C229,Customer 229,Region 2,City 20,P074,Product 74,Category 14,2,291.07,582.14,15,151.17
O01876,2025-09-14,C131,Customer 131,Region 7,City 12,P069,Product 69,Category 9,1,386.3,386.3,5,92.15
O01877,2025-10-16,C277,Customer 277,Region 10,City 8,P070,Product 70,Category 10,10,231.01,2310.1,5,317.29
O01878,2025-05-27,C295,Customer 295,Region 2,City 26,P075,Product 75,Category 15,2,418.32,836.64,5,127.53
O01879,2025-11-05,C050,Customer 50,Region 7,City 21,P084,Product 84,Category 9,1,410.58,410.58,0,44.22
O01880,2025-11-10,C223,Customer 223,Region 3,City 14,P035,Product 35,Category 5,7,149.03,1043.21,15,164.12
O01881,2025-08-07,C188,Customer 188,Region 2,City 9,P024,Product 24,Category 9,5,73.05,365.25,10,108.1
O01882,2025-06-24,C003,Customer 3,Region 9,City 4,P016,Product 16,Category 1,8,29.92,239.36,10,62.64
O01883,2025-12-09,C045,Customer 45,Region 4,City 16,P073,Product 73,Category 13,10,98.73,987.3,5,292.84
O01884,2025-07-19,C269,Customer 269,Region 6,City 30,P025,Product 25,Category 10,3,34.77,104.31,0,15.3
O01885,2025-10-25,C090,Customer 90,Region 4,City 1,P050,Product 50,Category 5,10,464.52,4645.2,20,1037.25
O01886,2025-07-19,C105,Customer 105,Region 7,City 16,P009,Product 9,Category 9,10,154.35,1543.5,10,271.52
O01887,2025-08-25,C069,Customer 69,Region 4,City 10,P040,Product 40,Category 10,8,456.29,3650.32,10,810.26
O01888,2025-10-01,C196,Customer 196,Region 6,City 17,P054,Product 54,Category 9,1,12.91,12.91,0,0.84
O01889,2025-08-28,C028,Customer 28,Region 1,City 29,P075,Product 75,Category 15,1,418.32,418.32,0,124.04
O01890,2025-10-28,C223,Customer 223,Region 3,City 14,P034,Product 34,Category 4,6,389.34,2336.04,10,459.03
O01891,2025-01-21,C207,Customer 207,Region 2,City 28,P015,Product 15,Category 15,4,366.97,1467.88,10,364.18
O01892,2025-06-07,C219,Customer 219,Region 1,City 10,P021,Product 21,Category 6,5,126.09,630.45,0,139.45
O01893,2025-05-12,C093,Customer 93,Region 8,City 4,P024,Product 24,Category 9,5,73.05,365.25,5,58.79
O01894,2025-07-30,C221,Customer 221,Region 1,City 12,P063,Product 63,Category 3,2,307.88,615.76,20,161.52
O01895,2025-02-14,C160,Customer 160,Region 7,City 11,P036,Product 36,Category 6,8,93.48,747.84,0,165.96
O01896,2025-06-24,C105,Customer 105,Region 7,City 16,P026,Product 26,Category 11,5,474.87,2374.35,15,200.55
O01897,2025-01-22,C142,Customer 142,Region 2,City 23,P100,Product 100,Category 10,1,118.57,118.57,0,32.53
O01898,2025-08-03,C055,Customer 55,Region 4,City 26,P042,Product 42,Category 12,4,416.99,1667.96,5,330.78
O01899,2025-04-21,C267,Customer 267,Region 5,City 28,P037,Product 37,Category 7,10,329.5,3295.0,20,626.14
O01900,2025-06-01,C192,Customer 192,Region 3,City 13,P089,Product 89,Category 14,8,220.92,1767.36,0,273.75
O01901,2025-04-29,C127,Customer 127,Region 7,City 8,P081,Product 81,Category 6,2,112.74,225.48,15,28.93
O01902,2025-05-08,C026,Customer 26,Region 7,City 27,P061,Product 61,Category 1,1,126.53,126.53,15,10.67
O01903,2025-07-28,C062,Customer 62,Region 8,City 3,P065,Product 65,Category 5,3,194.4,583.2,10,76.62
O01904,2025-09-17,C154,Customer 154,Region 10,City 5,P097,Product 97,Category 7,10,226.37,2263.7,5,199.29
O01905,2025-06-26,C250,Customer 250,Region 5,City 11,P096,Product 96,Category 6,9,437.68,3939.12,10,428.22
O01906,2025-10-28,C295,Customer 295,Region 2,City 26,P063,Product 63,Category 3,4,307.88,1231.52,20,247.86
O01907,2025-09-20,C184,Customer 184,Region 1,City 5,P037,Product 37,Category 7,10,329.5,3295.0,10,582.28
O01908,2025-04-06,C289,Customer 289,Region 6,City 20,P044,Product 44,Category 14,6,37.1,222.6,10,17.4
O01909,2025-06-25,C133,Customer 133,Region 4,City 14,P084,Product 84,Category 9,7,410.58,2874.06,10,667.03
O01910,2025-09-17,C225,Customer 225,Region 7,City 16,P018,Product 18,Category 3,2,218.78,437.56,0,77.05
O01911,2025-01-13,C060,Customer 60,Region 4,City 1,P088,Product 88,Category 13,9,289.01,2601.09,10,322.58
O01912,2025-02-08,C252,Customer 252,Region 6,City 13,P084,Product 84,Category 9,10,410.58,4105.8,0,312.59
O01913,2025-06-29,C062,Customer 62,Region 8,City 3,P082,Product 82,Category 7,9,387.7,3489.3,15,825.67
O01914,2025-05-21,C078,Customer 78,Region 8,City 19,P034,Product 34,Category 4,6,389.34,2336.04,10,300.46
O01915,2025-08-23,C199,Customer 199,Region 8,City 20,P001,Product 1,Category 1,4,254.75,1019.0,0,246.44
O01916,2025-11-23,C282,Customer 282,Region 1,City 13,P046,Product 46,Category 1,10,42.09,420.9,20,80.29
O01917,2025-04-08,C295,Customer 295,Region 2,City 26,P088,Product 88,Category 13,1,289.01,289.01,0,54.13
O01918,2025-08-21,C135,Customer 135,Region 2,City 16,P048,Product 48,Category 3,2,392.2,784.4,5,179.5
O01919,2025-12-18,C043,Customer 43,Region 9,City 14,P078,Product 78,Category 3,10,382.56,3825.6,10,675.86
O01920,2025-12-30,C154,Customer 154,Region 10,City 5,P023,Product 23,Category 8,10,444.27,4442.7,10,443.33
O01921,2025-05-21,C152,Customer 152,Region 4,City 3,P085,Product 85,Category 10,7,456.11,3192.77,5,559.03
O01922,2025-06-12,C108,Customer 108,Region 7,City 19,P083,Product 83,Category 8,9,465.48,4189.32,5,591.27
O01923,2025-11-19,C158,Customer 158,Region 9,City 9,P085,Product 85,Category 10,10,456.11,4561.1,15,817.9
O01924,2025-04-16,C013,Customer 13,Region 6,City 14,P029,Product 29,Category 14,5,260.21,1301.05,0,383.94
O01925,2025-03-27,C252,Customer 252,Region 6,City 13,P017,Product 17,Category 2,2,373.36,746.72,20,122.74
O01926,2025-02-27,C180,Customer 180,Region 3,City 1,P016,Product 16,Category 1,10,29.92,299.2,15,71.43
O01927,2025-12-08,C033,Customer 33,Region 1,City 4,P085,Product 85,Category 10,7,456.11,3192.77,10,182.44
O01928,2025-11-16,C116,Customer 116,Region 1,City 27,P073,Product 73,Category 13,9,98.73,888.57,20,126.13
O01929,2025-10-08,C230,Customer 230,Region 1,City 21,P066,Product 66,Category 6,10,79.06,790.6,20,95.65
O01930,2025-05-27,C073,Customer 73,Region 7,City 14,P073,Product 73,Category 13,5,98.73,493.65,20,64.66
O01931,2025-07-01,C230,Customer 230,Region 1,City 21,P052,Product 52,Category 7,8,409.71,3277.68,5,887.99
O01932,2025-10-16,C212,Customer 212,Region 5,City 3,P037,Product 37,Category 7,9,329.5,2965.5,10,338.47
O01933,2025-09-28,C067,Customer 67,Region 1,City 8,P086,Product 86,Category 11,6,371.95,2231.7,0,457.48
O01934,2025-06-04,C160,Customer 160,Region 7,City 11,P046,Product 46,Category 1,9,42.09,378.81,0,107.62
O01935,2025-04-09,C105,Customer 105,Region 7,City 16,P071,Product 71,Category 11,2,289.19,578.38,0,93.39
O01936,2025-01-03,C030,Customer 30,Region 1,City 1,P071,Product 71,Category 11,10,289.19,2891.9,5,511.42
O01937,2025-11-14,C085,Customer 85,Region 3,City 26,P059,Product 59,Category 14,8,348.66,2789.28,5,684.27
O01938,2025-01-02,C190,Customer 190,Region 3,City 11,P020,Product 20,Category 5,5,261.28,1306.4,10,261.29
O01939,2025-11-07,C098,Customer 98,Region 5,City 9,P046,Product 46,Category 1,2,42.09,84.18,15,23.39
O01940,2025-01-09,C096,Customer 96,Region 4,City 7,P016,Product 16,Category 1,2,29.92,59.84,15,4.78
O01941,2025-09-27,C013,Customer 13,Region 6,City 14,P007,Product 7,Category 7,5,451.77,2258.85,10,396.53
O01942,2025-07-26,C045,Customer 45,Region 4,City 16,P026,Product 26,Category 11,5,474.87,2374.35,10,627.57
O01943,2025-09-13,C040,Customer 40,Region 3,City 11,P005,Product 5,Category 5,8,86.73,693.84,10,200.24
O01944,2025-03-17,C139,Customer 139,Region 8,City 20,P062,Product 62,Category 2,7,167.7,1173.9,15,192.31
O01945,2025-10-30,C052,Customer 52,Region 4,City 23,P046,Product 46,Category 1,5,42.09,210.45,20,44.32
O01946,2025-09-15,C193,Customer 193,Region 4,City 14,P054,Product 54,Category 9,6,12.91,77.46,10,4.65
O01947,2025-03-15,C092,Customer 92,Region 2,City 3,P006,Product 6,Category 6,6,65.37,392.22,10,97.66
O01948,2025-12-21,C019,Customer 19,Region 1,City 20,P008,Product 8,Category 8,7,252.32,1766.24,10,213.14
O01949,2025-01-02,C273,Customer 273,Region 8,City 4,P047,Product 47,Category 2,4,198.11,792.44,5,60.34
O01950,2025-05-05,C250,Customer 250,Region 5,City 11,P066,Product 66,Category 6,6,79.06,474.36,20,116.4
O01951,2025-09-27,C123,Customer 123,Region 5,City 4,P042,Product 42,Category 12,2,416.99,833.98,5,87.25
O01952,2025-06-30,C035,Customer 35,Region 1,City 6,P037,Product 37,Category 7,3,329.5,988.5,15,56.8
O01953,2025-04-01,C214,Customer 214,Region 3,City 5,P096,Product 96,Category 6,3,437.68,1313.04,15,101.37
O01954,2025-12-25,C120,Customer 120,Region 8,City 1,P015,Product 15,Category 15,5,366.97,1834.85,0,285.35
O01955,2025-06-12,C122,Customer 122,Region 3,City 3,P072,Product 72,Category 12,10,27.53,275.3,10,39.19
O01956,2025-10-31,C240,Customer 240,Region 5,City 1,P063,Product 63,Category 3,10,307.88,3078.8,15,410.51
O01957,2025-09-26,C277,Customer 277,Region 10,City 8,P029,Product 29,Category 14,3,260.21,780.63,15,205.38
O01958,2025-12-17,C235,Customer 235,Region 4,City 26,P032,Product 32,Category 2,9,246.16,2215.44,20,413.28
O01959,2025-09-20,C287,Customer 287,Region 1,City 18,P095,Product 95,Category 5,8,177.16,1417.28,10,109.63
O01960,2025-01-31,C055,Customer 55,Region 4,City 26,P021,Product 21,Category 6,10,126.09,1260.9,0,146.72
O01961,2025-08-10,C073,Customer 73,Region 7,City 14,P050,Product 50,Category 5,4,464.52,1858.08,10,142.59
O01962,2025-08-07,C232,Customer 232,Region 2,City 23,P021,Product 21,Category 6,3,126.09,378.27,5,29.22
O01963,2025-05-24,C004,Customer 4,Region 6,City 5,P061,Product 61,Category 1,7,126.53,885.71,0,139.23
O01964,2025-03-01,C241,Customer 241,Region 6,City 2,P099,Product 99,Category 9,5,154.71,773.55,10,173.22
O01965,2025-09-16,C116,Customer 116,Region 1,City 27,P049,Product 49,Category 4,8,491.59,3932.72,20,219.86
O01966,2025-06-07,C052,Customer 52,Region 4,City 23,P060,Product 60,Category 15,8,197.8,1582.4,5,471.89
O01967,2025-10-26,C232,Customer 232,Region 2,City 23,P028,Product 28,Category 13,7,186.78,1307.46,10,355.38
O01968,2025-05-20,C210,Customer 210,Region 7,City 1,P002,Product 2,Category 2,6,181.44,1088.64,10,106.72
O01969,2025-01-16,C237,Customer 237,Region 1,City 28,P047,Product 47,Category 2,4,198.11,792.44,10,51.37
O01970,2025-05-13,C231,Customer 231,Region 7,City 22,P035,Product 35,Category 5,8,149.03,1192.24,20,165.34
O01971,2025-05-14,C253,Customer 253,Region 7,City 14,P025,Product 25,Category 10,8,34.77,278.16,10,62.72
O01972,2025-06-12,C039,Customer 39,Region 6,City 10,P043,Product 43,Category 13,10,374.4,3744.0,20,295.17
O01973,2025-09-28,C182,Customer 182,Region 5,City 3,P059,Product 59,Category 14,8,348.66,2789.28,20,802.08
O01974,2025-01-04,C170,Customer 170,Region 4,City 21,P013,Product 13,Category 13,1,47.04,47.04,20,3.38
O01975,2025-12-19,C048,Customer 48,Region 10,City 19,P098,Product 98,Category 8,7,335.46,2348.22,5,364.13
O01976,2025-09-24,C132,Customer 132,Region 2,City 13,P095,Product 95,Category 5,10,177.16,1771.6,0,507.75
O01977,2025-12-30,C256,Customer 256,Region 10,City 17,P033,Product 33,Category 3,2,392.37,784.74,5,204.67
O01978,2025-08-13,C039,Customer 39,Region 6,City 10,P052,Product 52,Category 7,4,409.71,1638.84,20,297.22
O01979,2025-09-01,C161,Customer 161,Region 10,City 12,P035,Product 35,Category 5,3,149.03,447.09,10,71.65
O01980,2025-01-26,C136,Customer 136,Region 5,City 17,P047,Product 47,Category 2,5,198.11,990.55,5,136.25
O01981,2025-05-22,C181,Customer 181,Region 4,City 2,P002,Product 2,Category 2,2,181.44,362.88,5,44.53
O01982,2025-02-25,C156,Customer 156,Region 2,City 7,P014,Product 14,Category 14,6,159.28,955.68,10,133.4
O01983,2025-12-12,C223,Customer 223,Region 3,City 14,P064,Product 64,Category 4,4,445.94,1783.76,5,360.3
O01984,2025-04-23,C114,Customer 114,Region 5,City 25,P044,Product 44,Category 14,1,37.1,37.1,15,3.15
O01985,2025-08-05,C284,Customer 284,Region 8,City 15,P053,Product 53,Category 8,8,434.3,3474.4,20,285.74
O01986,2025-02-26,C139,Customer 139,Region 8,City 20,P077,Product 77,Category 2,2,475.01,950.02,10,208.42
O01987,2025-06-11,C088,Customer 88,Region 5,City 29,P006,Product 6,Category 6,10,65.37,653.7,20,96.3
O01988,2025-01-27,C265,Customer 265,Region 8,City 26,P058,Product 58,Category 13,6,201.63,1209.78,10,113.46
O01989,2025-11-27,C055,Customer 55,Region 4,City 26,P039,Product 39,Category 9,8,489.97,3919.76,10,949.48
O01990,2025-08-11,C056,Customer 56,Region 10,City 27,P081,Product 81,Category 6,4,112.74,450.96,20,46.82
O01991,2025-09-12,C067,Customer 67,Region 1,City 8,P005,Product 5,Category 5,1,86.73,86.73,10,9.29
O01992,2025-07-05,C236,Customer 236,Region 10,City 27,P044,Product 44,Category 14,9,37.1,333.9,15,98.17
O01993,2025-09-10,C265,Customer 265,Region 8,City 26,P015,Product 15,Category 15,2,366.97,733.94,20,55.86
O01994,2025-10-20,C007,Customer 7,Region 10,City 8,P007,Product 7,Category 7,8,451.77,3614.16,20,779.8
O01995,2025-10-07,C165,Customer 165,Region 9,City 16,P031,Product 31,Category 1,4,69.9,279.6,0,70.64
O01996,2025-11-15,C186,Customer 186,Region 8,City 7,P031,Product 31,Category 1,2,69.9,139.8,5,15.48
O01997,2025-01-16,C173,Customer 173,Region 4,City 24,P026,Product 26,Category 11,1,474.87,474.87,5,133.01
O01998,2025-06-30,C129,Customer 129,Region 10,City 10,P059,Product 59,Category 14,5,348.66,1743.3,0,164.64
O01999,2025-02-04,C194,Customer 194,Region 1,City 15,P005,Product 5,Category 5,8,86.73,693.84,10,160.06
O02000,2025-07-23,C239,Customer 239,Region 2,City 30,P090,Product 90,Category 15,3,299.19,897.57,5,207.18
O02001,2025-10-15,C106,Customer 106,Region 2,City 17,P011,Product 11,Category 11,6,48.35,290.1,5,44.29
O02002,2025-07-14,C262,Customer 262,Region 3,City 23,P092,Product 92,Category 2,3,134.34,403.02,5,25.9
O02003,2025-07-14,C220,Customer 220,Region 9,City 11,P083,Product 83,Category 8,7,465.48,3258.36,20,239.52
O02004,2025-05-16,C162,Customer 162,Region 7,City 13,P030,Product 30,Category 15,6,225.39,1352.34,15,363.38
O02005,2025-02-14,C191,Customer 191,Region 5,City 12,P018,Product 18,Category 3,8,218.78,1750.24,0,104.75
O02006,2025-02-07,C234,Customer 234,Region 8,City 25,P006,Product 6,Category 6,4,65.37,261.48,20,33.58
O02007,2025-12-13,C287,Customer 287,Region 1,City 18,P048,Product 48,Category 3,3,392.2,1176.6,5,197.26
O02008,2025-04-13,C216,Customer 216,Region 9,City 7,P006,Product 6,Category 6,10,65.37,653.7,5,51.5
O02009,2025-12-04,C158,Customer 158,Region 9,City 9,P066,Product 66,Category 6,10,79.06,790.6,20,132.01
O02010,2025-12-05,C270,Customer 270,Region 1,City 1,P053,Product 53,Category 8,2,434.3,868.6,20,130.59
O02011,2025-01-26,C101,Customer 101,Region 7,City 12,P013,Product 13,Category 13,3,47.04,141.12,15,19.33
O02012,2025-01-11,C111,Customer 111,Region 7,City 22,P007,Product 7,Category 7,4,451.77,1807.08,0,91.37
O02013,2025-12-13,C010,Customer 10,Region 6,City 11,P052,Product 52,Category 7,4,409.71,1638.84,0,244.11
O02014,2025-01-19,C260,Customer 260,Region 3,City 21,P018,Product 18,Category 3,5,218.78,1093.9,5,151.87
O02015,2025-02-26,C068,Customer 68,Region 5,City 9,P025,Product 25,Category 10,1,34.77,34.77,15,8.68
O02016,2025-05-10,C289,Customer 289,Region 6,City 20,P044,Product 44,Category 14,8,37.1,296.8,15,59.0
O02017,2025-12-23,C126,Customer 126,Region 7,City 7,P001,Product 1,Category 1,10,254.75,2547.5,20,396.34
O02018,2025-08-20,C021,Customer 21,Region 5,City 22,P071,Product 71,Category 11,5,289.19,1445.95,0,323.27
O02019,2025-08-10,C271,Customer 271,Region 2,City 2,P088,Product 88,Category 13,10,289.01,2890.1,20,828.96
O02020,2025-10-19,C095,Customer 95,Region 7,City 6,P040,Product 40,Category 10,5,456.29,2281.45,0,197.91
O02021,2025-01-31,C073,Customer 73,Region 7,City 14,P042,Product 42,Category 12,10,416.99,4169.9,10,576.96
O02022,2025-03-08,C288,Customer 288,Region 8,City 19,P071,Product 71,Category 11,3,289.19,867.57,10,85.09
O02023,2025-03-21,C271,Customer 271,Region 2,City 2,P091,Product 91,Category 1,9,338.65,3047.85,5,183.96
O02024,2025-04-10,C044,Customer 44,Region 2,City 15,P038,Product 38,Category 8,6,30.8,184.8,0,51.02
O02025,2025-11-08,C227,Customer 227,Region 9,City 18,P092,Product 92,Category 2,1,134.34,134.34,20,12.46
O02026,2025-04-02,C178,Customer 178,Region 3,City 29,P066,Product 66,Category 6,6,79.06,474.36,0,91.26
O02027,2025-08-11,C084,Customer 84,Region 9,City 25,P044,Product 44,Category 14,3,37.1,111.3,20,31.67
O02028,2025-07-19,C182,Customer 182,Region 5,City 3,P001,Product 1,Category 1,7,254.75,1783.25,20,433.16
O02029,2025-02-26,C009,Customer 9,Region 7,City 10,P093,Product 93,Category 3,9,53.85,484.65,5,102.91
O02030,2025-05-26,C122,Customer 122,Region 3,City 3,P064,Product 64,Category 4,8,445.94,3567.52,15,204.3
O02031,2025-07-08,C055,Customer 55,Region 4,City 26,P068,Product 68,Category 8,3,366.31,1098.93,0,97.68
O02032,2025-03-12,C040,Customer 40,Region 3,City 11,P100,Product 100,Category 10,10,118.57,1185.7,15,338.53
O02033,2025-01-01,C001,Customer 1,Region 10,City 2,P084,Product 84,Category 9,8,410.58,3284.64,5,648.57
O02034,2025-01-12,C284,Customer 284,Region 8,City 15,P051,Product 51,Category 6,6,16.21,97.26,0,10.47
O02035,2025-11-13,C102,Customer 102,Region 7,City 13,P026,Product 26,Category 11,1,474.87,474.87,15,68.51
O02036,2025-12-11,C256,Customer 256,Region 10,City 17,P017,Product 17,Category 2,2,373.36,746.72,20,117.71
O02037,2025-06-06,C106,Customer 106,Region 2,City 17,P048,Product 48,Category 3,8,392.2,3137.6,0,580.86
O02038,2025-05-20,C200,Customer 200,Region 3,City 21,P074,Product 74,Category 14,1,291.07,291.07,0,41.56
O02039,2025-07-04,C183,Customer 183,Region 1,City 4,P026,Product 26,Category 11,2,474.87,949.74,20,197.9
O02040,2025-07-05,C041,Customer 41,Region 4,City 12,P078,Product 78,Category 3,8,382.56,3060.48,5,788.49
O02041,2025-09-03,C281,Customer 281,Region 8,City 12,P036,Product 36,Category 6,8,93.48,747.84,20,202.46
O02042,2025-06-26,C210,Customer 210,Region 7,City 1,P048,Product 48,Category 3,10,392.2,3922.0,0,1030.36
O02043,2025-07-05,C031,Customer 31,Region 5,City 2,P056,Product 56,Category 11,6,261.99,1571.94,15,228.16
O02044,2025-11-06,C079,Customer 79,Region 7,City 20,P095,Product 95,Category 5,9,177.16,1594.44,20,383.03
O02045,2025-11-07,C221,Customer 221,Region 1,City 12,P057,Product 57,Category 12,5,310.13,1550.65,5,254.15
O02046,2025-01-18,C277,Customer 277,Region 10,City 8,P019,Product 19,Category 4,7,20.62,144.34,5,31.51
O02047,2025-06-25,C205,Customer 205,Region 6,City 26,P069,Product 69,Category 9,8,386.3,3090.4,5,575.13
O02048,2025-04-14,C101,Customer 101,Region 7,City 12,P045,Product 45,Category 15,5,189.29,946.45,0,267.69
O02049,2025-12-13,C076,Customer 76,Region 6,City 17,P013,Product 13,Category 13,7,47.04,329.28,5,76.26
O02050,2025-07-24,C199,Customer 199,Region 8,City 20,P039,Product 39,Category 9,4,489.97,1959.88,5,179.2
O02051,2025-04-24,C189,Customer 189,Region 9,City 10,P011,Product 11,Category 11,9,48.35,435.15,10,57.05
O02052,2025-05-21,C034,Customer 34,Region 2,City 5,P021,Product 21,Category 6,3,126.09,378.27,15,109.5
O02053,2025-10-31,C227,Customer 227,Region 9,City 18,P033,Product 33,Category 3,4,392.37,1569.48,0,264.25
O02054,2025-01-01,C300,Customer 300,Region 5,City 1,P080,Product 80,Category 5,5,322.73,1613.65,0,167.94
O02055,2025-12-14,C100,Customer 100,Region 1,City 11,P026,Product 26,Category 11,2,474.87,949.74,15,124.12
O02056,2025-08-17,C293,Customer 293,Region 3,City 24,P077,Product 77,Category 2,4,475.01,1900.04,20,165.08
O02057,2025-09-10,C196,Customer 196,Region 6,City 17,P043,Product 43,Category 13,8,374.4,2995.2,15,801.66
O02058,2025-10-16,C244,Customer 244,Region 3,City 5,P046,Product 46,Category 1,2,42.09,84.18,20,5.7
O02059,2025-07-24,C146,Customer 146,Region 7,City 27,P093,Product 93,Category 3,3,53.85,161.55,10,11.7
O02060,2025-05-26,C261,Customer 261,Region 5,City 22,P056,Product 56,Category 11,1,261.99,261.99,15,40.75
O02061,2025-03-03,C201,Customer 201,Region 4,City 22,P081,Product 81,Category 6,1,112.74,112.74,20,17.25
O02062,2025-10-18,C270,Customer 270,Region 1,City 1,P082,Product 82,Category 7,10,387.7,3877.0,15,242.53
O02063,2025-11-25,C074,Customer 74,Region 7,City 15,P066,Product 66,Category 6,5,79.06,395.3,10,42.37
O02064,2025-12-11,C278,Customer 278,Region 2,City 9,P084,Product 84,Category 9,10,410.58,4105.8,5,299.93
O02065,2025-05-15,C225,Customer 225,Region 7,City 16,P019,Product 19,Category 4,7,20.62,144.34,20,18.05
O02066,2025-01-12,C288,Customer 288,Region 8,City 19,P086,Product 86,Category 11,6,371.95,2231.7,10,332.88
O02067,2025-02-24,C145,Customer 145,Region 10,City 26,P097,Product 97,Category 7,10,226.37,2263.7,20,311.67
O02068,2025-09-24,C006,Customer 6,Region 9,City 7,P011,Product 11,Category 11,1,48.35,48.35,0,7.37
O02069,2025-02-16,C096,Customer 96,Region 4,City 7,P063,Product 63,Category 3,8,307.88,2463.04,5,729.24
O02070,2025-08-12,C231,Customer 231,Region 7,City 22,P073,Product 73,Category 13,6,98.73,592.38,5,126.18
O02071,2025-05-14,C080,Customer 80,Region 8,City 21,P081,Product 81,Category 6,3,112.74,338.22,5,56.84
O02072,2025-03-18,C257,Customer 257,Region 6,City 18,P100,Product 100,Category 10,1,118.57,118.57,5,21.46
O02073,2025-02-18,C250,Customer 250,Region 5,City 11,P076,Product 76,Category 1,2,21.06,42.12,5,4.8
O02074,2025-12-31,C228,Customer 228,Region 7,City 19,P060,Product 60,Category 15,1,197.8,197.8,20,45.52
O02075,2025-01-27,C080,Customer 80,Region 8,City 21,P058,Product 58,Category 13,8,201.63,1613.04,15,317.15
O02076,2025-07-18,C228,Customer 228,Region 7,City 19,P036,Product 36,Category 6,8,93.48,747.84,5,206.22
O02077,2025-04-27,C089,Customer 89,Region 3,City 30,P080,Product 80,Category 5,10,322.73,3227.3,0,666.64
O02078,2025-07-22,C233,Customer 233,Region 2,City 24,P065,Product 65,Category 5,1,194.4,194.4,15,20.38
O02079,2025-11-21,C158,Customer 158,Region 9,City 9,P060,Product 60,Category 15,1,197.8,197.8,0,58.44
O02080,2025-10-11,C209,Customer 209,Region 10,City 30,P099,Product 99,Category 9,7,154.71,1082.97,20,107.51
O02081,2025-08-24,C296,Customer 296,Region 2,City 27,P039,Product 39,Category 9,10,489.97,4899.7,10,305.35
O02082,2025-08-21,C158,Customer 158,Region 9,City 9,P078,Product 78,Category 3,2,382.56,765.12,5,111.36
O02083,2025-01-05,C163,Customer 163,Region 5,City 14,P007,Product 7,Category 7,2,451.77,903.54,15,249.45
O02084,2025-10-25,C098,Customer 98,Region 5,City 9,P015,Product 15,Category 15,6,366.97,2201.82,15,135.79
O02085,2025-02-12,C288,Customer 288,Region 8,City 19,P049,Product 49,Category 4,10,491.59,4915.9,20,669.8
O02086,2025-09-16,C172,Customer 172,Region 1,City 23,P084,Product 84,Category 9,6,410.58,2463.48,0,730.15
O02087,2025-03-15,C102,Customer 102,Region 7,City 13,P012,Product 12,Category 12,8,453.15,3625.2,20,544.35
O02088,2025-08-26,C220,Customer 220,Region 9,City 11,P057,Product 57,Category 12,1,310.13,310.13,20,28.23
O02089,2025-05-14,C149,Customer 149,Region 9,City 30,P072,Product 72,Category 12,7,27.53,192.71,0,41.83
O02090,2025-11-09,C246,Customer 246,Region 10,City 7,P091,Product 91,Category 1,6,338.65,2031.9,10,549.18
O02091,2025-11-23,C103,Customer 103,Region 3,City 14,P069,Product 69,Category 9,7,386.3,2704.1,10,155.26
O02092,2025-07-14,C048,Customer 48,Region 10,City 19,P100,Product 100,Category 10,8,118.57,948.56,0,73.35
O02093,2025-12-18,C134,Customer 134,Region 2,City 15,P098,Product 98,Category 8,1,335.46,335.46,0,39.85
O02094,2025-02-27,C188,Customer 188,Region 2,City 9,P048,Product 48,Category 3,7,392.2,2745.4,10,613.03
O02095,2025-04-04,C067,Customer 67,Region 1,City 8,P066,Product 66,Category 6,9,79.06,711.54,0,167.1
O02096,2025-07-20,C288,Customer 288,Region 8,City 19,P036,Product 36,Category 6,7,93.48,654.36,10,171.11
O02097,2025-06-05,C299,Customer 299,Region 8,City 30,P056,Product 56,Category 11,1,261.99,261.99,20,48.6
O02098,2025-10-21,C098,Customer 98,Region 5,City 9,P013,Product 13,Category 13,3,47.04,141.12,15,11.64
O02099,2025-09-18,C024,Customer 24,Region 2,City 25,P007,Product 7,Category 7,4,451.77,1807.08,20,469.63
O02100,2025-11-22,C002,Customer 2,Region 1,City 3,P023,Product 23,Category 8,7,444.27,3109.89,20,433.89
O02101,2025-03-06,C159,Customer 159,Region 9,City 10,P021,Product 21,Category 6,4,126.09,504.36,20,118.89
O02102,2025-06-28,C064,Customer 64,Region 2,City 5,P072,Product 72,Category 12,2,27.53,55.06,20,3.94
O02103,2025-12-08,C007,Customer 7,Region 10,City 8,P067,Product 67,Category 7,5,245.24,1226.2,0,351.33
O02104,2025-10-16,C149,Customer 149,Region 9,City 30,P074,Product 74,Category 14,1,291.07,291.07,5,85.09
O02105,2025-01-23,C150,Customer 150,Region 8,City 1,P023,Product 23,Category 8,6,444.27,2665.62,20,224.21
O02106,2025-11-11,C214,Customer 214,Region 3,City 5,P041,Product 41,Category 11,10,267.12,2671.2,15,359.66
O02107,2025-03-20,C113,Customer 113,Region 8,City 24,P099,Product 99,Category 9,3,154.71,464.13,5,130.08
O02108,2025-01-25,C267,Customer 267,Region 5,City 28,P097,Product 97,Category 7,7,226.37,1584.59,15,208.67
O02109,2025-12-14,C218,Customer 218,Region 4,City 9,P021,Product 21,Category 6,4,126.09,504.36,15,107.1
O02110,2025-10-16,C124,Customer 124,Region 5,City 5,P038,Product 38,Category 8,2,30.8,61.6,20,17.07
O02111,2025-09-10,C054,Customer 54,Region 10,City 25,P005,Product 5,Category 5,4,86.73,346.92,10,57.55
O02112,2025-08-02,C263,Customer 263,Region 2,City 24,P052,Product 52,Category 7,9,409.71,3687.39,10,457.83
O02113,2025-09-30,C071,Customer 71,Region 3,City 12,P089,Product 89,Category 14,9,220.92,1988.28,20,432.34
O02114,2025-12-28,C141,Customer 141,Region 2,City 22,P051,Product 51,Category 6,10,16.21,162.1,5,36.56
O02115,2025-06-19,C007,Customer 7,Region 10,City 8,P022,Product 22,Category 7,6,474.2,2845.2,15,821.24
O02116,2025-02-22,C278,Customer 278,Region 2,City 9,P001,Product 1,Category 1,1,254.75,254.75,20,60.39
O02117,2025-03-28,C009,Customer 9,Region 7,City 10,P041,Product 41,Category 11,2,267.12,534.24,20,101.71
O02118,2025-02-17,C097,Customer 97,Region 6,City 8,P095,Product 95,Category 5,2,177.16,354.32,20,74.18
O02119,2025-06-25,C073,Customer 73,Region 7,City 14,P007,Product 7,Category 7,10,451.77,4517.7,5,407.08
O02120,2025-05-02,C182,Customer 182,Region 5,City 3,P065,Product 65,Category 5,8,194.4,1555.2,15,411.59
O02121,2025-11-07,C185,Customer 185,Region 10,City 6,P085,Product 85,Category 10,5,456.11,2280.55,5,422.59
O02122,2025-03-18,C254,Customer 254,Region 7,City 15,P092,Product 92,Category 2,10,134.34,1343.4,20,344.85
O02123,2025-07-02,C218,Customer 218,Region 4,City 9,P098,Product 98,Category 8,5,335.46,1677.3,20,444.2
O02124,2025-10-14,C203,Customer 203,Region 9,City 24,P015,Product 15,Category 15,9,366.97,3302.73,10,733.83
O02125,2025-04-21,C046,Customer 46,Region 4,City 17,P099,Product 99,Category 9,5,154.71,773.55,10,80.74
O02126,2025-04-02,C080,Customer 80,Region 8,City 21,P056,Product 56,Category 11,1,261.99,261.99,15,18.15
O02127,2025-03-26,C216,Customer 216,Region 9,City 7,P006,Product 6,Category 6,3,65.37,196.11,20,29.33
O02128,2025-10-26,C245,Customer 245,Region 3,City 6,P001,Product 1,Category 1,5,254.75,1273.75,10,178.42
O02129,2025-05-18,C068,Customer 68,Region 5,City 9,P033,Product 33,Category 3,6,392.37,2354.22,15,204.09
O02130,2025-05-25,C159,Customer 159,Region 9,City 10,P017,Product 17,Category 2,5,373.36,1866.8,0,237.47
O02131,2025-01-26,C020,Customer 20,Region 4,City 21,P066,Product 66,Category 6,3,79.06,237.18,20,36.55
O02132,2025-03-17,C015,Customer 15,Region 6,City 16,P069,Product 69,Category 9,5,386.3,1931.5,20,525.05
O02133,2025-11-04,C194,Customer 194,Region 1,City 15,P089,Product 89,Category 14,4,220.92,883.68,0,101.63
O02134,2025-04-25,C047,Customer 47,Region 2,City 18,P013,Product 13,Category 13,1,47.04,47.04,10,5.29
O02135,2025-04-01,C219,Customer 219,Region 1,City 10,P089,Product 89,Category 14,9,220.92,1988.28,5,212.28
O02136,2025-08-12,C181,Customer 181,Region 4,City 2,P091,Product 91,Category 1,9,338.65,3047.85,20,793.71
O02137,2025-04-07,C230,Customer 230,Region 1,City 21,P068,Product 68,Category 8,9,366.31,3296.79,10,248.51
O02138,2025-03-14,C261,Customer 261,Region 5,City 22,P051,Product 51,Category 6,4,16.21,64.84,0,12.31
O02139,2025-10-28,C097,Customer 97,Region 6,City 8,P086,Product 86,Category 11,8,371.95,2975.6,5,398.94
O02140,2025-11-22,C145,Customer 145,Region 10,City 26,P054,Product 54,Category 9,9,12.91,116.19,5,33.49
O02141,2025-05-20,C202,Customer 202,Region 7,City 23,P081,Product 81,Category 6,7,112.74,789.18,10,120.76
O02142,2025-07-05,C162,Customer 162,Region 7,City 13,P075,Product 75,Category 15,6,418.32,2509.92,15,589.09
O02143,2025-10-10,C240,Customer 240,Region 5,City 1,P024,Product 24,Category 9,1,73.05,73.05,10,6.62
O02144,2025-08-11,C218,Customer 218,Region 4,City 9,P015,Product 15,Category 15,2,366.97,733.94,10,113.35
O02145,2025-08-04,C036,Customer 36,Region 9,City 7,P009,Product 9,Category 9,6,154.35,926.1,10,221.12
O02146,2025-08-11,C214,Customer 214,Region 3,City 5,P080,Product 80,Category 5,6,322.73,1936.38,15,511.12
O02147,2025-08-22,C220,Customer 220,Region 9,City 11,P075,Product 75,Category 15,3,418.32,1254.96,5,237.19
O02148,2025-05-30,C265,Customer 265,Region 8,City 26,P060,Product 60,Category 15,5,197.8,989.0,0,79.95
O02149,2025-07-12,C286,Customer 286,Region 10,City 17,P087,Product 87,Category 12,5,230.44,1152.2,10,280.87
O02150,2025-11-24,C211,Customer 211,Region 9,City 2,P027,Product 27,Category 12,7,273.37,1913.59,15,518.36
O02151,2025-11-08,C084,Customer 84,Region 9,City 25,P015,Product 15,Category 15,9,366.97,3302.73,10,553.9
O02152,2025-01-13,C207,Customer 207,Region 2,City 28,P011,Product 11,Category 11,7,48.35,338.45,15,40.77
O02153,2025-03-31,C043,Customer 43,Region 9,City 14,P007,Product 7,Category 7,1,451.77,451.77,5,131.48
O02154,2025-08-05,C221,Customer 221,Region 1,City 12,P014,Product 14,Category 14,8,159.28,1274.24,15,328.76
O02155,2025-07-11,C090,Customer 90,Region 4,City 1,P011,Product 11,Category 11,4,48.35,193.4,20,47.97
O02156,2025-11-25,C151,Customer 151,Region 10,City 2,P008,Product 8,Category 8,4,252.32,1009.28,15,181.64
O02157,2025-09-21,C216,Customer 216,Region 9,City 7,P079,Product 79,Category 4,2,47.04,94.08,15,5.83
O02158,2025-02-11,C266,Customer 266,Region 10,City 27,P008,Product 8,Category 8,3,252.32,756.96,10,59.0
O02159,2025-06-22,C061,Customer 61,Region 1,City 2,P064,Product 64,Category 4,5,445.94,2229.7,5,596.25
O02160,2025-12-15,C229,Customer 229,Region 2,City 20,P038,Product 38,Category 8,4,30.8,123.2,20,36.71
O02161,2025-10-14,C177,Customer 177,Region 8,City 28,P056,Product 56,Category 11,5,261.99,1309.95,10,278.49
O02162,2025-02-04,C179,Customer 179,Region 5,City 30,P047,Product 47,Category 2,9,198.11,1782.99,20,419.26
O02163,2025-11-10,C222,Customer 222,Region 8,City 13,P069,Product 69,Category 9,7,386.3,2704.1,5,391.9
O02164,2025-02-05,C188,Customer 188,Region 2,City 9,P076,Product 76,Category 1,6,21.06,126.36,20,37.88
O02165,2025-04-07,C242,Customer 242,Region 7,City 3,P078,Product 78,Category 3,6,382.56,2295.36,0,554.81
O02166,2025-10-10,C234,Customer 234,Region 8,City 25,P061,Product 61,Category 1,10,126.53,1265.3,0,378.1
O02167,2025-07-19,C015,Customer 15,Region 6,City 16,P083,Product 83,Category 8,3,465.48,1396.44,10,248.91
O02168,2025-04-29,C223,Customer 223,Region 3,City 14,P081,Product 81,Category 6,5,112.74,563.7,15,158.01
O02169,2025-02-05,C064,Customer 64,Region 2,City 5,P064,Product 64,Category 4,5,445.94,2229.7,20,341.3
O02170,2025-08-30,C026,Customer 26,Region 7,City 27,P083,Product 83,Category 8,7,465.48,3258.36,5,278.0
O02171,2025-08-05,C139,Customer 139,Region 8,City 20,P096,Product 96,Category 6,2,437.68,875.36,5,54.41
O02172,2025-05-26,C074,Customer 74,Region 7,City 15,P059,Product 59,Category 14,8,348.66,2789.28,10,427.38
O02173,2025-10-04,C020,Customer 20,Region 4,City 21,P022,Product 22,Category 7,5,474.2,2371.0,0,422.64
O02174,2025-03-03,C057,Customer 57,Region 7,City 28,P048,Product 48,Category 3,4,392.2,1568.8,5,79.1
O02175,2025-08-10,C256,Customer 256,Region 10,City 17,P075,Product 75,Category 15,5,418.32,2091.6,0,322.51
O02176,2025-12-20,C259,Customer 259,Region 7,City 20,P099,Product 99,Category 9,6,154.71,928.26,0,257.26
O02177,2025-07-14,C203,Customer 203,Region 9,City 24,P092,Product 92,Category 2,3,134.34,403.02,5,20.63
O02178,2025-06-20,C194,Customer 194,Region 1,City 15,P096,Product 96,Category 6,1,437.68,437.68,20,22.27
O02179,2025-11-15,C223,Customer 223,Region 3,City 14,P076,Product 76,Category 1,10,21.06,210.6,0,55.79
O02180,2025-11-18,C266,Customer 266,Region 10,City 27,P058,Product 58,Category 13,3,201.63,604.89,5,135.61
O02181,2025-08-16,C104,Customer 104,Region 4,City 15,P061,Product 61,Category 1,7,126.53,885.71,15,180.14
O02182,2025-12-07,C167,Customer 167,Region 3,City 18,P033,Product 33,Category 3,6,392.37,2354.22,5,152.9
O02183,2025-11-13,C138,Customer 138,Region 2,City 19,P026,Product 26,Category 11,5,474.87,2374.35,15,409.63
O02184,2025-04-29,C222,Customer 222,Region 8,City 13,P061,Product 61,Category 1,8,126.53,1012.24,15,193.0
O02185,2025-06-02,C231,Customer 231,Region 7,City 22,P063,Product 63,Category 3,5,307.88,1539.4,5,178.07
O02186,2025-10-31,C017,Customer 17,Region 7,City 18,P079,Product 79,Category 4,8,47.04,376.32,20,89.35
O02187,2025-01-21,C007,Customer 7,Region 10,City 8,P001,Product 1,Category 1,9,254.75,2292.75,15,558.5
O02188,2025-11-20,C274,Customer 274,Region 1,City 5,P056,Product 56,Category 11,9,261.99,2357.91,10,245.07
O02189,2025-10-17,C034,Customer 34,Region 2,City 5,P071,Product 71,Category 11,8,289.19,2313.52,10,533.61
O02190,2025-11-09,C019,Customer 19,Region 1,City 20,P008,Product 8,Category 8,6,252.32,1513.92,5,314.58
O02191,2025-05-20,C076,Customer 76,Region 6,City 17,P016,Product 16,Category 1,5,29.92,149.6,0,41.09
O02192,2025-06-12,C253,Customer 253,Region 7,City 14,P058,Product 58,Category 13,1,201.63,201.63,0,51.13
O02193,2025-06-19,C238,Customer 238,Region 5,City 29,P026,Product 26,Category 11,8,474.87,3798.96,15,291.7
O02194,2025-10-20,C163,Customer 163,Region 5,City 14,P066,Product 66,Category 6,5,79.06,395.3,0,26.93
O02195,2025-05-22,C155,Customer 155,Region 3,City 6,P070,Product 70,Category 10,1,231.01,231.01,0,32.11
O02196,2025-08-10,C174,Customer 174,Region 10,City 25,P093,Product 93,Category 3,3,53.85,161.55,5,44.18
O02197,2025-06-25,C001,Customer 1,Region 10,City 2,P020,Product 20,Category 5,8,261.28,2090.24,5,242.71
O02198,2025-01-17,C231,Customer 231,Region 7,City 22,P088,Product 88,Category 13,2,289.01,578.02,0,80.27
O02199,2025-03-04,C183,Customer 183,Region 1,City 4,P068,Product 68,Category 8,4,366.31,1465.24,10,306.66
O02200,2025-12-15,C004,Customer 4,Region 6,City 5,P083,Product 83,Category 8,9,465.48,4189.32,5,1069.5
O02201,2025-01-18,C054,Customer 54,Region 10,City 25,P053,Product 53,Category 8,9,434.3,3908.7,0,505.77
O02202,2025-09-05,C219,Customer 219,Region 1,City 10,P014,Product 14,Category 14,10,159.28,1592.8,15,214.91
O02203,2025-10-27,C013,Customer 13,Region 6,City 14,P026,Product 26,Category 11,8,474.87,3798.96,20,481.93
O02204,2025-04-18,C223,Customer 223,Region 3,City 14,P078,Product 78,Category 3,5,382.56,1912.8,5,269.35
O02205,2025-09-19,C156,Customer 156,Region 2,City 7,P096,Product 96,Category 6,1,437.68,437.68,15,110.17
O02206,2025-06-15,C119,Customer 119,Region 1,City 30,P099,Product 99,Category 9,9,154.71,1392.39,20,295.16
O02207,2025-10-05,C290,Customer 290,Region 2,City 21,P062,Product 62,Category 2,4,167.7,670.8,5,134.94
O02208,2025-11-10,C115,Customer 115,Region 5,City 26,P042,Product 42,Category 12,6,416.99,2501.94,5,176.71
O02209,2025-03-09,C279,Customer 279,Region 9,City 10,P018,Product 18,Category 3,4,218.78,875.12,10,167.83
O02210,2025-03-20,C167,Customer 167,Region 3,City 18,P028,Product 28,Category 13,2,186.78,373.56,15,66.37
O02211,2025-09-13,C156,Customer 156,Region 2,City 7,P094,Product 94,Category 4,5,65.36,326.8,20,74.64
O02212,2025-03-29,C025,Customer 25,Region 6,City 26,P079,Product 79,Category 4,2,47.04,94.08,5,17.98
O02213,2025-06-04,C186,Customer 186,Region 8,City 7,P050,Product 50,Category 5,9,464.52,4180.68,20,271.82
O02214,2025-11-08,C106,Customer 106,Region 2,City 17,P010,Product 10,Category 10,7,293.01,2051.07,10,535.36
O02215,2025-01-04,C149,Customer 149,Region 9,City 30,P043,Product 43,Category 13,7,374.4,2620.8,5,359.35
O02216,2025-04-23,C222,Customer 222,Region 8,City 13,P021,Product 21,Category 6,7,126.09,882.63,0,162.54
O02217,2025-03-10,C017,Customer 17,Region 7,City 18,P095,Product 95,Category 5,2,177.16,354.32,5,54.31
O02218,2025-05-06,C243,Customer 243,Region 10,City 4,P045,Product 45,Category 15,2,189.29,378.58,5,112.71
O02219,2025-10-13,C149,Customer 149,Region 9,City 30,P082,Product 82,Category 7,9,387.7,3489.3,0,739.72
O02220,2025-09-15,C022,Customer 22,Region 2,City 23,P085,Product 85,Category 10,10,456.11,4561.1,0,1172.98
O02221,2025-01-23,C098,Customer 98,Region 5,City 9,P093,Product 93,Category 3,1,53.85,53.85,0,12.16
O02222,2025-12-23,C205,Customer 205,Region 6,City 26,P025,Product 25,Category 10,8,34.77,278.16,15,55.47
O02223,2025-09-14,C097,Customer 97,Region 6,City 8,P089,Product 89,Category 14,9,220.92,1988.28,15,442.75
O02224,2025-09-03,C013,Customer 13,Region 6,City 14,P015,Product 15,Category 15,8,366.97,2935.76,15,721.39
O02225,2025-04-16,C220,Customer 220,Region 9,City 11,P084,Product 84,Category 9,4,410.58,1642.32,0,338.1
O02226,2025-01-31,C194,Customer 194,Region 1,City 15,P023,Product 23,Category 8,5,444.27,2221.35,10,281.19
O02227,2025-08-13,C291,Customer 291,Region 4,City 22,P059,Product 59,Category 14,10,348.66,3486.6,10,874.47
O02228,2025-09-09,C155,Customer 155,Region 3,City 6,P048,Product 48,Category 3,9,392.2,3529.8,15,854.89
O02229,2025-05-03,C012,Customer 12,Region 1,City 13,P043,Product 43,Category 13,8,374.4,2995.2,0,821.33
O02230,2025-07-06,C218,Customer 218,Region 4,City 9,P079,Product 79,Category 4,7,47.04,329.28,10,22.04
O02231,2025-04-19,C105,Customer 105,Region 7,City 16,P094,Product 94,Category 4,4,65.36,261.44,0,37.67
O02232,2025-02-14,C071,Customer 71,Region 3,City 12,P096,Product 96,Category 6,8,437.68,3501.44,0,974.64
O02233,2025-03-14,C080,Customer 80,Region 8,City 21,P050,Product 50,Category 5,9,464.52,4180.68,15,831.18
O02234,2025-02-02,C154,Customer 154,Region 10,City 5,P020,Product 20,Category 5,10,261.28,2612.8,10,443.45
O02235,2025-08-14,C285,Customer 285,Region 3,City 16,P059,Product 59,Category 14,3,348.66,1045.98,0,67.88
O02236,2025-05-18,C126,Customer 126,Region 7,City 7,P093,Product 93,Category 3,8,53.85,430.8,20,77.92
O02237,2025-08-29,C253,Customer 253,Region 7,City 14,P087,Product 87,Category 12,1,230.44,230.44,15,49.67
O02238,2025-11-14,C184,Customer 184,Region 1,City 5,P017,Product 17,Category 2,3,373.36,1120.08,10,157.66
O02239,2025-08-18,C213,Customer 213,Region 2,City 4,P007,Product 7,Category 7,6,451.77,2710.62,0,679.88
O02240,2025-01-31,C140,Customer 140,Region 2,City 21,P049,Product 49,Category 4,3,491.59,1474.77,5,175.17
O02241,2025-11-11,C107,Customer 107,Region 5,City 18,P018,Product 18,Category 3,2,218.78,437.56,5,65.32
O02242,2025-11-19,C061,Customer 61,Region 1,City 2,P024,Product 24,Category 9,2,73.05,146.1,5,34.06
O02243,2025-09-11,C141,Customer 141,Region 2,City 22,P024,Product 24,Category 9,1,73.05,73.05,15,14.62
O02244,2025-05-25,C094,Customer 94,Region 10,City 5,P071,Product 71,Category 11,2,289.19,578.38,5,37.23
O02245,2025-02-26,C204,Customer 204,Region 3,City 25,P086,Product 86,Category 11,5,371.95,1859.75,15,133.61
O02246,2025-07-07,C145,Customer 145,Region 10,City 26,P080,Product 80,Category 5,9,322.73,2904.57,5,402.27
O02247,2025-09-18,C264,Customer 264,Region 2,City 25,P039,Product 39,Category 9,3,489.97,1469.91,20,220.79
O02248,2025-06-12,C036,Customer 36,Region 9,City 7,P081,Product 81,Category 6,7,112.74,789.18,5,163.16
O02249,2025-03-06,C294,Customer 294,Region 9,City 25,P087,Product 87,Category 12,1,230.44,230.44,15,28.84
O02250,2025-04-24,C281,Customer 281,Region 8,City 12,P050,Product 50,Category 5,5,464.52,2322.6,0,168.71
O02251,2025-09-03,C208,Customer 208,Region 9,City 29,P012,Product 12,Category 12,2,453.15,906.3,15,158.61
O02252,2025-11-20,C106,Customer 106,Region 2,City 17,P069,Product 69,Category 9,5,386.3,1931.5,0,334.35
O02253,2025-06-25,C099,Customer 99,Region 8,City 10,P066,Product 66,Category 6,4,79.06,316.24,0,21.11
O02254,2025-05-08,C042,Customer 42,Region 5,City 13,P045,Product 45,Category 15,3,189.29,567.87,10,72.17
O02255,2025-03-24,C048,Customer 48,Region 10,City 19,P027,Product 27,Category 12,1,273.37,273.37,0,66.67
O02256,2025-11-27,C118,Customer 118,Region 4,City 29,P053,Product 53,Category 8,4,434.3,1737.2,5,277.75
O02257,2025-09-06,C189,Customer 189,Region 9,City 10,P045,Product 45,Category 15,3,189.29,567.87,15,155.82
O02258,2025-07-05,C012,Customer 12,Region 1,City 13,P082,Product 82,Category 7,9,387.7,3489.3,15,500.24
O02259,2025-08-01,C267,Customer 267,Region 5,City 28,P088,Product 88,Category 13,7,289.01,2023.07,10,366.17
O02260,2025-01-13,C109,Customer 109,Region 8,City 20,P025,Product 25,Category 10,6,34.77,208.62,10,11.2
O02261,2025-09-24,C218,Customer 218,Region 4,City 9,P036,Product 36,Category 6,10,93.48,934.8,15,234.31
O02262,2025-08-04,C119,Customer 119,Region 1,City 30,P033,Product 33,Category 3,6,392.37,2354.22,20,219.09
O02263,2025-04-06,C258,Customer 258,Region 5,City 19,P039,Product 39,Category 9,3,489.97,1469.91,10,203.39
O02264,2025-09-10,C116,Customer 116,Region 1,City 27,P053,Product 53,Category 8,3,434.3,1302.9,15,356.61
O02265,2025-02-01,C171,Customer 171,Region 3,City 22,P042,Product 42,Category 12,1,416.99,416.99,5,51.27
O02266,2025-05-24,C185,Customer 185,Region 10,City 6,P044,Product 44,Category 14,9,37.1,333.9,15,39.53
O02267,2025-06-05,C085,Customer 85,Region 3,City 26,P047,Product 47,Category 2,1,198.11,198.11,10,25.29
O02268,2025-07-20,C053,Customer 53,Region 8,City 24,P054,Product 54,Category 9,6,12.91,77.46,20,4.83
O02269,2025-10-25,C011,Customer 11,Region 6,City 12,P044,Product 44,Category 14,7,37.1,259.7,20,46.41
O02270,2025-08-25,C104,Customer 104,Region 4,City 15,P092,Product 92,Category 2,7,134.34,940.38,0,187.3
O02271,2025-10-08,C289,Customer 289,Region 6,City 20,P072,Product 72,Category 12,1,27.53,27.53,20,1.52
O02272,2025-01-08,C191,Customer 191,Region 5,City 12,P046,Product 46,Category 1,1,42.09,42.09,0,4.72
O02273,2025-01-25,C239,Customer 239,Region 2,City 30,P027,Product 27,Category 12,2,273.37,546.74,5,138.53
O02274,2025-05-29,C105,Customer 105,Region 7,City 16,P092,Product 92,Category 2,2,134.34,268.68,15,22.43
O02275,2025-01-20,C016,Customer 16,Region 1,City 17,P010,Product 10,Category 10,1,293.01,293.01,15,54.09
O02276,2025-10-24,C181,Customer 181,Region 4,City 2,P071,Product 71,Category 11,2,289.19,578.38,10,41.93
O02277,2025-09-03,C248,Customer 248,Region 6,City 9,P049,Product 49,Category 4,3,491.59,1474.77,0,131.4
O02278,2025-03-02,C194,Customer 194,Region 1,City 15,P014,Product 14,Category 14,9,159.28,1433.52,0,367.21
O02279,2025-04-08,C232,Customer 232,Region 2,City 23,P081,Product 81,Category 6,6,112.74,676.44,20,131.43
O02280,2025-11-21,C040,Customer 40,Region 3,City 11,P033,Product 33,Category 3,10,392.37,3923.7,10,608.42
O02281,2025-12-24,C253,Customer 253,Region 7,City 14,P017,Product 17,Category 2,3,373.36,1120.08,20,310.17
O02282,2025-12-14,C208,Customer 208,Region 9,City 29,P028,Product 28,Category 13,6,186.78,1120.68,15,325.56
O02283,2025-07-05,C141,Customer 141,Region 2,City 22,P066,Product 66,Category 6,5,79.06,395.3,5,66.79
O02284,2025-03-11,C155,Customer 155,Region 3,City 6,P015,Product 15,Category 15,6,366.97,2201.82,10,142.61
O02285,2025-11-19,C028,Customer 28,Region 1,City 29,P016,Product 16,Category 1,4,29.92,119.68,10,12.55
O02286,2025-06-19,C019,Customer 19,Region 1,City 20,P038,Product 38,Category 8,7,30.8,215.6,0,52.32
O02287,2025-11-14,C200,Customer 200,Region 3,City 21,P037,Product 37,Category 7,1,329.5,329.5,20,17.67
O02288,2025-08-04,C099,Customer 99,Region 8,City 10,P010,Product 10,Category 10,8,293.01,2344.08,20,239.1
O02289,2025-07-15,C183,Customer 183,Region 1,City 4,P027,Product 27,Category 12,5,273.37,1366.85,10,158.73
O02290,2025-04-30,C073,Customer 73,Region 7,City 14,P072,Product 72,Category 12,2,27.53,55.06,5,8.45
O02291,2025-07-01,C263,Customer 263,Region 2,City 24,P037,Product 37,Category 7,6,329.5,1977.0,5,101.47
O02292,2025-03-02,C160,Customer 160,Region 7,City 11,P006,Product 6,Category 6,3,65.37,196.11,0,57.46
O02293,2025-11-29,C122,Customer 122,Region 3,City 3,P064,Product 64,Category 4,3,445.94,1337.82,10,170.86
O02294,2025-05-13,C189,Customer 189,Region 9,City 10,P039,Product 39,Category 9,10,489.97,4899.7,20,1417.71
O02295,2025-05-24,C271,Customer 271,Region 2,City 2,P017,Product 17,Category 2,3,373.36,1120.08,0,282.04
O02296,2025-05-19,C106,Customer 106,Region 2,City 17,P078,Product 78,Category 3,7,382.56,2677.92,5,738.83
O02297,2025-07-11,C230,Customer 230,Region 1,City 21,P035,Product 35,Category 5,9,149.03,1341.27,5,190.73
O02298,2025-03-10,C218,Customer 218,Region 4,City 9,P026,Product 26,Category 11,5,474.87,2374.35,20,335.9
O02299,2025-10-09,C237,Customer 237,Region 1,City 28,P023,Product 23,Category 8,7,444.27,3109.89,0,821.61
O02300,2025-11-26,C157,Customer 157,Region 2,City 8,P010,Product 10,Category 10,10,293.01,2930.1,20,793.87
O02301,2025-09-29,C071,Customer 71,Region 3,City 12,P068,Product 68,Category 8,3,366.31,1098.93,15,251.13
O02302,2025-01-09,C184,Customer 184,Region 1,City 5,P073,Product 73,Category 13,4,98.73,394.92,20,43.97
O02303,2025-07-17,C185,Customer 185,Region 10,City 6,P073,Product 73,Category 13,9,98.73,888.57,0,148.84
O02304,2025-08-30,C042,Customer 42,Region 5,City 13,P097,Product 97,Category 7,6,226.37,1358.22,15,187.73
O02305,2025-10-08,C280,Customer 280,Region 4,City 11,P066,Product 66,Category 6,10,79.06,790.6,15,68.77
O02306,2025-01-20,C162,Customer 162,Region 7,City 13,P077,Product 77,Category 2,7,475.01,3325.07,0,667.0
O02307,2025-12-29,C125,Customer 125,Region 6,City 6,P032,Product 32,Category 2,10,246.16,2461.6,15,453.68
O02308,2025-11-01,C158,Customer 158,Region 9,City 9,P040,Product 40,Category 10,2,456.29,912.58,10,256.72
O02309,2025-05-03,C102,Customer 102,Region 7,City 13,P018,Product 18,Category 3,6,218.78,1312.68,15,190.14
O02310,2025-09-14,C283,Customer 283,Region 10,City 14,P007,Product 7,Category 7,3,451.77,1355.31,15,200.13
O02311,2025-01-17,C300,Customer 300,Region 5,City 1,P058,Product 58,Category 13,1,201.63,201.63,20,15.48
O02312,2025-02-05,C184,Customer 184,Region 1,City 5,P057,Product 57,Category 12,4,310.13,1240.52,0,63.91
O02313,2025-05-10,C156,Customer 156,Region 2,City 7,P082,Product 82,Category 7,2,387.7,775.4,5,61.43
O02314,2025-03-23,C032,Customer 32,Region 4,City 3,P072,Product 72,Category 12,4,27.53,110.12,0,31.75
O02315,2025-06-20,C283,Customer 283,Region 10,City 14,P091,Product 91,Category 1,6,338.65,2031.9,5,239.42
O02316,2025-03-16,C199,Customer 199,Region 8,City 20,P025,Product 25,Category 10,4,34.77,139.08,20,28.67
O02317,2025-03-05,C146,Customer 146,Region 7,City 27,P053,Product 53,Category 8,2,434.3,868.6,10,73.31
O02318,2025-04-28,C084,Customer 84,Region 9,City 25,P083,Product 83,Category 8,4,465.48,1861.92,20,499.05
O02319,2025-11-09,C019,Customer 19,Region 1,City 20,P017,Product 17,Category 2,4,373.36,1493.44,0,239.4
O02320,2025-02-16,C201,Customer 201,Region 4,City 22,P016,Product 16,Category 1,3,29.92,89.76,15,25.7
O02321,2025-08-04,C010,Customer 10,Region 6,City 11,P091,Product 91,Category 1,4,338.65,1354.6,20,116.25
O02322,2025-03-23,C213,Customer 213,Region 2,City 4,P061,Product 61,Category 1,5,126.53,632.65,10,120.79
O02323,2025-07-12,C173,Customer 173,Region 4,City 24,P006,Product 6,Category 6,8,65.37,522.96,0,116.95
O02324,2025-07-24,C232,Customer 232,Region 2,City 23,P006,Product 6,Category 6,7,65.37,457.59,0,54.24
O02325,2025-04-10,C219,Customer 219,Region 1,City 10,P023,Product 23,Category 8,9,444.27,3998.43,15,817.81
O02326,2025-01-19,C290,Customer 290,Region 2,City 21,P092,Product 92,Category 2,8,134.34,1074.72,10,155.0
O02327,2025-10-23,C140,Customer 140,Region 2,City 21,P017,Product 17,Category 2,1,373.36,373.36,20,105.08
O02328,2025-04-16,C131,Customer 131,Region 7,City 12,P077,Product 77,Category 2,8,475.01,3800.08,20,662.74
O02329,2025-09-29,C296,Customer 296,Region 2,City 27,P078,Product 78,Category 3,8,382.56,3060.48,15,663.47
O02330,2025-05-21,C162,Customer 162,Region 7,City 13,P060,Product 60,Category 15,2,197.8,395.6,10,22.62
O02331,2025-02-24,C163,Customer 163,Region 5,City 14,P093,Product 93,Category 3,2,53.85,107.7,0,32.21
O02332,2025-05-21,C260,Customer 260,Region 3,City 21,P077,Product 77,Category 2,10,475.01,4750.1,0,637.11
O02333,2025-03-29,C243,Customer 243,Region 10,City 4,P073,Product 73,Category 13,3,98.73,296.19,20,74.43
O02334,2025-02-25,C229,Customer 229,Region 2,City 20,P022,Product 22,Category 7,9,474.2,4267.8,5,836.52
O02335,2025-06-13,C160,Customer 160,Region 7,City 11,P059,Product 59,Category 14,9,348.66,3137.94,0,822.5
O02336,2025-12-29,C224,Customer 224,Region 6,City 15,P054,Product 54,Category 9,10,12.91,129.1,20,26.86
O02337,2025-06-09,C144,Customer 144,Region 4,City 25,P058,Product 58,Category 13,4,201.63,806.52,20,210.41
O02338,2025-12-08,C143,Customer 143,Region 8,City 24,P089,Product 89,Category 14,5,220.92,1104.6,10,210.69
O02339,2025-10-26,C291,Customer 291,Region 4,City 22,P051,Product 51,Category 6,3,16.21,48.63,0,12.41
O02340,2025-12-05,C174,Customer 174,Region 10,City 25,P064,Product 64,Category 4,6,445.94,2675.64,15,238.38
O02341,2025-08-24,C110,Customer 110,Region 3,City 21,P052,Product 52,Category 7,8,409.71,3277.68,10,381.52
O02342,2025-11-02,C131,Customer 131,Region 7,City 12,P006,Product 6,Category 6,3,65.37,196.11,10,54.57
O02343,2025-07-03,C060,Customer 60,Region 4,City 1,P040,Product 40,Category 10,2,456.29,912.58,20,104.56
O02344,2025-05-18,C267,Customer 267,Region 5,City 28,P077,Product 77,Category 2,4,475.01,1900.04,5,241.19
O02345,2025-09-01,C173,Customer 173,Region 4,City 24,P076,Product 76,Category 1,2,21.06,42.12,15,8.52
O02346,2025-04-20,C027,Customer 27,Region 5,City 28,P081,Product 81,Category 6,3,112.74,338.22,0,59.47
O02347,2025-02-08,C233,Customer 233,Region 2,City 24,P004,Product 4,Category 4,6,446.21,2677.26,5,624.11
O02348,2025-10-25,C146,Customer 146,Region 7,City 27,P090,Product 90,Category 15,10,299.19,2991.9,5,210.45
O02349,2025-09-01,C062,Customer 62,Region 8,City 3,P049,Product 49,Category 4,10,491.59,4915.9,5,582.04
O02350,2025-04-09,C247,Customer 247,Region 6,City 8,P083,Product 83,Category 8,4,465.48,1861.92,5,278.9
O02351,2025-05-06,C144,Customer 144,Region 4,City 25,P076,Product 76,Category 1,9,21.06,189.54,20,54.57
O02352,2025-07-18,C018,Customer 18,Region 9,City 19,P012,Product 12,Category 12,6,453.15,2718.9,15,711.07
O02353,2025-02-24,C070,Customer 70,Region 2,City 11,P014,Product 14,Category 14,9,159.28,1433.52,15,188.41
O02354,2025-06-06,C175,Customer 175,Region 4,City 26,P055,Product 55,Category 10,3,215.67,647.01,15,123.15
O02355,2025-04-22,C111,Customer 111,Region 7,City 22,P018,Product 18,Category 3,2,218.78,437.56,20,57.19
O02356,2025-09-25,C084,Customer 84,Region 9,City 25,P091,Product 91,Category 1,9,338.65,3047.85,0,260.97
O02357,2025-07-20,C082,Customer 82,Region 6,City 23,P015,Product 15,Category 15,7,366.97,2568.79,20,695.41
O02358,2025-05-15,C138,Customer 138,Region 2,City 19,P041,Product 41,Category 11,6,267.12,1602.72,5,365.7
O02359,2025-10-16,C055,Customer 55,Region 4,City 26,P064,Product 64,Category 4,2,445.94,891.88,5,92.15
O02360,2025-07-25,C291,Customer 291,Region 4,City 22,P056,Product 56,Category 11,9,261.99,2357.91,20,592.7
O02361,2025-12-25,C245,Customer 245,Region 3,City 6,P097,Product 97,Category 7,2,226.37,452.74,5,46.18
O02362,2025-04-17,C234,Customer 234,Region 8,City 25,P071,Product 71,Category 11,8,289.19,2313.52,15,472.13
O02363,2025-08-16,C171,Customer 171,Region 3,City 22,P066,Product 66,Category 6,4,79.06,316.24,10,17.67
O02364,2025-02-10,C160,Customer 160,Region 7,City 11,P075,Product 75,Category 15,6,418.32,2509.92,10,195.04
O02365,2025-10-06,C284,Customer 284,Region 8,City 15,P068,Product 68,Category 8,1,366.31,366.31,0,105.18
O02366,2025-04-10,C065,Customer 65,Region 3,City 6,P018,Product 18,Category 3,2,218.78,437.56,15,36.73
O02367,2025-02-06,C273,Customer 273,Region 8,City 4,P064,Product 64,Category 4,7,445.94,3121.58,0,212.27
O02368,2025-01-19,C187,Customer 187,Region 3,City 8,P072,Product 72,Category 12,6,27.53,165.18,10,10.86
O02369,2025-12-31,C264,Customer 264,Region 2,City 25,P018,Product 18,Category 3,4,218.78,875.12,10,210.56
O02370,2025-12-14,C120,Customer 120,Region 8,City 1,P013,Product 13,Category 13,2,47.04,94.08,20,6.67
O02371,2025-08-03,C007,Customer 7,Region 10,City 8,P021,Product 21,Category 6,4,126.09,504.36,15,101.36
O02372,2025-07-07,C137,Customer 137,Region 10,City 18,P095,Product 95,Category 5,9,177.16,1594.44,10,456.26
O02373,2025-04-01,C161,Customer 161,Region 10,City 12,P065,Product 65,Category 5,7,194.4,1360.8,5,282.38
O02374,2025-06-25,C268,Customer 268,Region 8,City 29,P056,Product 56,Category 11,10,261.99,2619.9,0,511.71
O02375,2025-06-29,C246,Customer 246,Region 10,City 7,P084,Product 84,Category 9,9,410.58,3695.22,20,202.69
O02376,2025-07-04,C236,Customer 236,Region 10,City 27,P071,Product 71,Category 11,7,289.19,2024.33,15,519.31
O02377,2025-01-23,C136,Customer 136,Region 5,City 17,P043,Product 43,Category 13,9,374.4,3369.6,5,246.17
O02378,2025-02-17,C279,Customer 279,Region 9,City 10,P045,Product 45,Category 15,2,189.29,378.58,0,55.06
O02379,2025-09-01,C001,Customer 1,Region 10,City 2,P076,Product 76,Category 1,4,21.06,84.24,0,18.28
O02380,2025-02-05,C203,Customer 203,Region 9,City 24,P053,Product 53,Category 8,9,434.3,3908.7,15,1094.29
O02381,2025-09-23,C248,Customer 248,Region 6,City 9,P099,Product 99,Category 9,8,154.71,1237.68,5,143.08
O02382,2025-05-12,C174,Customer 174,Region 10,City 25,P063,Product 63,Category 3,10,307.88,3078.8,5,800.35
O02383,2025-08-26,C055,Customer 55,Region 4,City 26,P051,Product 51,Category 6,1,16.21,16.21,15,1.48
O02384,2025-05-02,C076,Customer 76,Region 6,City 17,P095,Product 95,Category 5,9,177.16,1594.44,20,459.22
O02385,2025-02-04,C111,Customer 111,Region 7,City 22,P039,Product 39,Category 9,6,489.97,2939.82,20,696.55
O02386,2025-03-20,C261,Customer 261,Region 5,City 22,P049,Product 49,Category 4,8,491.59,3932.72,5,542.48
O02387,2025-03-04,C096,Customer 96,Region 4,City 7,P067,Product 67,Category 7,1,245.24,245.24,10,15.99
O02388,2025-10-16,C152,Customer 152,Region 4,City 3,P075,Product 75,Category 15,6,418.32,2509.92,20,404.12
O02389,2025-12-05,C272,Customer 272,Region 5,City 3,P098,Product 98,Category 8,2,335.46,670.92,0,46.3
O02390,2025-09-05,C066,Customer 66,Region 5,City 7,P058,Product 58,Category 13,4,201.63,806.52,10,225.72
O02391,2025-06-24,C201,Customer 201,Region 4,City 22,P016,Product 16,Category 1,7,29.92,209.44,15,35.06
O02392,2025-05-08,C075,Customer 75,Region 3,City 16,P072,Product 72,Category 12,6,27.53,165.18,5,19.53
O02393,2025-10-24,C269,Customer 269,Region 6,City 30,P075,Product 75,Category 15,8,418.32,3346.56,20,364.35
O02394,2025-01-15,C014,Customer 14,Region 7,City 15,P032,Product 32,Category 2,9,246.16,2215.44,20,562.8
O02395,2025-04-26,C205,Customer 205,Region 6,City 26,P080,Product 80,Category 5,8,322.73,2581.84,0,625.65
O02396,2025-06-04,C280,Customer 280,Region 4,City 11,P053,Product 53,Category 8,2,434.3,868.6,10,89.63
O02397,2025-04-30,C207,Customer 207,Region 2,City 28,P089,Product 89,Category 14,4,220.92,883.68,5,258.7
O02398,2025-12-18,C101,Customer 101,Region 7,City 12,P088,Product 88,Category 13,3,289.01,867.03,20,81.05
O02399,2025-08-14,C136,Customer 136,Region 5,City 17,P028,Product 28,Category 13,4,186.78,747.12,0,98.3
O02400,2025-04-09,C256,Customer 256,Region 10,City 17,P012,Product 12,Category 12,8,453.15,3625.2,15,182.78
O02401,2025-06-28,C149,Customer 149,Region 9,City 30,P033,Product 33,Category 3,10,392.37,3923.7,10,1113.4
O02402,2025-01-14,C207,Customer 207,Region 2,City 28,P081,Product 81,Category 6,4,112.74,450.96,5,55.81
O02403,2025-08-09,C183,Customer 183,Region 1,City 4,P002,Product 2,Category 2,3,181.44,544.32,5,149.15
O02404,2025-09-28,C100,Customer 100,Region 1,City 11,P019,Product 19,Category 4,1,20.62,20.62,20,4.29
O02405,2025-07-29,C078,Customer 78,Region 8,City 19,P067,Product 67,Category 7,7,245.24,1716.68,15,395.98
O02406,2025-12-02,C038,Customer 38,Region 4,City 9,P069,Product 69,Category 9,1,386.3,386.3,5,96.64
O02407,2025-03-31,C235,Customer 235,Region 4,City 26,P082,Product 82,Category 7,8,387.7,3101.6,0,235.07
O02408,2025-06-24,C076,Customer 76,Region 6,City 17,P049,Product 49,Category 4,7,491.59,3441.13,5,392.37
O02409,2025-11-20,C128,Customer 128,Region 2,City 9,P075,Product 75,Category 15,3,418.32,1254.96,20,182.41
O02410,2025-10-16,C117,Customer 117,Region 10,City 28,P042,Product 42,Category 12,4,416.99,1667.96,5,195.38
O02411,2025-03-26,C118,Customer 118,Region 4,City 29,P029,Product 29,Category 14,8,260.21,2081.68,0,328.29
O02412,2025-03-04,C024,Customer 24,Region 2,City 25,P039,Product 39,Category 9,3,489.97,1469.91,5,345.1
O02413,2025-12-31,C111,Customer 111,Region 7,City 22,P073,Product 73,Category 13,9,98.73,888.57,0,174.3
O02414,2025-04-24,C044,Customer 44,Region 2,City 15,P049,Product 49,Category 4,7,491.59,3441.13,10,734.01
O02415,2025-09-11,C080,Customer 80,Region 8,City 21,P049,Product 49,Category 4,5,491.59,2457.95,15,178.58
O02416,2025-01-13,C172,Customer 172,Region 1,City 23,P088,Product 88,Category 13,8,289.01,2312.08,5,122.17
O02417,2025-11-04,C226,Customer 226,Region 4,City 17,P087,Product 87,Category 12,9,230.44,2073.96,15,243.04
O02418,2025-04-21,C177,Customer 177,Region 8,City 28,P061,Product 61,Category 1,3,126.53,379.59,10,107.75
O02419,2025-02-02,C151,Customer 151,Region 10,City 2,P042,Product 42,Category 12,9,416.99,3752.91,0,661.37
O02420,2025-12-06,C201,Customer 201,Region 4,City 22,P028,Product 28,Category 13,10,186.78,1867.8,15,516.69
O02421,2025-08-13,C019,Customer 19,Region 1,City 20,P074,Product 74,Category 14,4,291.07,1164.28,0,299.3
O02422,2025-07-19,C049,Customer 49,Region 2,City 20,P094,Product 94,Category 4,1,65.36,65.36,5,19.22
O02423,2025-11-10,C179,Customer 179,Region 5,City 30,P077,Product 77,Category 2,10,475.01,4750.1,5,688.47
O02424,2025-09-24,C132,Customer 132,Region 2,City 13,P035,Product 35,Category 5,3,149.03,447.09,5,54.53
O02425,2025-10-01,C247,Customer 247,Region 6,City 8,P094,Product 94,Category 4,1,65.36,65.36,0,11.53
O02426,2025-06-20,C181,Customer 181,Region 4,City 2,P063,Product 63,Category 3,5,307.88,1539.4,20,416.58
O02427,2025-03-17,C091,Customer 91,Region 8,City 2,P035,Product 35,Category 5,8,149.03,1192.24,10,273.77
O02428,2025-01-24,C105,Customer 105,Region 7,City 16,P021,Product 21,Category 6,8,126.09,1008.72,10,142.62
O02429,2025-05-22,C247,Customer 247,Region 6,City 8,P010,Product 10,Category 10,9,293.01,2637.09,15,164.51
O02430,2025-12-24,C250,Customer 250,Region 5,City 11,P013,Product 13,Category 13,10,47.04,470.4,0,38.79
O02431,2025-03-05,C146,Customer 146,Region 7,City 27,P046,Product 46,Category 1,2,42.09,84.18,0,23.96
O02432,2025-10-23,C264,Customer 264,Region 2,City 25,P026,Product 26,Category 11,10,474.87,4748.7,0,720.2
O02433,2025-12-04,C207,Customer 207,Region 2,City 28,P090,Product 90,Category 15,5,299.19,1495.95,10,193.7
O02434,2025-05-26,C177,Customer 177,Region 8,City 28,P064,Product 64,Category 4,2,445.94,891.88,15,104.51
O02435,2025-11-03,C062,Customer 62,Region 8,City 3,P043,Product 43,Category 13,3,374.4,1123.2,20,187.36
O02436,2025-07-03,C119,Customer 119,Region 1,City 30,P075,Product 75,Category 15,7,418.32,2928.24,20,499.72
O02437,2025-05-29,C211,Customer 211,Region 9,City 2,P005,Product 5,Category 5,1,86.73,86.73,0,20.78
O02438,2025-11-20,C062,Customer 62,Region 8,City 3,P016,Product 16,Category 1,10,29.92,299.2,15,58.55
O02439,2025-10-19,C045,Customer 45,Region 4,City 16,P086,Product 86,Category 11,3,371.95,1115.85,10,274.33
O02440,2025-01-16,C168,Customer 168,Region 7,City 19,P071,Product 71,Category 11,3,289.19,867.57,10,49.21
O02441,2025-05-27,C146,Customer 146,Region 7,City 27,P057,Product 57,Category 12,5,310.13,1550.65,15,192.86
O02442,2025-05-09,C073,Customer 73,Region 7,City 14,P054,Product 54,Category 9,6,12.91,77.46,5,14.04
O02443,2025-03-19,C010,Customer 10,Region 6,City 11,P057,Product 57,Category 12,2,310.13,620.26,20,151.76
O02444,2025-04-10,C186,Customer 186,Region 8,City 7,P096,Product 96,Category 6,8,437.68,3501.44,5,381.39
O02445,2025-10-27,C032,Customer 32,Region 4,City 3,P008,Product 8,Category 8,1,252.32,252.32,5,43.01
O02446,2025-08-23,C178,Customer 178,Region 3,City 29,P088,Product 88,Category 13,6,289.01,1734.06,5,511.61
O02447,2025-02-10,C244,Customer 244,Region 3,City 5,P067,Product 67,Category 7,8,245.24,1961.92,5,317.82
O02448,2025-10-27,C079,Customer 79,Region 7,City 20,P068,Product 68,Category 8,6,366.31,2197.86,10,330.51
O02449,2025-05-02,C080,Customer 80,Region 8,City 21,P036,Product 36,Category 6,1,93.48,93.48,5,23.49
O02450,2025-11-17,C126,Customer 126,Region 7,City 7,P031,Product 31,Category 1,7,69.9,489.3,20,123.67
O02451,2025-03-20,C212,Customer 212,Region 5,City 3,P009,Product 9,Category 9,7,154.35,1080.45,5,67.04
O02452,2025-11-07,C276,Customer 276,Region 2,City 7,P093,Product 93,Category 3,8,53.85,430.8,20,94.14
O02453,2025-08-12,C270,Customer 270,Region 1,City 1,P098,Product 98,Category 8,1,335.46,335.46,15,85.03
O02454,2025-01-16,C095,Customer 95,Region 7,City 6,P030,Product 30,Category 15,3,225.39,676.17,0,177.98
O02455,2025-04-10,C008,Customer 8,Region 10,City 9,P044,Product 44,Category 14,4,37.1,148.4,15,16.68
O02456,2025-02-17,C094,Customer 94,Region 10,City 5,P043,Product 43,Category 13,2,374.4,748.8,15,92.56
O02457,2025-04-30,C219,Customer 219,Region 1,City 10,P038,Product 38,Category 8,6,30.8,184.8,20,40.17
O02458,2025-01-09,C049,Customer 49,Region 2,City 20,P052,Product 52,Category 7,3,409.71,1229.13,0,79.31
O02459,2025-01-12,C183,Customer 183,Region 1,City 4,P028,Product 28,Category 13,1,186.78,186.78,20,36.34
O02460,2025-07-13,C142,Customer 142,Region 2,City 23,P075,Product 75,Category 15,2,418.32,836.64,10,188.67
O02461,2025-07-27,C169,Customer 169,Region 1,City 20,P056,Product 56,Category 11,4,261.99,1047.96,20,221.04
O02462,2025-09-01,C076,Customer 76,Region 6,City 17,P047,Product 47,Category 2,3,198.11,594.33,0,83.15
O02463,2025-07-31,C284,Customer 284,Region 8,City 15,P079,Product 79,Category 4,5,47.04,235.2,10,15.4
O02464,2025-02-28,C254,Customer 254,Region 7,City 15,P080,Product 80,Category 5,4,322.73,1290.92,5,295.05
O02465,2025-04-18,C005,Customer 5,Region 8,City 6,P063,Product 63,Category 3,10,307.88,3078.8,20,850.04
O02466,2025-03-15,C044,Customer 44,Region 2,City 15,P084,Product 84,Category 9,6,410.58,2463.48,10,692.89
O02467,2025-05-31,C131,Customer 131,Region 7,City 12,P017,Product 17,Category 2,4,373.36,1493.44,5,275.91
O02468,2025-09-26,C069,Customer 69,Region 4,City 10,P025,Product 25,Category 10,6,34.77,208.62,5,46.27
O02469,2025-12-19,C004,Customer 4,Region 6,City 5,P041,Product 41,Category 11,1,267.12,267.12,15,29.84
O02470,2025-12-06,C246,Customer 246,Region 10,City 7,P005,Product 5,Category 5,8,86.73,693.84,10,179.01
O02471,2025-06-25,C187,Customer 187,Region 3,City 8,P017,Product 17,Category 2,10,373.36,3733.6,10,835.64
O02472,2025-08-02,C026,Customer 26,Region 7,City 27,P015,Product 15,Category 15,10,366.97,3669.7,0,453.1
O02473,2025-09-18,C263,Customer 263,Region 2,City 24,P068,Product 68,Category 8,4,366.31,1465.24,0,371.77
O02474,2025-09-04,C093,Customer 93,Region 8,City 4,P011,Product 11,Category 11,2,48.35,96.7,0,15.62
O02475,2025-07-17,C047,Customer 47,Region 2,City 18,P020,Product 20,Category 5,1,261.28,261.28,15,77.76
O02476,2025-05-07,C099,Customer 99,Region 8,City 10,P055,Product 55,Category 10,7,215.67,1509.69,20,161.93
O02477,2025-03-05,C256,Customer 256,Region 10,City 17,P068,Product 68,Category 8,2,366.31,732.62,0,64.72
O02478,2025-08-02,C129,Customer 129,Region 10,City 10,P084,Product 84,Category 9,8,410.58,3284.64,0,265.6
O02479,2025-11-04,C074,Customer 74,Region 7,City 15,P001,Product 1,Category 1,7,254.75,1783.25,0,266.22
O02480,2025-04-19,C262,Customer 262,Region 3,City 23,P008,Product 8,Category 8,2,252.32,504.64,5,96.81
O02481,2025-01-01,C063,Customer 63,Region 9,City 4,P050,Product 50,Category 5,6,464.52,2787.12,10,733.57
O02482,2025-02-22,C280,Customer 280,Region 4,City 11,P095,Product 95,Category 5,7,177.16,1240.12,20,138.05
O02483,2025-05-24,C268,Customer 268,Region 8,City 29,P089,Product 89,Category 14,10,220.92,2209.2,5,493.62
O02484,2025-03-19,C166,Customer 166,Region 5,City 17,P050,Product 50,Category 5,3,464.52,1393.56,10,191.66
O02485,2025-08-23,C070,Customer 70,Region 2,City 11,P028,Product 28,Category 13,3,186.78,560.34,0,57.34
O02486,2025-07-30,C088,Customer 88,Region 5,City 29,P050,Product 50,Category 5,10,464.52,4645.2,0,522.42
O02487,2025-01-28,C049,Customer 49,Region 2,City 20,P012,Product 12,Category 12,7,453.15,3172.05,20,169.29
O02488,2025-02-09,C235,Customer 235,Region 4,City 26,P076,Product 76,Category 1,3,21.06,63.18,15,7.45
O02489,2025-07-11,C077,Customer 77,Region 8,City 18,P016,Product 16,Category 1,8,29.92,239.36,5,71.21
O02490,2025-02-18,C054,Customer 54,Region 10,City 25,P015,Product 15,Category 15,6,366.97,2201.82,15,372.89
O02491,2025-06-24,C291,Customer 291,Region 4,City 22,P015,Product 15,Category 15,7,366.97,2568.79,20,644.38
O02492,2025-02-06,C299,Customer 299,Region 8,City 30,P053,Product 53,Category 8,6,434.3,2605.8,10,609.01
O02493,2025-10-18,C240,Customer 240,Region 5,City 1,P087,Product 87,Category 12,10,230.44,2304.4,0,470.61
O02494,2025-11-10,C001,Customer 1,Region 10,City 2,P061,Product 61,Category 1,9,126.53,1138.77,0,239.41
O02495,2025-06-16,C289,Customer 289,Region 6,City 20,P057,Product 57,Category 12,7,310.13,2170.91,15,200.41
O02496,2025-05-04,C233,Customer 233,Region 2,City 24,P049,Product 49,Category 4,10,491.59,4915.9,20,878.84
O02497,2025-08-15,C008,Customer 8,Region 10,City 9,P017,Product 17,Category 2,2,373.36,746.72,20,207.26
O02498,2025-11-21,C096,Customer 96,Region 4,City 7,P076,Product 76,Category 1,6,21.06,126.36,20,22.82
O02499,2025-03-08,C059,Customer 59,Region 10,City 30,P005,Product 5,Category 5,9,86.73,780.57,15,85.63
O02500,2025-11-22,C011,Customer 11,Region 6,City 12,P072,Product 72,Category 12,6,27.53,165.18,0,15.66
O02501,2025-08-26,C219,Customer 219,Region 1,City 10,P059,Product 59,Category 14,4,348.66,1394.64,20,193.95
O02502,2025-12-02,C220,Customer 220,Region 9,City 11,P076,Product 76,Category 1,2,21.06,42.12,10,12.21
O02503,2025-12-23,C136,Customer 136,Region 5,City 17,P062,Product 62,Category 2,5,167.7,838.5,20,175.95
O02504,2025-08-17,C271,Customer 271,Region 2,City 2,P046,Product 46,Category 1,8,42.09,336.72,20,53.47
O02505,2025-03-02,C296,Customer 296,Region 2,City 27,P085,Product 85,Category 10,3,456.11,1368.33,10,325.13
O02506,2025-12-18,C145,Customer 145,Region 10,City 26,P036,Product 36,Category 6,7,93.48,654.36,0,92.28
O02507,2025-02-25,C009,Customer 9,Region 7,City 10,P036,Product 36,Category 6,8,93.48,747.84,5,115.39
O02508,2025-03-20,C223,Customer 223,Region 3,City 14,P080,Product 80,Category 5,3,322.73,968.19,5,133.56
O02509,2025-01-28,C214,Customer 214,Region 3,City 5,P008,Product 8,Category 8,6,252.32,1513.92,0,305.82
O02510,2025-12-10,C151,Customer 151,Region 10,City 2,P006,Product 6,Category 6,1,65.37,65.37,10,9.54
O02511,2025-02-06,C106,Customer 106,Region 2,City 17,P035,Product 35,Category 5,3,149.03,447.09,20,70.97
O02512,2025-11-11,C235,Customer 235,Region 4,City 26,P079,Product 79,Category 4,6,47.04,282.24,0,44.45
O02513,2025-03-20,C023,Customer 23,Region 8,City 24,P011,Product 11,Category 11,4,48.35,193.4,5,40.82
O02514,2025-07-20,C094,Customer 94,Region 10,City 5,P097,Product 97,Category 7,1,226.37,226.37,5,18.25
O02515,2025-11-04,C268,Customer 268,Region 8,City 29,P039,Product 39,Category 9,8,489.97,3919.76,20,642.71
O02516,2025-04-10,C067,Customer 67,Region 1,City 8,P019,Product 19,Category 4,9,20.62,185.58,10,45.43
O02517,2025-07-14,C249,Customer 249,Region 2,City 10,P019,Product 19,Category 4,8,20.62,164.96,20,38.91
O02518,2025-04-20,C230,Customer 230,Region 1,City 21,P072,Product 72,Category 12,3,27.53,82.59,5,21.58
O02519,2025-08-03,C075,Customer 75,Region 3,City 16,P087,Product 87,Category 12,4,230.44,921.76,0,178.68
O02520,2025-11-14,C194,Customer 194,Region 1,City 15,P031,Product 31,Category 1,6,69.9,419.4,15,98.09
O02521,2025-03-08,C178,Customer 178,Region 3,City 29,P079,Product 79,Category 4,2,47.04,94.08,5,21.18
O02522,2025-08-22,C104,Customer 104,Region 4,City 15,P041,Product 41,Category 11,3,267.12,801.36,0,45.74
O02523,2025-06-13,C024,Customer 24,Region 2,City 25,P012,Product 12,Category 12,10,453.15,4531.5,0,227.64
O02524,2025-04-18,C265,Customer 265,Region 8,City 26,P030,Product 30,Category 15,5,225.39,1126.95,0,147.55
O02525,2025-01-19,C044,Customer 44,Region 2,City 15,P049,Product 49,Category 4,6,491.59,2949.54,15,630.56
O02526,2025-08-05,C025,Customer 25,Region 6,City 26,P003,Product 3,Category 3,7,436.22,3053.54,5,508.69
O02527,2025-04-18,C287,Customer 287,Region 1,City 18,P073,Product 73,Category 13,9,98.73,888.57,15,261.78
O02528,2025-08-14,C137,Customer 137,Region 10,City 18,P078,Product 78,Category 3,5,382.56,1912.8,5,466.57
O02529,2025-06-06,C040,Customer 40,Region 3,City 11,P072,Product 72,Category 12,2,27.53,55.06,15,11.44
O02530,2025-05-20,C104,Customer 104,Region 4,City 15,P088,Product 88,Category 13,8,289.01,2312.08,15,483.87
O02531,2025-05-22,C162,Customer 162,Region 7,City 13,P003,Product 3,Category 3,7,436.22,3053.54,20,156.32
O02532,2025-09-20,C007,Customer 7,Region 10,City 8,P077,Product 77,Category 2,2,475.01,950.02,5,270.51
O02533,2025-09-23,C033,Customer 33,Region 1,City 4,P075,Product 75,Category 15,8,418.32,3346.56,0,751.77
O02534,2025-10-22,C134,Customer 134,Region 2,City 15,P029,Product 29,Category 14,6,260.21,1561.26,10,368.39
O02535,2025-03-21,C116,Customer 116,Region 1,City 27,P086,Product 86,Category 11,5,371.95,1859.75,20,170.62
O02536,2025-09-26,C133,Customer 133,Region 4,City 14,P083,Product 83,Category 8,9,465.48,4189.32,20,523.36
O02537,2025-07-20,C016,Customer 16,Region 1,City 17,P090,Product 90,Category 15,7,299.19,2094.33,0,252.95
O02538,2025-07-05,C187,Customer 187,Region 3,City 8,P092,Product 92,Category 2,9,134.34,1209.06,10,237.07
O02539,2025-02-14,C251,Customer 251,Region 1,City 12,P084,Product 84,Category 9,10,410.58,4105.8,0,611.75
O02540,2025-06-21,C103,Customer 103,Region 3,City 14,P044,Product 44,Category 14,7,37.1,259.7,5,75.36
O02541,2025-02-05,C125,Customer 125,Region 6,City 6,P056,Product 56,Category 11,7,261.99,1833.93,10,359.63
O02542,2025-10-15,C025,Customer 25,Region 6,City 26,P089,Product 89,Category 14,9,220.92,1988.28,20,524.08
O02543,2025-12-30,C004,Customer 4,Region 6,City 5,P091,Product 91,Category 1,6,338.65,2031.9,10,483.23
O02544,2025-05-16,C028,Customer 28,Region 1,City 29,P052,Product 52,Category 7,10,409.71,4097.1,15,1015.97
O02545,2025-09-07,C043,Customer 43,Region 9,City 14,P012,Product 12,Category 12,9,453.15,4078.35,0,218.85
O02546,2025-04-21,C140,Customer 140,Region 2,City 21,P013,Product 13,Category 13,8,47.04,376.32,10,66.79
O02547,2025-07-26,C156,Customer 156,Region 2,City 7,P037,Product 37,Category 7,3,329.5,988.5,5,127.3
O02548,2025-09-03,C085,Customer 85,Region 3,City 26,P065,Product 65,Category 5,8,194.4,1555.2,0,443.03
O02549,2025-04-30,C236,Customer 236,Region 10,City 27,P092,Product 92,Category 2,6,134.34,806.04,20,188.55
O02550,2025-05-02,C276,Customer 276,Region 2,City 7,P087,Product 87,Category 12,5,230.44,1152.2,5,272.85
O02551,2025-04-24,C086,Customer 86,Region 5,City 27,P059,Product 59,Category 14,1,348.66,348.66,5,69.63
O02552,2025-09-24,C215,Customer 215,Region 9,City 6,P096,Product 96,Category 6,8,437.68,3501.44,5,845.08
O02553,2025-09-14,C102,Customer 102,Region 7,City 13,P068,Product 68,Category 8,3,366.31,1098.93,0,106.3
O02554,2025-05-25,C237,Customer 237,Region 1,City 28,P095,Product 95,Category 5,3,177.16,531.48,0,93.64
O02555,2025-03-16,C291,Customer 291,Region 4,City 22,P096,Product 96,Category 6,10,437.68,4376.8,10,517.28
O02556,2025-12-12,C244,Customer 244,Region 3,City 5,P032,Product 32,Category 2,8,246.16,1969.28,20,545.15
O02557,2025-10-08,C135,Customer 135,Region 2,City 16,P035,Product 35,Category 5,9,149.03,1341.27,20,319.67
O02558,2025-10-23,C196,Customer 196,Region 6,City 17,P074,Product 74,Category 14,3,291.07,873.21,10,235.32
O02559,2025-11-01,C255,Customer 255,Region 9,City 16,P097,Product 97,Category 7,1,226.37,226.37,10,29.59
O02560,2025-02-05,C118,Customer 118,Region 4,City 29,P016,Product 16,Category 1,1,29.92,29.92,15,8.92
O02561,2025-09-28,C223,Customer 223,Region 3,City 14,P088,Product 88,Category 13,8,289.01,2312.08,0,417.3
O02562,2025-02-20,C280,Customer 280,Region 4,City 11,P095,Product 95,Category 5,10,177.16,1771.6,0,527.17
O02563,2025-09-28,C196,Customer 196,Region 6,City 17,P015,Product 15,Category 15,10,366.97,3669.7,15,191.0
O02564,2025-06-06,C217,Customer 217,Region 4,City 8,P063,Product 63,Category 3,9,307.88,2770.92,5,374.96
O02565,2025-07-19,C238,Customer 238,Region 5,City 29,P079,Product 79,Category 4,5,47.04,235.2,20,31.24
O02566,2025-02-22,C037,Customer 37,Region 7,City 8,P015,Product 15,Category 15,1,366.97,366.97,10,79.37
O02567,2025-04-26,C140,Customer 140,Region 2,City 21,P077,Product 77,Category 2,2,475.01,950.02,20,160.11
O02568,2025-08-22,C229,Customer 229,Region 2,City 20,P081,Product 81,Category 6,10,112.74,1127.4,15,133.26
O02569,2025-03-24,C260,Customer 260,Region 3,City 21,P080,Product 80,Category 5,5,322.73,1613.65,10,132.26
O02570,2025-04-22,C105,Customer 105,Region 7,City 16,P099,Product 99,Category 9,2,154.71,309.42,15,26.96
O02571,2025-02-09,C122,Customer 122,Region 3,City 3,P087,Product 87,Category 12,2,230.44,460.88,0,126.06
O02572,2025-09-06,C289,Customer 289,Region 6,City 20,P018,Product 18,Category 3,8,218.78,1750.24,5,198.0
O02573,2025-09-18,C238,Customer 238,Region 5,City 29,P036,Product 36,Category 6,7,93.48,654.36,0,46.61
O02574,2025-04-12,C156,Customer 156,Region 2,City 7,P014,Product 14,Category 14,7,159.28,1114.96,5,198.56
O02575,2025-11-02,C042,Customer 42,Region 5,City 13,P043,Product 43,Category 13,2,374.4,748.8,10,154.15
O02576,2025-05-23,C097,Customer 97,Region 6,City 8,P100,Product 100,Category 10,8,118.57,948.56,15,135.75
O02577,2025-05-02,C031,Customer 31,Region 5,City 2,P043,Product 43,Category 13,9,374.4,3369.6,20,661.93
O02578,2025-12-23,C145,Customer 145,Region 10,City 26,P011,Product 11,Category 11,9,48.35,435.15,0,48.06
O02579,2025-03-17,C196,Customer 196,Region 6,City 17,P082,Product 82,Category 7,10,387.7,3877.0,5,773.73
O02580,2025-04-06,C059,Customer 59,Region 10,City 30,P032,Product 32,Category 2,4,246.16,984.64,10,52.78
O02581,2025-03-21,C132,Customer 132,Region 2,City 13,P074,Product 74,Category 14,6,291.07,1746.42,20,213.15
O02582,2025-09-21,C282,Customer 282,Region 1,City 13,P017,Product 17,Category 2,7,373.36,2613.52,10,773.82
O02583,2025-04-01,C244,Customer 244,Region 3,City 5,P075,Product 75,Category 15,1,418.32,418.32,20,65.51
O02584,2025-09-03,C053,Customer 53,Region 8,City 24,P094,Product 94,Category 4,6,65.36,392.16,5,42.0
O02585,2025-02-22,C194,Customer 194,Region 1,City 15,P007,Product 7,Category 7,1,451.77,451.77,10,29.55
O02586,2025-07-09,C082,Customer 82,Region 6,City 23,P061,Product 61,Category 1,8,126.53,1012.24,10,55.92
O02587,2025-03-29,C289,Customer 289,Region 6,City 20,P085,Product 85,Category 10,7,456.11,3192.77,0,623.93
O02588,2025-06-24,C098,Customer 98,Region 5,City 9,P016,Product 16,Category 1,6,29.92,179.52,15,11.64
O02589,2025-06-17,C100,Customer 100,Region 1,City 11,P045,Product 45,Category 15,7,189.29,1325.03,20,69.07
O02590,2025-07-13,C080,Customer 80,Region 8,City 21,P087,Product 87,Category 12,7,230.44,1613.08,15,421.75
O02591,2025-06-11,C194,Customer 194,Region 1,City 15,P008,Product 8,Category 8,9,252.32,2270.88,15,244.56
O02592,2025-05-27,C264,Customer 264,Region 2,City 25,P087,Product 87,Category 12,7,230.44,1613.08,0,295.61
O02593,2025-04-21,C136,Customer 136,Region 5,City 17,P009,Product 9,Category 9,10,154.35,1543.5,5,100.62
O02594,2025-10-01,C044,Customer 44,Region 2,City 15,P087,Product 87,Category 12,5,230.44,1152.2,15,178.98
O02595,2025-10-17,C230,Customer 230,Region 1,City 21,P038,Product 38,Category 8,4,30.8,123.2,20,11.62
O02596,2025-10-06,C275,Customer 275,Region 9,City 6,P044,Product 44,Category 14,3,37.1,111.3,0,15.65
O02597,2025-04-05,C065,Customer 65,Region 3,City 6,P087,Product 87,Category 12,1,230.44,230.44,15,61.83
O02598,2025-07-20,C026,Customer 26,Region 7,City 27,P024,Product 24,Category 9,5,73.05,365.25,0,92.76
O02599,2025-03-28,C079,Customer 79,Region 7,City 20,P007,Product 7,Category 7,5,451.77,2258.85,15,123.52
O02600,2025-03-05,C257,Customer 257,Region 6,City 18,P005,Product 5,Category 5,10,86.73,867.3,10,210.55
O02601,2025-04-04,C083,Customer 83,Region 1,City 24,P017,Product 17,Category 2,3,373.36,1120.08,0,192.76
O02602,2025-06-23,C113,Customer 113,Region 8,City 24,P071,Product 71,Category 11,9,289.19,2602.71,5,249.26
O02603,2025-09-14,C182,Customer 182,Region 5,City 3,P023,Product 23,Category 8,1,444.27,444.27,0,99.76
O02604,2025-08-25,C184,Customer 184,Region 1,City 5,P045,Product 45,Category 15,6,189.29,1135.74,0,156.36
O02605,2025-08-20,C107,Customer 107,Region 5,City 18,P007,Product 7,Category 7,9,451.77,4065.93,5,457.3
O02606,2025-04-01,C234,Customer 234,Region 8,City 25,P074,Product 74,Category 14,10,291.07,2910.7,15,201.79
O02607,2025-11-07,C006,Customer 6,Region 9,City 7,P049,Product 49,Category 4,2,491.59,983.18,20,52.93
O02608,2025-01-27,C090,Customer 90,Region 4,City 1,P013,Product 13,Category 13,3,47.04,141.12,5,22.56
O02609,2025-04-27,C034,Customer 34,Region 2,City 5,P026,Product 26,Category 11,4,474.87,1899.48,15,457.36
O02610,2025-02-20,C205,Customer 205,Region 6,City 26,P058,Product 58,Category 13,3,201.63,604.89,10,139.73
O02611,2025-05-11,C255,Customer 255,Region 9,City 16,P018,Product 18,Category 3,4,218.78,875.12,5,219.69
O02612,2025-02-24,C283,Customer 283,Region 10,City 14,P046,Product 46,Category 1,1,42.09,42.09,0,3.7
O02613,2025-09-10,C102,Customer 102,Region 7,City 13,P098,Product 98,Category 8,7,335.46,2348.22,5,672.11
O02614,2025-10-29,C229,Customer 229,Region 2,City 20,P066,Product 66,Category 6,1,79.06,79.06,5,14.44
O02615,2025-02-20,C018,Customer 18,Region 9,City 19,P021,Product 21,Category 6,3,126.09,378.27,10,100.61
O02616,2025-03-01,C111,Customer 111,Region 7,City 22,P075,Product 75,Category 15,7,418.32,2928.24,20,701.34
O02617,2025-09-07,C005,Customer 5,Region 8,City 6,P010,Product 10,Category 10,2,293.01,586.02,15,64.62
O02618,2025-04-25,C004,Customer 4,Region 6,City 5,P005,Product 5,Category 5,4,86.73,346.92,5,31.64
O02619,2025-03-23,C025,Customer 25,Region 6,City 26,P055,Product 55,Category 10,7,215.67,1509.69,0,80.62
O02620,2025-12-01,C260,Customer 260,Region 3,City 21,P050,Product 50,Category 5,3,464.52,1393.56,5,245.85
O02621,2025-08-02,C041,Customer 41,Region 4,City 12,P044,Product 44,Category 14,8,37.1,296.8,0,79.72
O02622,2025-02-14,C298,Customer 298,Region 4,City 29,P064,Product 64,Category 4,6,445.94,2675.64,5,533.51
O02623,2025-01-11,C107,Customer 107,Region 5,City 18,P098,Product 98,Category 8,9,335.46,3019.14,20,305.8
O02624,2025-08-16,C136,Customer 136,Region 5,City 17,P078,Product 78,Category 3,5,382.56,1912.8,15,386.84
O02625,2025-09-13,C241,Customer 241,Region 6,City 2,P088,Product 88,Category 13,10,289.01,2890.1,15,792.74
O02626,2025-06-18,C155,Customer 155,Region 3,City 6,P001,Product 1,Category 1,8,254.75,2038.0,10,293.72
O02627,2025-03-06,C093,Customer 93,Region 8,City 4,P091,Product 91,Category 1,7,338.65,2370.55,5,543.54
O02628,2025-01-13,C152,Customer 152,Region 4,City 3,P029,Product 29,Category 14,1,260.21,260.21,0,61.53
O02629,2025-08-16,C282,Customer 282,Region 1,City 13,P036,Product 36,Category 6,4,93.48,373.92,10,61.52
O02630,2025-02-21,C036,Customer 36,Region 9,City 7,P088,Product 88,Category 13,7,289.01,2023.07,5,508.22
O02631,2025-04-03,C240,Customer 240,Region 5,City 1,P050,Product 50,Category 5,7,464.52,3251.64,0,305.55
O02632,2025-12-28,C107,Customer 107,Region 5,City 18,P008,Product 8,Category 8,9,252.32,2270.88,15,357.32
O02633,2025-04-10,C254,Customer 254,Region 7,City 15,P013,Product 13,Category 13,7,47.04,329.28,15,77.06
O02634,2025-02-02,C072,Customer 72,Region 9,City 13,P074,Product 74,Category 14,1,291.07,291.07,0,79.76
O02635,2025-07-12,C224,Customer 224,Region 6,City 15,P003,Product 3,Category 3,3,436.22,1308.66,10,349.48
O02636,2025-05-14,C058,Customer 58,Region 4,City 29,P023,Product 23,Category 8,4,444.27,1777.08,15,500.82
O02637,2025-12-20,C032,Customer 32,Region 4,City 3,P079,Product 79,Category 4,9,47.04,423.36,0,107.57
O02638,2025-07-11,C190,Customer 190,Region 3,City 11,P031,Product 31,Category 1,7,69.9,489.3,15,24.98
O02639,2025-10-30,C066,Customer 66,Region 5,City 7,P043,Product 43,Category 13,3,374.4,1123.2,20,221.5
O02640,2025-11-10,C146,Customer 146,Region 7,City 27,P087,Product 87,Category 12,2,230.44,460.88,0,65.85
O02641,2025-06-04,C098,Customer 98,Region 5,City 9,P072,Product 72,Category 12,4,27.53,110.12,5,30.12
O02642,2025-06-13,C151,Customer 151,Region 10,City 2,P092,Product 92,Category 2,5,134.34,671.7,20,108.03
O02643,2025-01-11,C200,Customer 200,Region 3,City 21,P007,Product 7,Category 7,1,451.77,451.77,0,99.28
O02644,2025-08-05,C243,Customer 243,Region 10,City 4,P040,Product 40,Category 10,9,456.29,4106.61,0,823.8
O02645,2025-08-27,C133,Customer 133,Region 4,City 14,P034,Product 34,Category 4,6,389.34,2336.04,0,600.14
O02646,2025-06-10,C267,Customer 267,Region 5,City 28,P021,Product 21,Category 6,10,126.09,1260.9,10,259.76
O02647,2025-12-10,C240,Customer 240,Region 5,City 1,P098,Product 98,Category 8,7,335.46,2348.22,20,304.23
O02648,2025-08-26,C141,Customer 141,Region 2,City 22,P065,Product 65,Category 5,8,194.4,1555.2,15,84.54
O02649,2025-12-19,C202,Customer 202,Region 7,City 23,P071,Product 71,Category 11,5,289.19,1445.95,0,342.81
O02650,2025-08-26,C059,Customer 59,Region 10,City 30,P084,Product 84,Category 9,8,410.58,3284.64,5,215.64
O02651,2025-01-25,C073,Customer 73,Region 7,City 14,P065,Product 65,Category 5,7,194.4,1360.8,20,149.34
O02652,2025-09-12,C043,Customer 43,Region 9,City 14,P077,Product 77,Category 2,2,475.01,950.02,0,85.54
O02653,2025-12-03,C060,Customer 60,Region 4,City 1,P091,Product 91,Category 1,9,338.65,3047.85,10,200.97
O02654,2025-12-04,C031,Customer 31,Region 5,City 2,P074,Product 74,Category 14,4,291.07,1164.28,20,345.36
O02655,2025-11-17,C055,Customer 55,Region 4,City 26,P010,Product 10,Category 10,1,293.01,293.01,20,79.03
O02656,2025-10-25,C249,Customer 249,Region 2,City 10,P090,Product 90,Category 15,4,299.19,1196.76,5,290.97
O02657,2025-10-04,C228,Customer 228,Region 7,City 19,P065,Product 65,Category 5,3,194.4,583.2,15,104.18
O02658,2025-06-28,C204,Customer 204,Region 3,City 25,P090,Product 90,Category 15,6,299.19,1795.14,0,136.8
O02659,2025-02-22,C227,Customer 227,Region 9,City 18,P062,Product 62,Category 2,8,167.7,1341.6,5,103.01
O02660,2025-01-11,C263,Customer 263,Region 2,City 24,P062,Product 62,Category 2,2,167.7,335.4,0,43.19
O02661,2025-05-20,C241,Customer 241,Region 6,City 2,P038,Product 38,Category 8,8,30.8,246.4,15,13.6
O02662,2025-09-30,C088,Customer 88,Region 5,City 29,P074,Product 74,Category 14,1,291.07,291.07,0,19.74
O02663,2025-02-25,C181,Customer 181,Region 4,City 2,P029,Product 29,Category 14,8,260.21,2081.68,10,286.26
O02664,2025-10-20,C202,Customer 202,Region 7,City 23,P050,Product 50,Category 5,9,464.52,4180.68,10,210.38
O02665,2025-07-15,C258,Customer 258,Region 5,City 19,P075,Product 75,Category 15,6,418.32,2509.92,5,670.08
O02666,2025-06-06,C020,Customer 20,Region 4,City 21,P011,Product 11,Category 11,1,48.35,48.35,5,3.27
O02667,2025-08-11,C096,Customer 96,Region 4,City 7,P087,Product 87,Category 12,6,230.44,1382.64,0,266.94
O02668,2025-03-22,C170,Customer 170,Region 4,City 21,P056,Product 56,Category 11,1,261.99,261.99,10,33.62
O02669,2025-05-10,C250,Customer 250,Region 5,City 11,P095,Product 95,Category 5,5,177.16,885.8,20,150.51
O02670,2025-07-07,C150,Customer 150,Region 8,City 1,P083,Product 83,Category 8,1,465.48,465.48,10,117.27
O02671,2025-04-17,C239,Customer 239,Region 2,City 30,P014,Product 14,Category 14,7,159.28,1114.96,15,96.91
O02672,2025-05-28,C187,Customer 187,Region 3,City 8,P023,Product 23,Category 8,8,444.27,3554.16,10,778.48
O02673,2025-07-18,C241,Customer 241,Region 6,City 2,P067,Product 67,Category 7,7,245.24,1716.68,5,153.45
O02674,2025-11-21,C229,Customer 229,Region 2,City 20,P053,Product 53,Category 8,1,434.3,434.3,20,91.59
O02675,2025-07-21,C065,Customer 65,Region 3,City 6,P031,Product 31,Category 1,9,69.9,629.1,20,94.86
O02676,2025-12-27,C032,Customer 32,Region 4,City 3,P098,Product 98,Category 8,10,335.46,3354.6,5,932.8
O02677,2025-11-05,C095,Customer 95,Region 7,City 6,P080,Product 80,Category 5,1,322.73,322.73,20,20.71
O02678,2025-01-29,C225,Customer 225,Region 7,City 16,P062,Product 62,Category 2,6,167.7,1006.2,20,240.6
O02679,2025-02-26,C229,Customer 229,Region 2,City 20,P093,Product 93,Category 3,9,53.85,484.65,0,66.67
O02680,2025-04-11,C219,Customer 219,Region 1,City 10,P056,Product 56,Category 11,5,261.99,1309.95,20,352.02
O02681,2025-12-25,C166,Customer 166,Region 5,City 17,P053,Product 53,Category 8,6,434.3,2605.8,5,577.52
O02682,2025-07-28,C272,Customer 272,Region 5,City 3,P006,Product 6,Category 6,10,65.37,653.7,15,72.2
O02683,2025-06-23,C124,Customer 124,Region 5,City 5,P072,Product 72,Category 12,5,27.53,137.65,5,14.34
O02684,2025-02-15,C207,Customer 207,Region 2,City 28,P070,Product 70,Category 10,8,231.01,1848.08,15,484.63
O02685,2025-09-18,C265,Customer 265,Region 8,City 26,P027,Product 27,Category 12,8,273.37,2186.96,20,391.73
O02686,2025-08-31,C073,Customer 73,Region 7,City 14,P067,Product 67,Category 7,1,245.24,245.24,20,21.47
O02687,2025-04-10,C215,Customer 215,Region 9,City 6,P072,Product 72,Category 12,4,27.53,110.12,0,29.8
O02688,2025-02-11,C032,Customer 32,Region 4,City 3,P019,Product 19,Category 4,1,20.62,20.62,20,1.84
O02689,2025-12-12,C290,Customer 290,Region 2,City 21,P039,Product 39,Category 9,8,489.97,3919.76,15,537.3
O02690,2025-06-02,C289,Customer 289,Region 6,City 20,P092,Product 92,Category 2,8,134.34,1074.72,15,188.94
O02691,2025-06-12,C101,Customer 101,Region 7,City 12,P046,Product 46,Category 1,8,42.09,336.72,0,26.17
O02692,2025-05-31,C091,Customer 91,Region 8,City 2,P071,Product 71,Category 11,1,289.19,289.19,15,38.69
O02693,2025-11-28,C046,Customer 46,Region 4,City 17,P086,Product 86,Category 11,6,371.95,2231.7,10,368.08
O02694,2025-08-24,C195,Customer 195,Region 1,City 16,P089,Product 89,Category 14,1,220.92,220.92,15,57.23
O02695,2025-05-06,C237,Customer 237,Region 1,City 28,P074,Product 74,Category 14,8,291.07,2328.56,20,529.57
O02696,2025-05-25,C196,Customer 196,Region 6,City 17,P050,Product 50,Category 5,1,464.52,464.52,20,110.46
O02697,2025-04-27,C010,Customer 10,Region 6,City 11,P026,Product 26,Category 11,9,474.87,4273.83,15,669.07
O02698,2025-08-31,C018,Customer 18,Region 9,City 19,P073,Product 73,Category 13,5,98.73,493.65,20,58.09
O02699,2025-07-02,C279,Customer 279,Region 9,City 10,P032,Product 32,Category 2,6,246.16,1476.96,10,390.36
O02700,2025-05-19,C254,Customer 254,Region 7,City 15,P083,Product 83,Category 8,10,465.48,4654.8,20,1192.08
O02701,2025-11-16,C239,Customer 239,Region 2,City 30,P052,Product 52,Category 7,3,409.71,1229.13,20,195.23
O02702,2025-06-01,C241,Customer 241,Region 6,City 2,P083,Product 83,Category 8,8,465.48,3723.84,5,1098.67
O02703,2025-06-23,C112,Customer 112,Region 10,City 23,P035,Product 35,Category 5,10,149.03,1490.3,15,139.7
O02704,2025-06-17,C096,Customer 96,Region 4,City 7,P095,Product 95,Category 5,3,177.16,531.48,15,27.78
O02705,2025-02-15,C090,Customer 90,Region 4,City 1,P029,Product 29,Category 14,1,260.21,260.21,10,77.6
O02706,2025-11-18,C114,Customer 114,Region 5,City 25,P099,Product 99,Category 9,4,154.71,618.84,20,175.7
O02707,2025-03-18,C080,Customer 80,Region 8,City 21,P071,Product 71,Category 11,3,289.19,867.57,15,232.98
O02708,2025-08-06,C102,Customer 102,Region 7,City 13,P038,Product 38,Category 8,3,30.8,92.4,0,7.21
O02709,2025-12-17,C015,Customer 15,Region 6,City 16,P064,Product 64,Category 4,2,445.94,891.88,10,265.22
O02710,2025-03-03,C246,Customer 246,Region 10,City 7,P007,Product 7,Category 7,4,451.77,1807.08,20,175.54
O02711,2025-03-09,C074,Customer 74,Region 7,City 15,P087,Product 87,Category 12,8,230.44,1843.52,10,552.44
O02712,2025-11-20,C220,Customer 220,Region 9,City 11,P025,Product 25,Category 10,10,34.77,347.7,20,51.84
O02713,2025-10-14,C210,Customer 210,Region 7,City 1,P075,Product 75,Category 15,10,418.32,4183.2,20,769.25
O02714,2025-05-06,C232,Customer 232,Region 2,City 23,P019,Product 19,Category 4,2,20.62,41.24,20,11.97
O02715,2025-02-12,C180,Customer 180,Region 3,City 1,P052,Product 52,Category 7,2,409.71,819.42,10,85.64
O02716,2025-04-21,C160,Customer 160,Region 7,City 11,P080,Product 80,Category 5,1,322.73,322.73,20,65.47
O02717,2025-07-03,C015,Customer 15,Region 6,City 16,P013,Product 13,Category 13,3,47.04,141.12,0,32.8
O02718,2025-05-02,C130,Customer 130,Region 3,City 11,P045,Product 45,Category 15,5,189.29,946.45,20,218.49
O02719,2025-04-02,C293,Customer 293,Region 3,City 24,P002,Product 2,Category 2,9,181.44,1632.96,15,386.42
O02720,2025-02-18,C182,Customer 182,Region 5,City 3,P066,Product 66,Category 6,3,79.06,237.18,5,63.42
O02721,2025-01-18,C221,Customer 221,Region 1,City 12,P030,Product 30,Category 15,4,225.39,901.56,20,167.42
O02722,2025-12-28,C287,Customer 287,Region 1,City 18,P023,Product 23,Category 8,3,444.27,1332.81,10,355.77
O02723,2025-12-02,C169,Customer 169,Region 1,City 20,P048,Product 48,Category 3,6,392.2,2353.2,15,577.16
O02724,2025-08-19,C141,Customer 141,Region 2,City 22,P095,Product 95,Category 5,6,177.16,1062.96,20,100.24
O02725,2025-06-22,C261,Customer 261,Region 5,City 22,P022,Product 22,Category 7,10,474.2,4742.0,5,1340.41
O02726,2025-08-07,C274,Customer 274,Region 1,City 5,P063,Product 63,Category 3,3,307.88,923.64,0,67.52
O02727,2025-10-26,C016,Customer 16,Region 1,City 17,P032,Product 32,Category 2,8,246.16,1969.28,20,327.02
O02728,2025-02-14,C177,Customer 177,Region 8,City 28,P071,Product 71,Category 11,3,289.19,867.57,0,62.98
O02729,2025-02-14,C039,Customer 39,Region 6,City 10,P002,Product 2,Category 2,10,181.44,1814.4,5,404.98
O02730,2025-09-25,C117,Customer 117,Region 10,City 28,P071,Product 71,Category 11,4,289.19,1156.76,5,328.81
O02731,2025-03-15,C128,Customer 128,Region 2,City 9,P061,Product 61,Category 1,2,126.53,253.06,10,71.38
O02732,2025-03-17,C013,Customer 13,Region 6,City 14,P093,Product 93,Category 3,7,53.85,376.95,15,71.39
O02733,2025-09-22,C178,Customer 178,Region 3,City 29,P006,Product 6,Category 6,9,65.37,588.33,5,92.3
O02734,2025-01-08,C052,Customer 52,Region 4,City 23,P093,Product 93,Category 3,6,53.85,323.1,20,58.25
O02735,2025-12-18,C262,Customer 262,Region 3,City 23,P075,Product 75,Category 15,6,418.32,2509.92,15,365.18
O02736,2025-10-16,C222,Customer 222,Region 8,City 13,P039,Product 39,Category 9,9,489.97,4409.73,5,248.72
O02737,2025-02-10,C155,Customer 155,Region 3,City 6,P029,Product 29,Category 14,1,260.21,260.21,15,40.58
O02738,2025-08-10,C294,Customer 294,Region 9,City 25,P049,Product 49,Category 4,3,491.59,1474.77,15,256.09
O02739,2025-07-20,C042,Customer 42,Region 5,City 13,P066,Product 66,Category 6,7,79.06,553.42,0,136.58
O02740,2025-03-07,C076,Customer 76,Region 6,City 17,P049,Product 49,Category 4,4,491.59,1966.36,10,98.38
O02741,2025-04-10,C262,Customer 262,Region 3,City 23,P035,Product 35,Category 5,5,149.03,745.15,15,170.17
O02742,2025-11-11,C177,Customer 177,Region 8,City 28,P077,Product 77,Category 2,4,475.01,1900.04,5,215.2
O02743,2025-01-22,C182,Customer 182,Region 5,City 3,P064,Product 64,Category 4,2,445.94,891.88,20,239.41
O02744,2025-12-31,C008,Customer 8,Region 10,City 9,P067,Product 67,Category 7,8,245.24,1961.92,20,181.46
O02745,2025-08-28,C238,Customer 238,Region 5,City 29,P024,Product 24,Category 9,9,73.05,657.45,20,153.86
O02746,2025-10-04,C223,Customer 223,Region 3,City 14,P029,Product 29,Category 14,10,260.21,2602.1,0,589.37
O02747,2025-09-03,C230,Customer 230,Region 1,City 21,P045,Product 45,Category 15,2,189.29,378.58,5,68.46
O02748,2025-03-20,C253,Customer 253,Region 7,City 14,P024,Product 24,Category 9,9,73.05,657.45,20,111.47
O02749,2025-04-03,C076,Customer 76,Region 6,City 17,P067,Product 67,Category 7,1,245.24,245.24,20,43.46
O02750,2025-01-14,C050,Customer 50,Region 7,City 21,P066,Product 66,Category 6,1,79.06,79.06,10,9.9
O02751,2025-10-28,C216,Customer 216,Region 9,City 7,P097,Product 97,Category 7,1,226.37,226.37,15,50.76
O02752,2025-04-18,C005,Customer 5,Region 8,City 6,P024,Product 24,Category 9,8,73.05,584.4,20,53.88
O02753,2025-02-25,C140,Customer 140,Region 2,City 21,P001,Product 1,Category 1,5,254.75,1273.75,0,141.23
O02754,2025-12-02,C012,Customer 12,Region 1,City 13,P061,Product 61,Category 1,4,126.53,506.12,0,137.98
O02755,2025-08-14,C105,Customer 105,Region 7,City 16,P027,Product 27,Category 12,7,273.37,1913.59,20,540.97
O02756,2025-06-16,C240,Customer 240,Region 5,City 1,P018,Product 18,Category 3,5,218.78,1093.9,5,308.78
O02757,2025-05-29,C201,Customer 201,Region 4,City 22,P036,Product 36,Category 6,5,93.48,467.4,10,119.69
O02758,2025-01-07,C130,Customer 130,Region 3,City 11,P035,Product 35,Category 5,4,149.03,596.12,20,44.74
O02759,2025-02-01,C041,Customer 41,Region 4,City 12,P054,Product 54,Category 9,3,12.91,38.73,0,4.67
O02760,2025-02-06,C015,Customer 15,Region 6,City 16,P098,Product 98,Category 8,8,335.46,2683.68,0,688.24
O02761,2025-12-11,C250,Customer 250,Region 5,City 11,P023,Product 23,Category 8,3,444.27,1332.81,20,119.61
O02762,2025-06-30,C040,Customer 40,Region 3,City 11,P011,Product 11,Category 11,4,48.35,193.4,0,36.91
O02763,2025-10-20,C258,Customer 258,Region 5,City 19,P035,Product 35,Category 5,9,149.03,1341.27,15,80.56
O02764,2025-07-05,C244,Customer 244,Region 3,City 5,P010,Product 10,Category 10,1,293.01,293.01,10,71.57
O02765,2025-01-18,C033,Customer 33,Region 1,City 4,P055,Product 55,Category 10,6,215.67,1294.02,15,104.37
O02766,2025-06-28,C288,Customer 288,Region 8,City 19,P009,Product 9,Category 9,10,154.35,1543.5,15,385.56
O02767,2025-09-12,C161,Customer 161,Region 10,City 12,P030,Product 30,Category 15,8,225.39,1803.12,0,419.47
O02768,2025-09-11,C267,Customer 267,Region 5,City 28,P067,Product 67,Category 7,2,245.24,490.48,20,37.11
O02769,2025-11-24,C288,Customer 288,Region 8,City 19,P015,Product 15,Category 15,7,366.97,2568.79,5,471.45
O02770,2025-01-11,C034,Customer 34,Region 2,City 5,P021,Product 21,Category 6,1,126.09,126.09,10,12.05
O02771,2025-12-08,C055,Customer 55,Region 4,City 26,P083,Product 83,Category 8,8,465.48,3723.84,15,431.56
O02772,2025-09-27,C014,Customer 14,Region 7,City 15,P032,Product 32,Category 2,5,246.16,1230.8,15,354.32
O02773,2025-04-12,C266,Customer 266,Region 10,City 27,P090,Product 90,Category 15,3,299.19,897.57,5,241.84
O02774,2025-08-08,C069,Customer 69,Region 4,City 10,P013,Product 13,Category 13,6,47.04,282.24,0,71.42
O02775,2025-01-05,C230,Customer 230,Region 1,City 21,P010,Product 10,Category 10,2,293.01,586.02,10,91.66
O02776,2025-08-21,C164,Customer 164,Region 3,City 15,P095,Product 95,Category 5,10,177.16,1771.6,10,167.7
O02777,2025-06-04,C036,Customer 36,Region 9,City 7,P075,Product 75,Category 15,8,418.32,3346.56,10,182.04
O02778,2025-11-24,C212,Customer 212,Region 5,City 3,P047,Product 47,Category 2,2,198.11,396.22,15,114.39
O02779,2025-09-29,C117,Customer 117,Region 10,City 28,P008,Product 8,Category 8,6,252.32,1513.92,5,295.56
O02780,2025-05-21,C245,Customer 245,Region 3,City 6,P021,Product 21,Category 6,1,126.09,126.09,10,21.66
O02781,2025-05-13,C131,Customer 131,Region 7,City 12,P004,Product 4,Category 4,2,446.21,892.42,15,208.77
O02782,2025-01-21,C051,Customer 51,Region 10,City 22,P040,Product 40,Category 10,4,456.29,1825.16,20,204.76
O02783,2025-03-15,C198,Customer 198,Region 4,City 19,P005,Product 5,Category 5,7,86.73,607.11,5,49.48
O02784,2025-05-16,C057,Customer 57,Region 7,City 28,P045,Product 45,Category 15,9,189.29,1703.61,5,257.23
O02785,2025-09-20,C089,Customer 89,Region 3,City 30,P068,Product 68,Category 8,2,366.31,732.62,5,166.49
O02786,2025-04-01,C256,Customer 256,Region 10,City 17,P086,Product 86,Category 11,5,371.95,1859.75,10,419.32
O02787,2025-10-19,C103,Customer 103,Region 3,City 14,P018,Product 18,Category 3,1,218.78,218.78,15,59.03
O02788,2025-08-27,C147,Customer 147,Region 7,City 28,P026,Product 26,Category 11,3,474.87,1424.61,20,255.91
O02789,2025-01-06,C072,Customer 72,Region 9,City 13,P050,Product 50,Category 5,3,464.52,1393.56,20,222.45
O02790,2025-04-22,C095,Customer 95,Region 7,City 6,P019,Product 19,Category 4,5,20.62,103.1,20,6.66
O02791,2025-03-31,C114,Customer 114,Region 5,City 25,P093,Product 93,Category 3,9,53.85,484.65,10,113.58
O02792,2025-03-24,C196,Customer 196,Region 6,City 17,P034,Product 34,Category 4,2,389.34,778.68,0,67.92
O02793,2025-01-08,C019,Customer 19,Region 1,City 20,P092,Product 92,Category 2,1,134.34,134.34,20,33.48
O02794,2025-08-17,C232,Customer 232,Region 2,City 23,P051,Product 51,Category 6,9,16.21,145.89,5,7.51
O02795,2025-01-29,C276,Customer 276,Region 2,City 7,P088,Product 88,Category 13,9,289.01,2601.09,15,329.28
O02796,2025-07-18,C170,Customer 170,Region 4,City 21,P023,Product 23,Category 8,4,444.27,1777.08,20,106.97
O02797,2025-03-16,C292,Customer 292,Region 7,City 23,P067,Product 67,Category 7,8,245.24,1961.92,5,254.79
O02798,2025-05-08,C030,Customer 30,Region 1,City 1,P077,Product 77,Category 2,8,475.01,3800.08,5,418.98
O02799,2025-01-15,C217,Customer 217,Region 4,City 8,P038,Product 38,Category 8,2,30.8,61.6,5,6.0
O02800,2025-10-20,C083,Customer 83,Region 1,City 24,P089,Product 89,Category 14,4,220.92,883.68,0,46.75
O02801,2025-01-21,C113,Customer 113,Region 8,City 24,P076,Product 76,Category 1,2,21.06,42.12,20,6.82
O02802,2025-04-17,C103,Customer 103,Region 3,City 14,P098,Product 98,Category 8,9,335.46,3019.14,20,485.31
O02803,2025-03-24,C296,Customer 296,Region 2,City 27,P020,Product 20,Category 5,1,261.28,261.28,5,56.46
O02804,2025-09-01,C178,Customer 178,Region 3,City 29,P056,Product 56,Category 11,10,261.99,2619.9,20,142.41
O02805,2025-05-18,C076,Customer 76,Region 6,City 17,P041,Product 41,Category 11,9,267.12,2404.08,20,566.08
O02806,2025-09-30,C024,Customer 24,Region 2,City 25,P065,Product 65,Category 5,3,194.4,583.2,20,140.05
O02807,2025-12-19,C189,Customer 189,Region 9,City 10,P100,Product 100,Category 10,1,118.57,118.57,10,20.39
O02808,2025-02-06,C134,Customer 134,Region 2,City 15,P045,Product 45,Category 15,6,189.29,1135.74,5,106.29
O02809,2025-01-13,C004,Customer 4,Region 6,City 5,P065,Product 65,Category 5,7,194.4,1360.8,5,361.09
O02810,2025-03-14,C274,Customer 274,Region 1,City 5,P098,Product 98,Category 8,6,335.46,2012.76,15,340.83
O02811,2025-05-09,C063,Customer 63,Region 9,City 4,P079,Product 79,Category 4,5,47.04,235.2,10,69.26
O02812,2025-07-03,C279,Customer 279,Region 9,City 10,P034,Product 34,Category 4,9,389.34,3504.06,20,459.93
O02813,2025-06-18,C247,Customer 247,Region 6,City 8,P011,Product 11,Category 11,10,48.35,483.5,20,80.07
O02814,2025-07-05,C292,Customer 292,Region 7,City 23,P027,Product 27,Category 12,4,273.37,1093.48,15,230.17
O02815,2025-02-25,C276,Customer 276,Region 2,City 7,P048,Product 48,Category 3,1,392.2,392.2,20,48.43
O02816,2025-08-02,C038,Customer 38,Region 4,City 9,P014,Product 14,Category 14,4,159.28,637.12,15,106.14
O02817,2025-06-22,C048,Customer 48,Region 10,City 19,P087,Product 87,Category 12,7,230.44,1613.08,0,157.2
O02818,2025-05-04,C194,Customer 194,Region 1,City 15,P085,Product 85,Category 10,5,456.11,2280.55,0,170.63
O02819,2025-02-18,C242,Customer 242,Region 7,City 3,P067,Product 67,Category 7,8,245.24,1961.92,5,549.35
O02820,2025-09-24,C047,Customer 47,Region 2,City 18,P091,Product 91,Category 1,2,338.65,677.3,0,136.8
O02821,2025-08-31,C299,Customer 299,Region 8,City 30,P081,Product 81,Category 6,6,112.74,676.44,20,81.1
O02822,2025-07-22,C092,Customer 92,Region 2,City 3,P015,Product 15,Category 15,1,366.97,366.97,20,26.22
O02823,2025-04-19,C264,Customer 264,Region 2,City 25,P004,Product 4,Category 4,8,446.21,3569.68,5,975.49
O02824,2025-11-20,C012,Customer 12,Region 1,City 13,P098,Product 98,Category 8,3,335.46,1006.38,5,236.21
O02825,2025-08-16,C087,Customer 87,Region 7,City 28,P048,Product 48,Category 3,7,392.2,2745.4,15,694.94
O02826,2025-07-22,C183,Customer 183,Region 1,City 4,P056,Product 56,Category 11,4,261.99,1047.96,15,72.52
O02827,2025-02-18,C097,Customer 97,Region 6,City 8,P076,Product 76,Category 1,8,21.06,168.48,0,42.61
O02828,2025-08-27,C099,Customer 99,Region 8,City 10,P023,Product 23,Category 8,2,444.27,888.54,15,263.69
O02829,2025-02-04,C093,Customer 93,Region 8,City 4,P074,Product 74,Category 14,10,291.07,2910.7,5,837.32
O02830,2025-05-31,C262,Customer 262,Region 3,City 23,P076,Product 76,Category 1,3,21.06,63.18,10,12.15
O02831,2025-02-21,C272,Customer 272,Region 5,City 3,P011,Product 11,Category 11,4,48.35,193.4,20,26.08
O02832,2025-01-03,C236,Customer 236,Region 10,City 27,P031,Product 31,Category 1,1,69.9,69.9,5,17.45
O02833,2025-05-26,C115,Customer 115,Region 5,City 26,P014,Product 14,Category 14,1,159.28,159.28,15,19.07
O02834,2025-09-09,C011,Customer 11,Region 6,City 12,P018,Product 18,Category 3,3,218.78,656.34,20,83.68
O02835,2025-08-24,C004,Customer 4,Region 6,City 5,P061,Product 61,Category 1,8,126.53,1012.24,5,66.13
O02836,2025-05-14,C140,Customer 140,Region 2,City 21,P055,Product 55,Category 10,9,215.67,1941.03,5,292.84
O02837,2025-11-07,C018,Customer 18,Region 9,City 19,P096,Product 96,Category 6,2,437.68,875.36,10,46.02
O02838,2025-03-14,C083,Customer 83,Region 1,City 24,P079,Product 79,Category 4,4,47.04,188.16,5,49.08
O02839,2025-05-09,C032,Customer 32,Region 4,City 3,P084,Product 84,Category 9,3,410.58,1231.74,15,354.71
O02840,2025-04-04,C156,Customer 156,Region 2,City 7,P043,Product 43,Category 13,10,374.4,3744.0,0,1064.53
O02841,2025-08-11,C256,Customer 256,Region 10,City 17,P084,Product 84,Category 9,7,410.58,2874.06,15,643.58
O02842,2025-06-29,C264,Customer 264,Region 2,City 25,P029,Product 29,Category 14,10,260.21,2602.1,10,194.95
O02843,2025-03-17,C216,Customer 216,Region 9,City 7,P008,Product 8,Category 8,3,252.32,756.96,15,93.83
O02844,2025-09-29,C246,Customer 246,Region 10,City 7,P088,Product 88,Category 13,3,289.01,867.03,0,120.54
O02845,2025-04-18,C238,Customer 238,Region 5,City 29,P060,Product 60,Category 15,9,197.8,1780.2,10,129.09
O02846,2025-03-27,C046,Customer 46,Region 4,City 17,P098,Product 98,Category 8,7,335.46,2348.22,0,491.29
O02847,2025-01-04,C230,Customer 230,Region 1,City 21,P074,Product 74,Category 14,6,291.07,1746.42,10,122.2
O02848,2025-05-02,C100,Customer 100,Region 1,City 11,P006,Product 6,Category 6,5,65.37,326.85,5,84.17
O02849,2025-01-17,C177,Customer 177,Region 8,City 28,P029,Product 29,Category 14,4,260.21,1040.84,5,308.07
O02850,2025-01-08,C044,Customer 44,Region 2,City 15,P056,Product 56,Category 11,10,261.99,2619.9,0,415.0
O02851,2025-11-08,C022,Customer 22,Region 2,City 23,P093,Product 93,Category 3,3,53.85,161.55,15,44.93
O02852,2025-05-18,C103,Customer 103,Region 3,City 14,P065,Product 65,Category 5,6,194.4,1166.4,10,298.62
O02853,2025-05-14,C187,Customer 187,Region 3,City 8,P054,Product 54,Category 9,10,12.91,129.1,0,12.86
O02854,2025-10-15,C193,Customer 193,Region 4,City 14,P024,Product 24,Category 9,4,73.05,292.2,15,47.24
O02855,2025-09-11,C061,Customer 61,Region 1,City 2,P020,Product 20,Category 5,8,261.28,2090.24,10,194.35
O02856,2025-11-24,C238,Customer 238,Region 5,City 29,P022,Product 22,Category 7,8,474.2,3793.6,10,315.29
O02857,2025-02-21,C287,Customer 287,Region 1,City 18,P018,Product 18,Category 3,4,218.78,875.12,5,124.78
O02858,2025-09-12,C057,Customer 57,Region 7,City 28,P025,Product 25,Category 10,4,34.77,139.08,0,14.9
O02859,2025-03-16,C241,Customer 241,Region 6,City 2,P069,Product 69,Category 9,6,386.3,2317.8,0,258.67
O02860,2025-05-15,C124,Customer 124,Region 5,City 5,P006,Product 6,Category 6,1,65.37,65.37,15,19.47
O02861,2025-08-10,C126,Customer 126,Region 7,City 7,P090,Product 90,Category 15,8,299.19,2393.52,15,373.66
O02862,2025-04-05,C241,Customer 241,Region 6,City 2,P099,Product 99,Category 9,4,154.71,618.84,5,45.85
O02863,2025-04-08,C048,Customer 48,Region 10,City 19,P047,Product 47,Category 2,9,198.11,1782.99,15,205.98
O02864,2025-10-11,C276,Customer 276,Region 2,City 7,P064,Product 64,Category 4,1,445.94,445.94,5,34.99
O02865,2025-05-08,C061,Customer 61,Region 1,City 2,P010,Product 10,Category 10,10,293.01,2930.1,10,549.78
O02866,2025-07-18,C026,Customer 26,Region 7,City 27,P066,Product 66,Category 6,10,79.06,790.6,15,221.32
O02867,2025-08-09,C145,Customer 145,Region 10,City 26,P094,Product 94,Category 4,9,65.36,588.24,0,118.37
O02868,2025-11-18,C151,Customer 151,Region 10,City 2,P084,Product 84,Category 9,7,410.58,2874.06,0,372.6
O02869,2025-05-30,C295,Customer 295,Region 2,City 26,P021,Product 21,Category 6,2,126.09,252.18,15,27.69
O02870,2025-09-07,C059,Customer 59,Region 10,City 30,P020,Product 20,Category 5,2,261.28,522.56,5,109.39
O02871,2025-02-12,C164,Customer 164,Region 3,City 15,P084,Product 84,Category 9,6,410.58,2463.48,15,267.96
O02872,2025-12-29,C252,Customer 252,Region 6,City 13,P028,Product 28,Category 13,7,186.78,1307.46,20,110.73
O02873,2025-05-19,C091,Customer 91,Region 8,City 2,P017,Product 17,Category 2,10,373.36,3733.6,20,754.84
O02874,2025-11-27,C255,Customer 255,Region 9,City 16,P056,Product 56,Category 11,1,261.99,261.99,15,70.25
O02875,2025-03-21,C101,Customer 101,Region 7,City 12,P056,Product 56,Category 11,7,261.99,1833.93,20,153.71
O02876,2025-03-05,C091,Customer 91,Region 8,City 2,P009,Product 9,Category 9,5,154.35,771.75,15,156.24
O02877,2025-04-18,C228,Customer 228,Region 7,City 19,P055,Product 55,Category 10,10,215.67,2156.7,10,349.48
O02878,2025-09-04,C137,Customer 137,Region 10,City 18,P084,Product 84,Category 9,4,410.58,1642.32,5,489.87
O02879,2025-08-23,C261,Customer 261,Region 5,City 22,P040,Product 40,Category 10,5,456.29,2281.45,10,536.7
O02880,2025-02-18,C172,Customer 172,Region 1,City 23,P044,Product 44,Category 14,6,37.1,222.6,20,11.77
O02881,2025-11-19,C204,Customer 204,Region 3,City 25,P068,Product 68,Category 8,6,366.31,2197.86,10,485.21
O02882,2025-02-11,C046,Customer 46,Region 4,City 17,P082,Product 82,Category 7,4,387.7,1550.8,15,419.27
O02883,2025-10-11,C226,Customer 226,Region 4,City 17,P003,Product 3,Category 3,9,436.22,3925.98,20,1120.24
O02884,2025-09-30,C281,Customer 281,Region 8,City 12,P053,Product 53,Category 8,6,434.3,2605.8,10,584.13
O02885,2025-04-13,C257,Customer 257,Region 6,City 18,P055,Product 55,Category 10,10,215.67,2156.7,5,526.29
O02886,2025-05-19,C021,Customer 21,Region 5,City 22,P075,Product 75,Category 15,1,418.32,418.32,0,70.09
O02887,2025-08-04,C177,Customer 177,Region 8,City 28,P028,Product 28,Category 13,6,186.78,1120.68,0,114.58
O02888,2025-08-10,C147,Customer 147,Region 7,City 28,P019,Product 19,Category 4,9,20.62,185.58,0,26.51
O02889,2025-07-27,C090,Customer 90,Region 4,City 1,P071,Product 71,Category 11,1,289.19,289.19,0,28.72
O02890,2025-10-12,C264,Customer 264,Region 2,City 25,P058,Product 58,Category 13,5,201.63,1008.15,10,153.4
O02891,2025-05-20,C237,Customer 237,Region 1,City 28,P013,Product 13,Category 13,3,47.04,141.12,5,37.55
O02892,2025-06-18,C027,Customer 27,Region 5,City 28,P027,Product 27,Category 12,1,273.37,273.37,10,40.67
O02893,2025-10-29,C121,Customer 121,Region 7,City 2,P055,Product 55,Category 10,7,215.67,1509.69,0,127.19
O02894,2025-07-08,C210,Customer 210,Region 7,City 1,P005,Product 5,Category 5,8,86.73,693.84,0,135.25
O02895,2025-06-07,C106,Customer 106,Region 2,City 17,P067,Product 67,Category 7,7,245.24,1716.68,5,435.44
O02896,2025-05-25,C119,Customer 119,Region 1,City 30,P047,Product 47,Category 2,4,198.11,792.44,5,123.39
O02897,2025-06-30,C149,Customer 149,Region 9,City 30,P018,Product 18,Category 3,9,218.78,1969.02,10,146.96
O02898,2025-10-30,C153,Customer 153,Region 1,City 4,P001,Product 1,Category 1,2,254.75,509.5,15,141.04
O02899,2025-12-23,C250,Customer 250,Region 5,City 11,P074,Product 74,Category 14,10,291.07,2910.7,15,512.45
O02900,2025-09-22,C097,Customer 97,Region 6,City 8,P046,Product 46,Category 1,8,42.09,336.72,10,91.37
O02901,2025-11-20,C044,Customer 44,Region 2,City 15,P081,Product 81,Category 6,3,112.74,338.22,15,46.66
O02902,2025-06-17,C084,Customer 84,Region 9,City 25,P030,Product 30,Category 15,7,225.39,1577.73,20,296.59
O02903,2025-10-11,C242,Customer 242,Region 7,City 3,P085,Product 85,Category 10,2,456.11,912.22,20,160.55
O02904,2025-11-17,C280,Customer 280,Region 4,City 11,P052,Product 52,Category 7,1,409.71,409.71,5,69.58
O02905,2025-12-21,C288,Customer 288,Region 8,City 19,P075,Product 75,Category 15,7,418.32,2928.24,10,667.43
O02906,2025-05-19,C025,Customer 25,Region 6,City 26,P039,Product 39,Category 9,6,489.97,2939.82,20,874.04
O02907,2025-09-27,C139,Customer 139,Region 8,City 20,P027,Product 27,Category 12,6,273.37,1640.22,10,122.81
O02908,2025-03-06,C257,Customer 257,Region 6,City 18,P011,Product 11,Category 11,6,48.35,290.1,20,50.22
O02909,2025-08-10,C048,Customer 48,Region 10,City 19,P035,Product 35,Category 5,1,149.03,149.03,0,37.23
O02910,2025-10-28,C070,Customer 70,Region 2,City 11,P008,Product 8,Category 8,10,252.32,2523.2,0,292.15
O02911,2025-05-02,C227,Customer 227,Region 9,City 18,P049,Product 49,Category 4,5,491.59,2457.95,20,359.3
O02912,2025-12-18,C157,Customer 157,Region 2,City 8,P001,Product 1,Category 1,2,254.75,509.5,0,69.62
O02913,2025-06-08,C296,Customer 296,Region 2,City 27,P011,Product 11,Category 11,8,48.35,386.8,0,99.71
O02914,2025-05-31,C194,Customer 194,Region 1,City 15,P047,Product 47,Category 2,10,198.11,1981.1,10,115.25
O02915,2025-03-30,C203,Customer 203,Region 9,City 24,P012,Product 12,Category 12,2,453.15,906.3,5,204.89
O02916,2025-11-19,C236,Customer 236,Region 10,City 27,P065,Product 65,Category 5,6,194.4,1166.4,5,242.03
O02917,2025-11-26,C225,Customer 225,Region 7,City 16,P041,Product 41,Category 11,9,267.12,2404.08,10,152.15
O02918,2025-11-15,C155,Customer 155,Region 3,City 6,P002,Product 2,Category 2,3,181.44,544.32,5,91.74
O02919,2025-04-21,C133,Customer 133,Region 4,City 14,P071,Product 71,Category 11,8,289.19,2313.52,5,345.54
O02920,2025-05-18,C160,Customer 160,Region 7,City 11,P077,Product 77,Category 2,3,475.01,1425.03,15,72.32
O02921,2025-12-05,C106,Customer 106,Region 2,City 17,P030,Product 30,Category 15,6,225.39,1352.34,15,154.85
O02922,2025-08-14,C251,Customer 251,Region 1,City 12,P039,Product 39,Category 9,2,489.97,979.94,0,174.16
O02923,2025-02-11,C220,Customer 220,Region 9,City 11,P092,Product 92,Category 2,5,134.34,671.7,10,168.78
O02924,2025-12-28,C228,Customer 228,Region 7,City 19,P024,Product 24,Category 9,10,73.05,730.5,5,124.23
O02925,2025-09-17,C168,Customer 168,Region 7,City 19,P019,Product 19,Category 4,4,20.62,82.48,15,15.61
O02926,2025-11-18,C111,Customer 111,Region 7,City 22,P063,Product 63,Category 3,6,307.88,1847.28,0,400.94
O02927,2025-12-07,C274,Customer 274,Region 1,City 5,P054,Product 54,Category 9,1,12.91,12.91,15,1.94
O02928,2025-10-03,C088,Customer 88,Region 5,City 29,P057,Product 57,Category 12,2,310.13,620.26,20,136.79
O02929,2025-11-24,C163,Customer 163,Region 5,City 14,P006,Product 6,Category 6,2,65.37,130.74,15,17.36
O02930,2025-11-17,C184,Customer 184,Region 1,City 5,P009,Product 9,Category 9,2,154.35,308.7,15,67.75
O02931,2025-02-01,C274,Customer 274,Region 1,City 5,P018,Product 18,Category 3,6,218.78,1312.68,20,378.2
O02932,2025-01-20,C013,Customer 13,Region 6,City 14,P016,Product 16,Category 1,6,29.92,179.52,15,25.33
O02933,2025-11-05,C093,Customer 93,Region 8,City 4,P066,Product 66,Category 6,1,79.06,79.06,0,13.15
O02934,2025-10-04,C020,Customer 20,Region 4,City 21,P075,Product 75,Category 15,3,418.32,1254.96,20,200.22
O02935,2025-09-06,C135,Customer 135,Region 2,City 16,P080,Product 80,Category 5,1,322.73,322.73,5,19.67
O02936,2025-07-22,C104,Customer 104,Region 4,City 15,P096,Product 96,Category 6,8,437.68,3501.44,0,661.27
O02937,2025-10-28,C111,Customer 111,Region 7,City 22,P004,Product 4,Category 4,9,446.21,4015.89,15,468.82
O02938,2025-08-01,C263,Customer 263,Region 2,City 24,P098,Product 98,Category 8,2,335.46,670.92,0,122.91
O02939,2025-05-24,C165,Customer 165,Region 9,City 16,P061,Product 61,Category 1,9,126.53,1138.77,5,281.31
O02940,2025-02-02,C062,Customer 62,Region 8,City 3,P089,Product 89,Category 14,8,220.92,1767.36,10,164.07
O02941,2025-09-14,C019,Customer 19,Region 1,City 20,P072,Product 72,Category 12,3,27.53,82.59,5,5.17
O02942,2025-01-10,C147,Customer 147,Region 7,City 28,P061,Product 61,Category 1,6,126.53,759.18,0,180.1
O02943,2025-01-01,C085,Customer 85,Region 3,City 26,P009,Product 9,Category 9,10,154.35,1543.5,15,439.7
O02944,2025-02-10,C226,Customer 226,Region 4,City 17,P062,Product 62,Category 2,4,167.7,670.8,5,179.55
O02945,2025-03-07,C065,Customer 65,Region 3,City 6,P072,Product 72,Category 12,3,27.53,82.59,20,16.9
O02946,2025-09-09,C019,Customer 19,Region 1,City 20,P017,Product 17,Category 2,4,373.36,1493.44,5,220.52
O02947,2025-10-19,C291,Customer 291,Region 4,City 22,P042,Product 42,Category 12,3,416.99,1250.97,20,104.85
O02948,2025-02-13,C021,Customer 21,Region 5,City 22,P085,Product 85,Category 10,3,456.11,1368.33,0,269.5
O02949,2025-03-23,C039,Customer 39,Region 6,City 10,P031,Product 31,Category 1,8,69.9,559.2,15,121.43
O02950,2025-07-02,C090,Customer 90,Region 4,City 1,P011,Product 11,Category 11,9,48.35,435.15,20,90.14
O02951,2025-07-02,C204,Customer 204,Region 3,City 25,P053,Product 53,Category 8,6,434.3,2605.8,15,634.93
O02952,2025-08-28,C175,Customer 175,Region 4,City 26,P090,Product 90,Category 15,5,299.19,1495.95,15,315.14
O02953,2025-12-16,C220,Customer 220,Region 9,City 11,P075,Product 75,Category 15,6,418.32,2509.92,15,617.98
O02954,2025-09-10,C121,Customer 121,Region 7,City 2,P091,Product 91,Category 1,9,338.65,3047.85,10,618.12
O02955,2025-02-24,C250,Customer 250,Region 5,City 11,P094,Product 94,Category 4,10,65.36,653.6,15,62.71
O02956,2025-08-10,C108,Customer 108,Region 7,City 19,P094,Product 94,Category 4,10,65.36,653.6,10,144.56
O02957,2025-09-22,C073,Customer 73,Region 7,City 14,P034,Product 34,Category 4,8,389.34,3114.72,0,504.47
O02958,2025-12-29,C194,Customer 194,Region 1,City 15,P009,Product 9,Category 9,9,154.35,1389.15,20,249.26
O02959,2025-01-07,C247,Customer 247,Region 6,City 8,P032,Product 32,Category 2,2,246.16,492.32,0,111.09
O02960,2025-12-17,C077,Customer 77,Region 8,City 18,P086,Product 86,Category 11,7,371.95,2603.65,10,737.49
O02961,2025-11-22,C176,Customer 176,Region 3,City 27,P061,Product 61,Category 1,10,126.53,1265.3,20,186.64
O02962,2025-07-07,C294,Customer 294,Region 9,City 25,P015,Product 15,Category 15,3,366.97,1100.91,0,226.96
O02963,2025-01-13,C177,Customer 177,Region 8,City 28,P038,Product 38,Category 8,8,30.8,246.4,20,16.8
O02964,2025-03-11,C090,Customer 90,Region 4,City 1,P030,Product 30,Category 15,8,225.39,1803.12,20,306.98
O02965,2025-11-14,C187,Customer 187,Region 3,City 8,P063,Product 63,Category 3,3,307.88,923.64,10,195.6
O02966,2025-06-25,C071,Customer 71,Region 3,City 12,P094,Product 94,Category 4,3,65.36,196.08,15,35.66
O02967,2025-04-16,C043,Customer 43,Region 9,City 14,P055,Product 55,Category 10,7,215.67,1509.69,15,438.86
O02968,2025-07-04,C241,Customer 241,Region 6,City 2,P070,Product 70,Category 10,9,231.01,2079.09,5,360.65
O02969,2025-08-18,C261,Customer 261,Region 5,City 22,P031,Product 31,Category 1,9,69.9,629.1,0,100.72
O02970,2025-04-19,C132,Customer 132,Region 2,City 13,P007,Product 7,Category 7,7,451.77,3162.39,20,354.87
O02971,2025-04-30,C098,Customer 98,Region 5,City 9,P019,Product 19,Category 4,5,20.62,103.1,15,9.53
O02972,2025-11-23,C187,Customer 187,Region 3,City 8,P063,Product 63,Category 3,3,307.88,923.64,0,253.97
O02973,2025-11-17,C020,Customer 20,Region 4,City 21,P085,Product 85,Category 10,8,456.11,3648.88,0,962.75
O02974,2025-08-06,C127,Customer 127,Region 7,City 8,P007,Product 7,Category 7,6,451.77,2710.62,20,234.07
O02975,2025-10-18,C232,Customer 232,Region 2,City 23,P010,Product 10,Category 10,3,293.01,879.03,0,162.24
O02976,2025-03-13,C247,Customer 247,Region 6,City 8,P073,Product 73,Category 13,2,98.73,197.46,15,55.28
O02977,2025-05-20,C158,Customer 158,Region 9,City 9,P094,Product 94,Category 4,4,65.36,261.44,10,71.8
O02978,2025-07-26,C274,Customer 274,Region 1,City 5,P089,Product 89,Category 14,9,220.92,1988.28,10,200.56
O02979,2025-07-28,C268,Customer 268,Region 8,City 29,P078,Product 78,Category 3,8,382.56,3060.48,10,668.14
O02980,2025-07-08,C106,Customer 106,Region 2,City 17,P057,Product 57,Category 12,2,310.13,620.26,10,184.95
O02981,2025-08-14,C094,Customer 94,Region 10,City 5,P084,Product 84,Category 9,6,410.58,2463.48,5,466.45
O02982,2025-11-26,C215,Customer 215,Region 9,City 6,P006,Product 6,Category 6,1,65.37,65.37,0,4.96
O02983,2025-01-28,C291,Customer 291,Region 4,City 22,P035,Product 35,Category 5,10,149.03,1490.3,15,327.24
O02984,2025-04-04,C090,Customer 90,Region 4,City 1,P003,Product 3,Category 3,5,436.22,2181.1,15,449.76
O02985,2025-12-01,C245,Customer 245,Region 3,City 6,P034,Product 34,Category 4,3,389.34,1168.02,10,154.71
O02986,2025-03-13,C216,Customer 216,Region 9,City 7,P050,Product 50,Category 5,10,464.52,4645.2,15,587.57
O02987,2025-06-09,C092,Customer 92,Region 2,City 3,P059,Product 59,Category 14,9,348.66,3137.94,15,386.26
O02988,2025-12-24,C170,Customer 170,Region 4,City 21,P084,Product 84,Category 9,4,410.58,1642.32,15,300.99
O02989,2025-06-21,C093,Customer 93,Region 8,City 4,P051,Product 51,Category 6,9,16.21,145.89,10,41.16
O02990,2025-02-02,C197,Customer 197,Region 10,City 18,P057,Product 57,Category 12,6,310.13,1860.78,5,288.91
O02991,2025-02-11,C137,Customer 137,Region 10,City 18,P006,Product 6,Category 6,6,65.37,392.22,5,40.21
O02992,2025-11-27,C181,Customer 181,Region 4,City 2,P010,Product 10,Category 10,10,293.01,2930.1,20,755.16
O02993,2025-07-26,C097,Customer 97,Region 6,City 8,P075,Product 75,Category 15,1,418.32,418.32,0,40.55
O02994,2025-01-05,C025,Customer 25,Region 6,City 26,P057,Product 57,Category 12,2,310.13,620.26,10,115.36
O02995,2025-06-15,C205,Customer 205,Region 6,City 26,P023,Product 23,Category 8,9,444.27,3998.43,10,1072.05
O02996,2025-11-14,C003,Customer 3,Region 9,City 4,P060,Product 60,Category 15,2,197.8,395.6,5,109.81
O02997,2025-06-28,C025,Customer 25,Region 6,City 26,P046,Product 46,Category 1,10,42.09,420.9,20,123.81
O02998,2025-05-24,C152,Customer 152,Region 4,City 3,P074,Product 74,Category 14,8,291.07,2328.56,20,385.84
O02999,2025-04-13,C078,Customer 78,Region 8,City 19,P092,Product 92,Category 2,1,134.34,134.34,15,27.96
O03000,2025-11-23,C092,Customer 92,Region 2,City 3,P042,Product 42,Category 12,6,416.99,2501.94,15,504.67
O03001,2025-05-05,C186,Customer 186,Region 8,City 7,P019,Product 19,Category 4,7,20.62,144.34,15,28.26
O03002,2025-04-14,C284,Customer 284,Region 8,City 15,P047,Product 47,Category 2,10,198.11,1981.1,5,414.98
O03003,2025-06-03,C286,Customer 286,Region 10,City 17,P079,Product 79,Category 4,1,47.04,47.04,5,6.87
O03004,2025-10-08,C245,Customer 245,Region 3,City 6,P082,Product 82,Category 7,9,387.7,3489.3,15,365.63
O03005,2025-04-04,C239,Customer 239,Region 2,City 30,P018,Product 18,Category 3,5,218.78,1093.9,20,197.86
O03006,2025-08-12,C060,Customer 60,Region 4,City 1,P050,Product 50,Category 5,10,464.52,4645.2,15,1345.84
O03007,2025-04-24,C117,Customer 117,Region 10,City 28,P093,Product 93,Category 3,3,53.85,161.55,5,44.96
O03008,2025-05-02,C077,Customer 77,Region 8,City 18,P024,Product 24,Category 9,2,73.05,146.1,10,24.38
O03009,2025-12-20,C079,Customer 79,Region 7,City 20,P047,Product 47,Category 2,8,198.11,1584.88,0,246.62
O03010,2025-02-14,C094,Customer 94,Region 10,City 5,P016,Product 16,Category 1,3,29.92,89.76,0,22.96
O03011,2025-02-21,C022,Customer 22,Region 2,City 23,P051,Product 51,Category 6,6,16.21,97.26,10,17.14
O03012,2025-10-21,C111,Customer 111,Region 7,City 22,P007,Product 7,Category 7,4,451.77,1807.08,20,326.24
O03013,2025-09-22,C181,Customer 181,Region 4,City 2,P070,Product 70,Category 10,10,231.01,2310.1,20,140.21
O03014,2025-01-11,C044,Customer 44,Region 2,City 15,P084,Product 84,Category 9,1,410.58,410.58,20,56.42
O03015,2025-02-25,C290,Customer 290,Region 2,City 21,P059,Product 59,Category 14,6,348.66,2091.96,0,105.1
O03016,2025-02-19,C257,Customer 257,Region 6,City 18,P004,Product 4,Category 4,2,446.21,892.42,20,186.32
O03017,2025-09-28,C070,Customer 70,Region 2,City 11,P056,Product 56,Category 11,1,261.99,261.99,15,75.08
O03018,2025-12-12,C165,Customer 165,Region 9,City 16,P055,Product 55,Category 10,6,215.67,1294.02,0,107.26
O03019,2025-06-27,C080,Customer 80,Region 8,City 21,P068,Product 68,Category 8,5,366.31,1831.55,10,247.35
O03020,2025-10-12,C285,Customer 285,Region 3,City 16,P097,Product 97,Category 7,7,226.37,1584.59,10,187.32
O03021,2025-08-21,C144,Customer 144,Region 4,City 25,P026,Product 26,Category 11,8,474.87,3798.96,15,672.73
O03022,2025-10-14,C041,Customer 41,Region 4,City 12,P086,Product 86,Category 11,9,371.95,3347.55,0,314.23
O03023,2025-05-17,C209,Customer 209,Region 10,City 30,P003,Product 3,Category 3,5,436.22,2181.1,5,372.52
O03024,2025-10-29,C010,Customer 10,Region 6,City 11,P041,Product 41,Category 11,6,267.12,1602.72,15,254.64
O03025,2025-06-23,C038,Customer 38,Region 4,City 9,P006,Product 6,Category 6,3,65.37,196.11,20,40.34
O03026,2025-10-21,C096,Customer 96,Region 4,City 7,P023,Product 23,Category 8,3,444.27,1332.81,10,366.68
O03027,2025-06-21,C099,Customer 99,Region 8,City 10,P023,Product 23,Category 8,3,444.27,1332.81,0,333.87
O03028,2025-09-15,C008,Customer 8,Region 10,City 9,P040,Product 40,Category 10,7,456.29,3194.03,10,379.7
O03029,2025-06-28,C277,Customer 277,Region 10,City 8,P001,Product 1,Category 1,3,254.75,764.25,10,155.53
O03030,2025-04-26,C085,Customer 85,Region 3,City 26,P059,Product 59,Category 14,8,348.66,2789.28,20,243.32
O03031,2025-05-04,C129,Customer 129,Region 10,City 10,P027,Product 27,Category 12,6,273.37,1640.22,10,325.25
O03032,2025-11-13,C113,Customer 113,Region 8,City 24,P075,Product 75,Category 15,3,418.32,1254.96,10,367.76
O03033,2025-07-09,C173,Customer 173,Region 4,City 24,P055,Product 55,Category 10,3,215.67,647.01,15,160.01
O03034,2025-06-20,C123,Customer 123,Region 5,City 4,P058,Product 58,Category 13,4,201.63,806.52,10,222.32
O03035,2025-07-21,C002,Customer 2,Region 1,City 3,P071,Product 71,Category 11,3,289.19,867.57,20,185.29
O03036,2025-03-10,C037,Customer 37,Region 7,City 8,P022,Product 22,Category 7,2,474.2,948.4,20,140.28
O03037,2025-03-24,C055,Customer 55,Region 4,City 26,P080,Product 80,Category 5,2,322.73,645.46,0,86.63
O03038,2025-08-25,C124,Customer 124,Region 5,City 5,P068,Product 68,Category 8,7,366.31,2564.17,15,370.73
O03039,2025-11-03,C228,Customer 228,Region 7,City 19,P061,Product 61,Category 1,5,126.53,632.65,5,49.53
O03040,2025-07-28,C120,Customer 120,Region 8,City 1,P088,Product 88,Category 13,1,289.01,289.01,5,82.22
O03041,2025-11-28,C297,Customer 297,Region 8,City 28,P013,Product 13,Category 13,3,47.04,141.12,0,19.08
O03042,2025-03-06,C213,Customer 213,Region 2,City 4,P085,Product 85,Category 10,3,456.11,1368.33,0,348.67
O03043,2025-01-28,C195,Customer 195,Region 1,City 16,P060,Product 60,Category 15,9,197.8,1780.2,10,392.0
O03044,2025-07-11,C175,Customer 175,Region 4,City 26,P096,Product 96,Category 6,2,437.68,875.36,10,187.14
O03045,2025-11-01,C162,Customer 162,Region 7,City 13,P046,Product 46,Category 1,8,42.09,336.72,5,99.9
O03046,2025-07-29,C058,Customer 58,Region 4,City 29,P095,Product 95,Category 5,2,177.16,354.32,0,98.24
O03047,2025-10-17,C199,Customer 199,Region 8,City 20,P070,Product 70,Category 10,5,231.01,1155.05,15,256.16
O03048,2025-09-27,C087,Customer 87,Region 7,City 28,P012,Product 12,Category 12,6,453.15,2718.9,15,419.49
O03049,2025-03-21,C175,Customer 175,Region 4,City 26,P043,Product 43,Category 13,3,374.4,1123.2,20,198.98
O03050,2025-05-22,C238,Customer 238,Region 5,City 29,P014,Product 14,Category 14,9,159.28,1433.52,5,305.16
O03051,2025-04-22,C052,Customer 52,Region 4,City 23,P036,Product 36,Category 6,1,93.48,93.48,5,10.68
O03052,2025-08-11,C085,Customer 85,Region 3,City 26,P078,Product 78,Category 3,8,382.56,3060.48,20,501.22
O03053,2025-10-14,C186,Customer 186,Region 8,City 7,P029,Product 29,Category 14,5,260.21,1301.05,10,217.12
O03054,2025-02-27,C289,Customer 289,Region 6,City 20,P001,Product 1,Category 1,10,254.75,2547.5,15,261.34
O03055,2025-10-01,C281,Customer 281,Region 8,City 12,P014,Product 14,Category 14,8,159.28,1274.24,15,281.34
O03056,2025-12-05,C216,Customer 216,Region 9,City 7,P035,Product 35,Category 5,8,149.03,1192.24,5,178.02
O03057,2025-05-21,C135,Customer 135,Region 2,City 16,P026,Product 26,Category 11,9,474.87,4273.83,15,257.92
O03058,2025-12-04,C264,Customer 264,Region 2,City 25,P031,Product 31,Category 1,9,69.9,629.1,0,66.41
O03059,2025-09-04,C255,Customer 255,Region 9,City 16,P044,Product 44,Category 14,9,37.1,333.9,0,77.33
O03060,2025-02-11,C030,Customer 30,Region 1,City 1,P057,Product 57,Category 12,6,310.13,1860.78,5,449.09
O03061,2025-09-20,C003,Customer 3,Region 9,City 4,P030,Product 30,Category 15,7,225.39,1577.73,10,450.1
O03062,2025-05-18,C297,Customer 297,Region 8,City 28,P033,Product 33,Category 3,5,392.37,1961.85,10,563.28
O03063,2025-10-07,C035,Customer 35,Region 1,City 6,P057,Product 57,Category 12,6,310.13,1860.78,10,205.17
O03064,2025-04-27,C197,Customer 197,Region 10,City 18,P072,Product 72,Category 12,5,27.53,137.65,15,15.5
O03065,2025-04-25,C281,Customer 281,Region 8,City 12,P022,Product 22,Category 7,5,474.2,2371.0,0,641.3
O03066,2025-12-20,C160,Customer 160,Region 7,City 11,P039,Product 39,Category 9,9,489.97,4409.73,0,421.04
O03067,2025-08-02,C063,Customer 63,Region 9,City 4,P060,Product 60,Category 15,8,197.8,1582.4,20,87.17
O03068,2025-02-13,C287,Customer 287,Region 1,City 18,P018,Product 18,Category 3,8,218.78,1750.24,20,128.96
O03069,2025-01-21,C237,Customer 237,Region 1,City 28,P094,Product 94,Category 4,1,65.36,65.36,15,6.2
O03070,2025-05-30,C145,Customer 145,Region 10,City 26,P054,Product 54,Category 9,4,12.91,51.64,15,14.34
O03071,2025-01-07,C106,Customer 106,Region 2,City 17,P066,Product 66,Category 6,4,79.06,316.24,15,81.64
O03072,2025-11-22,C226,Customer 226,Region 4,City 17,P053,Product 53,Category 8,6,434.3,2605.8,20,383.25
O03073,2025-07-13,C126,Customer 126,Region 7,City 7,P080,Product 80,Category 5,6,322.73,1936.38,10,444.62
O03074,2025-06-29,C289,Customer 289,Region 6,City 20,P020,Product 20,Category 5,5,261.28,1306.4,5,239.83
O03075,2025-11-05,C217,Customer 217,Region 4,City 8,P087,Product 87,Category 12,3,230.44,691.32,20,75.42
O03076,2025-12-07,C055,Customer 55,Region 4,City 26,P083,Product 83,Category 8,10,465.48,4654.8,0,463.91
O03077,2025-07-15,C039,Customer 39,Region 6,City 10,P035,Product 35,Category 5,6,149.03,894.18,0,89.1
O03078,2025-08-09,C256,Customer 256,Region 10,City 17,P071,Product 71,Category 11,9,289.19,2602.71,15,178.32
O03079,2025-01-26,C160,Customer 160,Region 7,City 11,P081,Product 81,Category 6,2,112.74,225.48,5,44.16
O03080,2025-12-24,C094,Customer 94,Region 10,City 5,P029,Product 29,Category 14,9,260.21,2341.89,10,635.77
O03081,2025-03-05,C105,Customer 105,Region 7,City 16,P037,Product 37,Category 7,6,329.5,1977.0,5,487.54
O03082,2025-02-08,C273,Customer 273,Region 8,City 4,P065,Product 65,Category 5,5,194.4,972.0,5,212.55
O03083,2025-06-07,C265,Customer 265,Region 8,City 26,P032,Product 32,Category 2,1,246.16,246.16,5,66.55
O03084,2025-04-15,C235,Customer 235,Region 4,City 26,P027,Product 27,Category 12,7,273.37,1913.59,0,273.08
O03085,2025-03-01,C199,Customer 199,Region 8,City 20,P096,Product 96,Category 6,3,437.68,1313.04,0,80.13
O03086,2025-08-21,C174,Customer 174,Region 10,City 25,P098,Product 98,Category 8,2,335.46,670.92,5,188.38
O03087,2025-05-02,C217,Customer 217,Region 4,City 8,P073,Product 73,Category 13,2,98.73,197.46,15,56.12
O03088,2025-05-08,C261,Customer 261,Region 5,City 22,P027,Product 27,Category 12,8,273.37,2186.96,10,236.05
O03089,2025-11-29,C130,Customer 130,Region 3,City 11,P006,Product 6,Category 6,1,65.37,65.37,15,8.22
O03090,2025-11-01,C200,Customer 200,Region 3,City 21,P008,Product 8,Category 8,5,252.32,1261.6,10,90.25
O03091,2025-12-26,C068,Customer 68,Region 5,City 9,P050,Product 50,Category 5,1,464.52,464.52,10,71.42
O03092,2025-08-04,C238,Customer 238,Region 5,City 29,P004,Product 4,Category 4,2,446.21,892.42,20,66.92
O03093,2025-10-08,C168,Customer 168,Region 7,City 19,P003,Product 3,Category 3,9,436.22,3925.98,15,344.31
O03094,2025-09-30,C190,Customer 190,Region 3,City 11,P037,Product 37,Category 7,9,329.5,2965.5,5,633.57
O03095,2025-03-13,C046,Customer 46,Region 4,City 17,P062,Product 62,Category 2,3,167.7,503.1,20,115.06
O03096,2025-06-12,C228,Customer 228,Region 7,City 19,P006,Product 6,Category 6,9,65.37,588.33,20,79.95
O03097,2025-08-14,C113,Customer 113,Region 8,City 24,P054,Product 54,Category 9,2,12.91,25.82,20,7.68
O03098,2025-12-18,C041,Customer 41,Region 4,City 12,P001,Product 1,Category 1,8,254.75,2038.0,20,458.55
O03099,2025-07-02,C100,Customer 100,Region 1,City 11,P063,Product 63,Category 3,5,307.88,1539.4,0,94.17
O03100,2025-03-11,C199,Customer 199,Region 8,City 20,P009,Product 9,Category 9,10,154.35,1543.5,15,337.25
O03101,2025-12-16,C113,Customer 113,Region 8,City 24,P008,Product 8,Category 8,10,252.32,2523.2,0,337.67
O03102,2025-10-23,C108,Customer 108,Region 7,City 19,P057,Product 57,Category 12,5,310.13,1550.65,15,290.12
O03103,2025-06-18,C127,Customer 127,Region 7,City 8,P013,Product 13,Category 13,7,47.04,329.28,5,78.93
O03104,2025-05-02,C187,Customer 187,Region 3,City 8,P032,Product 32,Category 2,6,246.16,1476.96,10,288.14
O03105,2025-10-10,C017,Customer 17,Region 7,City 18,P066,Product 66,Category 6,6,79.06,474.36,5,92.26
O03106,2025-10-10,C079,Customer 79,Region 7,City 20,P060,Product 60,Category 15,3,197.8,593.4,0,41.78
O03107,2025-05-30,C004,Customer 4,Region 6,City 5,P062,Product 62,Category 2,9,167.7,1509.3,20,398.58
O03108,2025-01-12,C209,Customer 209,Region 10,City 30,P074,Product 74,Category 14,2,291.07,582.14,0,36.9
O03109,2025-09-29,C255,Customer 255,Region 9,City 16,P047,Product 47,Category 2,9,198.11,1782.99,0,382.69
O03110,2025-01-22,C096,Customer 96,Region 4,City 7,P097,Product 97,Category 7,4,226.37,905.48,15,176.68
O03111,2025-08-21,C153,Customer 153,Region 1,City 4,P032,Product 32,Category 2,10,246.16,2461.6,5,277.48
O03112,2025-08-01,C061,Customer 61,Region 1,City 2,P028,Product 28,Category 13,1,186.78,186.78,20,16.96
O03113,2025-12-30,C204,Customer 204,Region 3,City 25,P005,Product 5,Category 5,8,86.73,693.84,15,156.61
O03114,2025-03-27,C300,Customer 300,Region 5,City 1,P006,Product 6,Category 6,2,65.37,130.74,10,32.09
O03115,2025-02-08,C153,Customer 153,Region 1,City 4,P057,Product 57,Category 12,1,310.13,310.13,5,81.74
O03116,2025-04-03,C082,Customer 82,Region 6,City 23,P099,Product 99,Category 9,5,154.71,773.55,15,117.32
O03117,2025-03-30,C263,Customer 263,Region 2,City 24,P088,Product 88,Category 13,3,289.01,867.03,15,177.85
O03118,2025-07-13,C075,Customer 75,Region 3,City 16,P033,Product 33,Category 3,3,392.37,1177.11,20,236.84
O03119,2025-12-17,C122,Customer 122,Region 3,City 3,P046,Product 46,Category 1,1,42.09,42.09,20,6.65
O03120,2025-12-18,C021,Customer 21,Region 5,City 22,P057,Product 57,Category 12,10,310.13,3101.3,0,620.44
O03121,2025-07-18,C094,Customer 94,Region 10,City 5,P022,Product 22,Category 7,5,474.2,2371.0,0,282.47
O03122,2025-02-28,C187,Customer 187,Region 3,City 8,P080,Product 80,Category 5,1,322.73,322.73,15,36.52
O03123,2025-02-28,C225,Customer 225,Region 7,City 16,P046,Product 46,Category 1,8,42.09,336.72,5,33.68
O03124,2025-09-18,C083,Customer 83,Region 1,City 24,P048,Product 48,Category 3,5,392.2,1961.0,0,537.3
O03125,2025-08-09,C039,Customer 39,Region 6,City 10,P018,Product 18,Category 3,10,218.78,2187.8,15,487.8
O03126,2025-04-30,C039,Customer 39,Region 6,City 10,P062,Product 62,Category 2,7,167.7,1173.9,15,315.4
O03127,2025-11-02,C143,Customer 143,Region 8,City 24,P005,Product 5,Category 5,10,86.73,867.3,5,100.56
O03128,2025-05-25,C182,Customer 182,Region 5,City 3,P047,Product 47,Category 2,1,198.11,198.11,5,55.63
O03129,2025-01-24,C069,Customer 69,Region 4,City 10,P080,Product 80,Category 5,8,322.73,2581.84,20,510.25
O03130,2025-11-24,C088,Customer 88,Region 5,City 29,P058,Product 58,Category 13,5,201.63,1008.15,0,295.8
O03131,2025-12-03,C288,Customer 288,Region 8,City 19,P047,Product 47,Category 2,8,198.11,1584.88,15,193.27
O03132,2025-07-04,C216,Customer 216,Region 9,City 7,P090,Product 90,Category 15,3,299.19,897.57,15,96.83
O03133,2025-02-20,C206,Customer 206,Region 7,City 27,P086,Product 86,Category 11,3,371.95,1115.85,10,130.55
O03134,2025-05-11,C232,Customer 232,Region 2,City 23,P075,Product 75,Category 15,6,418.32,2509.92,0,216.97
O03135,2025-04-15,C173,Customer 173,Region 4,City 24,P093,Product 93,Category 3,3,53.85,161.55,5,11.36
O03136,2025-04-26,C048,Customer 48,Region 10,City 19,P057,Product 57,Category 12,1,310.13,310.13,5,64.08
O03137,2025-10-25,C253,Customer 253,Region 7,City 14,P069,Product 69,Category 9,3,386.3,1158.9,20,320.17
O03138,2025-11-25,C268,Customer 268,Region 8,City 29,P080,Product 80,Category 5,7,322.73,2259.11,0,644.15
O03139,2025-05-22,C128,Customer 128,Region 2,City 9,P041,Product 41,Category 11,8,267.12,2136.96,15,412.76
O03140,2025-04-15,C212,Customer 212,Region 5,City 3,P055,Product 55,Category 10,3,215.67,647.01,0,163.64
O03141,2025-12-24,C158,Customer 158,Region 9,City 9,P053,Product 53,Category 8,10,434.3,4343.0,15,1171.91
O03142,2025-04-16,C059,Customer 59,Region 10,City 30,P045,Product 45,Category 15,3,189.29,567.87,15,127.85
O03143,2025-12-29,C079,Customer 79,Region 7,City 20,P040,Product 40,Category 10,3,456.29,1368.87,5,214.59
O03144,2025-07-09,C027,Customer 27,Region 5,City 28,P036,Product 36,Category 6,8,93.48,747.84,10,96.57
O03145,2025-05-16,C050,Customer 50,Region 7,City 21,P003,Product 3,Category 3,4,436.22,1744.88,10,403.16
O03146,2025-12-23,C139,Customer 139,Region 8,City 20,P036,Product 36,Category 6,1,93.48,93.48,15,12.69
O03147,2025-05-07,C191,Customer 191,Region 5,City 12,P028,Product 28,Category 13,8,186.78,1494.24,0,263.22
O03148,2025-04-28,C075,Customer 75,Region 3,City 16,P074,Product 74,Category 14,8,291.07,2328.56,5,333.19
O03149,2025-09-26,C010,Customer 10,Region 6,City 11,P031,Product 31,Category 1,6,69.9,419.4,10,86.72
O03150,2025-06-24,C159,Customer 159,Region 9,City 10,P075,Product 75,Category 15,10,418.32,4183.2,5,1057.62
O03151,2025-11-13,C141,Customer 141,Region 2,City 22,P025,Product 25,Category 10,2,34.77,69.54,15,10.42
O03152,2025-01-22,C227,Customer 227,Region 9,City 18,P034,Product 34,Category 4,6,389.34,2336.04,0,220.27
O03153,2025-06-20,C296,Customer 296,Region 2,City 27,P084,Product 84,Category 9,5,410.58,2052.9,15,204.13
O03154,2025-02-01,C127,Customer 127,Region 7,City 8,P003,Product 3,Category 3,6,436.22,2617.32,0,250.4
O03155,2025-11-05,C149,Customer 149,Region 9,City 30,P027,Product 27,Category 12,4,273.37,1093.48,15,63.3
O03156,2025-11-24,C042,Customer 42,Region 5,City 13,P012,Product 12,Category 12,6,453.15,2718.9,0,543.14
O03157,2025-05-28,C118,Customer 118,Region 4,City 29,P034,Product 34,Category 4,1,389.34,389.34,20,85.87
O03158,2025-11-28,C183,Customer 183,Region 1,City 4,P034,Product 34,Category 4,4,389.34,1557.36,15,100.83
O03159,2025-09-18,C275,Customer 275,Region 9,City 6,P042,Product 42,Category 12,5,416.99,2084.95,15,574.75
O03160,2025-09-01,C236,Customer 236,Region 10,City 27,P007,Product 7,Category 7,9,451.77,4065.93,10,1086.81
O03161,2025-06-05,C063,Customer 63,Region 9,City 4,P100,Product 100,Category 10,7,118.57,829.99,0,70.74
O03162,2025-12-16,C249,Customer 249,Region 2,City 10,P070,Product 70,Category 10,4,231.01,924.04,0,274.03
O03163,2025-05-06,C170,Customer 170,Region 4,City 21,P041,Product 41,Category 11,8,267.12,2136.96,20,269.22
O03164,2025-11-23,C008,Customer 8,Region 10,City 9,P059,Product 59,Category 14,1,348.66,348.66,20,29.25
O03165,2025-02-23,C036,Customer 36,Region 9,City 7,P003,Product 3,Category 3,2,436.22,872.44,20,115.62
O03166,2025-07-21,C164,Customer 164,Region 3,City 15,P069,Product 69,Category 9,7,386.3,2704.1,15,246.72
O03167,2025-10-09,C260,Customer 260,Region 3,City 21,P081,Product 81,Category 6,1,112.74,112.74,10,30.91
O03168,2025-03-07,C234,Customer 234,Region 8,City 25,P100,Product 100,Category 10,1,118.57,118.57,5,33.42
O03169,2025-02-15,C283,Customer 283,Region 10,City 14,P021,Product 21,Category 6,4,126.09,504.36,0,53.74
O03170,2025-12-24,C243,Customer 243,Region 10,City 4,P084,Product 84,Category 9,10,410.58,4105.8,0,800.45
O03171,2025-04-16,C234,Customer 234,Region 8,City 25,P083,Product 83,Category 8,5,465.48,2327.4,10,238.98
O03172,2025-01-09,C121,Customer 121,Region 7,City 2,P072,Product 72,Category 12,9,27.53,247.77,0,47.98
O03173,2025-10-04,C194,Customer 194,Region 1,City 15,P005,Product 5,Category 5,3,86.73,260.19,20,47.1
O03174,2025-02-15,C272,Customer 272,Region 5,City 3,P035,Product 35,Category 5,7,149.03,1043.21,0,87.51
O03175,2025-01-24,C208,Customer 208,Region 9,City 29,P048,Product 48,Category 3,1,392.2,392.2,10,32.43
O03176,2025-12-25,C189,Customer 189,Region 9,City 10,P055,Product 55,Category 10,7,215.67,1509.69,10,79.49
O03177,2025-09-25,C152,Customer 152,Region 4,City 3,P048,Product 48,Category 3,10,392.2,3922.0,5,343.64
O03178,2025-08-12,C118,Customer 118,Region 4,City 29,P011,Product 11,Category 11,1,48.35,48.35,20,10.65
O03179,2025-01-20,C028,Customer 28,Region 1,City 29,P095,Product 95,Category 5,10,177.16,1771.6,15,190.37
O03180,2025-06-04,C300,Customer 300,Region 5,City 1,P100,Product 100,Category 10,9,118.57,1067.13,5,230.92
O03181,2025-07-09,C280,Customer 280,Region 4,City 11,P027,Product 27,Category 12,9,273.37,2460.33,15,719.61
O03182,2025-09-25,C111,Customer 111,Region 7,City 22,P096,Product 96,Category 6,2,437.68,875.36,5,223.4
O03183,2025-12-03,C047,Customer 47,Region 2,City 18,P042,Product 42,Category 12,7,416.99,2918.93,0,547.98
O03184,2025-01-07,C261,Customer 261,Region 5,City 22,P098,Product 98,Category 8,2,335.46,670.92,20,177.7
O03185,2025-05-13,C177,Customer 177,Region 8,City 28,P029,Product 29,Category 14,6,260.21,1561.26,0,359.88
O03186,2025-11-05,C212,Customer 212,Region 5,City 3,P062,Product 62,Category 2,3,167.7,503.1,10,71.71
O03187,2025-03-12,C195,Customer 195,Region 1,City 16,P019,Product 19,Category 4,6,20.62,123.72,20,9.09
O03188,2025-07-14,C145,Customer 145,Region 10,City 26,P087,Product 87,Category 12,7,230.44,1613.08,10,199.6
O03189,2025-09-18,C270,Customer 270,Region 1,City 1,P085,Product 85,Category 10,5,456.11,2280.55,20,545.57
O03190,2025-05-19,C199,Customer 199,Region 8,City 20,P019,Product 19,Category 4,10,20.62,206.2,20,39.13
O03191,2025-09-27,C254,Customer 254,Region 7,City 15,P028,Product 28,Category 13,9,186.78,1681.02,10,161.27
O03192,2025-04-01,C272,Customer 272,Region 5,City 3,P100,Product 100,Category 10,9,118.57,1067.13,5,204.78
O03193,2025-02-12,C252,Customer 252,Region 6,City 13,P052,Product 52,Category 7,3,409.71,1229.13,0,302.73
O03194,2025-02-25,C254,Customer 254,Region 7,City 15,P036,Product 36,Category 6,1,93.48,93.48,15,27.87
O03195,2025-08-29,C239,Customer 239,Region 2,City 30,P071,Product 71,Category 11,3,289.19,867.57,5,213.94
O03196,2025-04-08,C231,Customer 231,Region 7,City 22,P078,Product 78,Category 3,1,382.56,382.56,15,112.47
O03197,2025-09-01,C159,Customer 159,Region 9,City 10,P027,Product 27,Category 12,8,273.37,2186.96,5,618.92
O03198,2025-07-13,C159,Customer 159,Region 9,City 10,P055,Product 55,Category 10,7,215.67,1509.69,10,119.73
O03199,2025-02-21,C091,Customer 91,Region 8,City 2,P040,Product 40,Category 10,9,456.29,4106.61,10,1112.3
O03200,2025-10-18,C061,Customer 61,Region 1,City 2,P037,Product 37,Category 7,9,329.5,2965.5,20,326.12
O03201,2025-10-24,C100,Customer 100,Region 1,City 11,P088,Product 88,Category 13,2,289.01,578.02,5,140.88
O03202,2025-10-18,C291,Customer 291,Region 4,City 22,P070,Product 70,Category 10,8,231.01,1848.08,5,135.89
O03203,2025-01-29,C113,Customer 113,Region 8,City 24,P042,Product 42,Category 12,4,416.99,1667.96,15,107.46
O03204,2025-11-20,C208,Customer 208,Region 9,City 29,P100,Product 100,Category 10,4,118.57,474.28,20,63.38
O03205,2025-03-27,C145,Customer 145,Region 10,City 26,P001,Product 1,Category 1,1,254.75,254.75,15,45.5
O03206,2025-11-22,C178,Customer 178,Region 3,City 29,P082,Product 82,Category 7,7,387.7,2713.9,5,691.12
O03207,2025-08-22,C257,Customer 257,Region 6,City 18,P042,Product 42,Category 12,8,416.99,3335.92,20,482.19
O03208,2025-05-19,C250,Customer 250,Region 5,City 11,P026,Product 26,Category 11,6,474.87,2849.22,15,617.82
O03209,2025-09-16,C265,Customer 265,Region 8,City 26,P091,Product 91,Category 1,10,338.65,3386.5,5,968.81
O03210,2025-11-04,C189,Customer 189,Region 9,City 10,P084,Product 84,Category 9,7,410.58,2874.06,10,716.86
O03211,2025-09-11,C154,Customer 154,Region 10,City 5,P027,Product 27,Category 12,4,273.37,1093.48,20,208.45
O03212,2025-09-12,C133,Customer 133,Region 4,City 14,P064,Product 64,Category 4,3,445.94,1337.82,0,248.99
O03213,2025-09-21,C061,Customer 61,Region 1,City 2,P053,Product 53,Category 8,8,434.3,3474.4,0,243.82
O03214,2025-07-19,C180,Customer 180,Region 3,City 1,P097,Product 97,Category 7,6,226.37,1358.22,20,208.4
O03215,2025-09-10,C029,Customer 29,Region 9,City 30,P097,Product 97,Category 7,6,226.37,1358.22,5,101.55
O03216,2025-06-22,C226,Customer 226,Region 4,City 17,P064,Product 64,Category 4,4,445.94,1783.76,10,435.17
O03217,2025-04-26,C076,Customer 76,Region 6,City 17,P099,Product 99,Category 9,4,154.71,618.84,15,108.93
O03218,2025-08-04,C002,Customer 2,Region 1,City 3,P098,Product 98,Category 8,9,335.46,3019.14,20,441.5
O03219,2025-01-26,C205,Customer 205,Region 6,City 26,P008,Product 8,Category 8,5,252.32,1261.6,5,115.93
O03220,2025-06-19,C196,Customer 196,Region 6,City 17,P019,Product 19,Category 4,10,20.62,206.2,0,54.56
O03221,2025-05-18,C273,Customer 273,Region 8,City 4,P049,Product 49,Category 4,4,491.59,1966.36,0,353.33
O03222,2025-06-08,C243,Customer 243,Region 10,City 4,P003,Product 3,Category 3,5,436.22,2181.1,10,212.41
O03223,2025-04-15,C201,Customer 201,Region 4,City 22,P079,Product 79,Category 4,10,47.04,470.4,0,86.35
O03224,2025-02-04,C232,Customer 232,Region 2,City 23,P063,Product 63,Category 3,9,307.88,2770.92,20,398.23
O03225,2025-05-20,C161,Customer 161,Region 10,City 12,P007,Product 7,Category 7,1,451.77,451.77,15,37.86
O03226,2025-01-23,C165,Customer 165,Region 9,City 16,P021,Product 21,Category 6,9,126.09,1134.81,0,292.53
O03227,2025-10-17,C224,Customer 224,Region 6,City 15,P030,Product 30,Category 15,10,225.39,2253.9,15,665.47
O03228,2025-04-07,C114,Customer 114,Region 5,City 25,P042,Product 42,Category 12,8,416.99,3335.92,5,321.44
O03229,2025-10-29,C107,Customer 107,Region 5,City 18,P001,Product 1,Category 1,9,254.75,2292.75,5,610.06
O03230,2025-11-07,C226,Customer 226,Region 4,City 17,P097,Product 97,Category 7,3,226.37,679.11,0,144.36
O03231,2025-08-25,C219,Customer 219,Region 1,City 10,P036,Product 36,Category 6,8,93.48,747.84,10,193.64
O03232,2025-08-11,C250,Customer 250,Region 5,City 11,P067,Product 67,Category 7,10,245.24,2452.4,5,631.33
O03233,2025-06-18,C167,Customer 167,Region 3,City 18,P093,Product 93,Category 3,6,53.85,323.1,0,90.03
O03234,2025-01-01,C122,Customer 122,Region 3,City 3,P015,Product 15,Category 15,6,366.97,2201.82,15,120.39
O03235,2025-10-10,C293,Customer 293,Region 3,City 24,P011,Product 11,Category 11,1,48.35,48.35,0,9.5
O03236,2025-10-06,C032,Customer 32,Region 4,City 3,P012,Product 12,Category 12,7,453.15,3172.05,15,461.27
O03237,2025-07-22,C226,Customer 226,Region 4,City 17,P003,Product 3,Category 3,6,436.22,2617.32,5,293.99
O03238,2025-02-13,C165,Customer 165,Region 9,City 16,P024,Product 24,Category 9,7,73.05,511.35,15,39.5
O03239,2025-02-15,C108,Customer 108,Region 7,City 19,P092,Product 92,Category 2,9,134.34,1209.06,10,103.45
O03240,2025-04-18,C033,Customer 33,Region 1,City 4,P074,Product 74,Category 14,3,291.07,873.21,15,257.7
O03241,2025-11-25,C002,Customer 2,Region 1,City 3,P100,Product 100,Category 10,5,118.57,592.85,0,133.6
O03242,2025-09-07,C160,Customer 160,Region 7,City 11,P035,Product 35,Category 5,4,149.03,596.12,5,115.75
O03243,2025-08-18,C210,Customer 210,Region 7,City 1,P030,Product 30,Category 15,1,225.39,225.39,5,49.81
O03244,2025-02-10,C031,Customer 31,Region 5,City 2,P048,Product 48,Category 3,2,392.2,784.4,20,183.47
O03245,2025-05-24,C155,Customer 155,Region 3,City 6,P079,Product 79,Category 4,3,47.04,141.12,0,27.09
O03246,2025-02-14,C219,Customer 219,Region 1,City 10,P047,Product 47,Category 2,1,198.11,198.11,5,20.83
O03247,2025-05-08,C225,Customer 225,Region 7,City 16,P024,Product 24,Category 9,3,73.05,219.15,5,18.07
O03248,2025-09-13,C124,Customer 124,Region 5,City 5,P037,Product 37,Category 7,3,329.5,988.5,5,248.77
O03249,2025-09-08,C063,Customer 63,Region 9,City 4,P050,Product 50,Category 5,10,464.52,4645.2,10,552.33
O03250,2025-06-21,C079,Customer 79,Region 7,City 20,P068,Product 68,Category 8,9,366.31,3296.79,10,981.41
O03251,2025-06-15,C225,Customer 225,Region 7,City 16,P015,Product 15,Category 15,7,366.97,2568.79,20,422.46
O03252,2025-08-14,C232,Customer 232,Region 2,City 23,P038,Product 38,Category 8,3,30.8,92.4,0,20.98
O03253,2025-03-04,C022,Customer 22,Region 2,City 23,P034,Product 34,Category 4,10,389.34,3893.4,10,286.04
O03254,2025-10-29,C042,Customer 42,Region 5,City 13,P006,Product 6,Category 6,3,65.37,196.11,20,56.75
O03255,2025-09-20,C007,Customer 7,Region 10,City 8,P058,Product 58,Category 13,8,201.63,1613.04,15,340.49
O03256,2025-01-17,C228,Customer 228,Region 7,City 19,P090,Product 90,Category 15,3,299.19,897.57,10,194.26
O03257,2025-08-20,C068,Customer 68,Region 5,City 9,P078,Product 78,Category 3,3,382.56,1147.68,10,220.53
O03258,2025-08-19,C211,Customer 211,Region 9,City 2,P078,Product 78,Category 3,2,382.56,765.12,5,143.0
O03259,2025-04-08,C032,Customer 32,Region 4,City 3,P014,Product 14,Category 14,8,159.28,1274.24,20,172.28
O03260,2025-02-21,C153,Customer 153,Region 1,City 4,P071,Product 71,Category 11,10,289.19,2891.9,0,522.51
O03261,2025-12-29,C279,Customer 279,Region 9,City 10,P097,Product 97,Category 7,6,226.37,1358.22,0,126.27
O03262,2025-09-24,C068,Customer 68,Region 5,City 9,P077,Product 77,Category 2,8,475.01,3800.08,10,968.0
O03263,2025-03-14,C250,Customer 250,Region 5,City 11,P082,Product 82,Category 7,4,387.7,1550.8,5,194.28
O03264,2025-01-23,C015,Customer 15,Region 6,City 16,P022,Product 22,Category 7,5,474.2,2371.0,0,204.48
O03265,2025-03-03,C098,Customer 98,Region 5,City 9,P004,Product 4,Category 4,8,446.21,3569.68,20,949.09
O03266,2025-07-23,C084,Customer 84,Region 9,City 25,P093,Product 93,Category 3,3,53.85,161.55,10,24.35
O03267,2025-10-04,C254,Customer 254,Region 7,City 15,P021,Product 21,Category 6,1,126.09,126.09,15,28.62
O03268,2025-07-13,C213,Customer 213,Region 2,City 4,P071,Product 71,Category 11,9,289.19,2602.71,5,709.35
O03269,2025-08-24,C063,Customer 63,Region 9,City 4,P006,Product 6,Category 6,2,65.37,130.74,20,16.86
O03270,2025-03-15,C197,Customer 197,Region 10,City 18,P069,Product 69,Category 9,1,386.3,386.3,20,104.82
O03271,2025-06-21,C159,Customer 159,Region 9,City 10,P062,Product 62,Category 2,6,167.7,1006.2,20,116.68
O03272,2025-11-18,C080,Customer 80,Region 8,City 21,P025,Product 25,Category 10,9,34.77,312.93,0,63.6
O03273,2025-03-12,C054,Customer 54,Region 10,City 25,P088,Product 88,Category 13,3,289.01,867.03,5,245.87
O03274,2025-06-26,C204,Customer 204,Region 3,City 25,P090,Product 90,Category 15,6,299.19,1795.14,5,302.77
O03275,2025-10-04,C134,Customer 134,Region 2,City 15,P033,Product 33,Category 3,1,392.37,392.37,15,71.34
O03276,2025-01-26,C272,Customer 272,Region 5,City 3,P070,Product 70,Category 10,8,231.01,1848.08,20,527.59
O03277,2025-05-04,C268,Customer 268,Region 8,City 29,P033,Product 33,Category 3,2,392.37,784.74,15,198.6
O03278,2025-10-23,C210,Customer 210,Region 7,City 1,P090,Product 90,Category 15,6,299.19,1795.14,10,471.72
O03279,2025-04-05,C272,Customer 272,Region 5,City 3,P084,Product 84,Category 9,3,410.58,1231.74,20,337.28
O03280,2025-08-14,C098,Customer 98,Region 5,City 9,P038,Product 38,Category 8,10,30.8,308.0,15,53.73
O03281,2025-11-24,C261,Customer 261,Region 5,City 22,P020,Product 20,Category 5,8,261.28,2090.24,5,381.95
O03282,2025-05-08,C166,Customer 166,Region 5,City 17,P074,Product 74,Category 14,7,291.07,2037.49,15,197.8
O03283,2025-07-09,C219,Customer 219,Region 1,City 10,P045,Product 45,Category 15,3,189.29,567.87,5,120.84
O03284,2025-09-03,C246,Customer 246,Region 10,City 7,P045,Product 45,Category 15,5,189.29,946.45,15,56.38
O03285,2025-07-07,C212,Customer 212,Region 5,City 3,P001,Product 1,Category 1,4,254.75,1019.0,20,254.4
O03286,2025-12-02,C126,Customer 126,Region 7,City 7,P100,Product 100,Category 10,4,118.57,474.28,10,98.25
O03287,2025-04-03,C092,Customer 92,Region 2,City 3,P014,Product 14,Category 14,9,159.28,1433.52,10,78.29
O03288,2025-06-20,C203,Customer 203,Region 9,City 24,P033,Product 33,Category 3,4,392.37,1569.48,5,181.43
O03289,2025-12-28,C175,Customer 175,Region 4,City 26,P026,Product 26,Category 11,6,474.87,2849.22,0,385.29
O03290,2025-02-04,C105,Customer 105,Region 7,City 16,P045,Product 45,Category 15,7,189.29,1325.03,5,193.38
O03291,2025-05-29,C004,Customer 4,Region 6,City 5,P071,Product 71,Category 11,1,289.19,289.19,10,18.92
O03292,2025-08-04,C272,Customer 272,Region 5,City 3,P090,Product 90,Category 15,6,299.19,1795.14,15,526.35
O03293,2025-01-15,C125,Customer 125,Region 6,City 6,P043,Product 43,Category 13,5,374.4,1872.0,20,105.72
O03294,2025-05-22,C062,Customer 62,Region 8,City 3,P096,Product 96,Category 6,9,437.68,3939.12,20,1007.72
O03295,2025-01-14,C219,Customer 219,Region 1,City 10,P088,Product 88,Category 13,4,289.01,1156.04,15,188.75
O03296,2025-09-23,C196,Customer 196,Region 6,City 17,P083,Product 83,Category 8,6,465.48,2792.88,10,323.93
O03297,2025-04-02,C290,Customer 290,Region 2,City 21,P093,Product 93,Category 3,8,53.85,430.8,20,26.52
O03298,2025-12-02,C228,Customer 228,Region 7,City 19,P005,Product 5,Category 5,6,86.73,520.38,10,87.88
O03299,2025-06-12,C281,Customer 281,Region 8,City 12,P016,Product 16,Category 1,4,29.92,119.68,0,20.34
O03300,2025-10-25,C208,Customer 208,Region 9,City 29,P010,Product 10,Category 10,10,293.01,2930.1,20,598.93
O03301,2025-03-02,C067,Customer 67,Region 1,City 8,P079,Product 79,Category 4,8,47.04,376.32,10,85.44
O03302,2025-03-03,C007,Customer 7,Region 10,City 8,P008,Product 8,Category 8,8,252.32,2018.56,10,566.46
O03303,2025-10-18,C077,Customer 77,Region 8,City 18,P044,Product 44,Category 14,5,37.1,185.5,0,50.73
O03304,2025-01-14,C240,Customer 240,Region 5,City 1,P011,Product 11,Category 11,6,48.35,290.1,10,53.25
O03305,2025-09-01,C055,Customer 55,Region 4,City 26,P018,Product 18,Category 3,8,218.78,1750.24,10,318.14
O03306,2025-01-10,C198,Customer 198,Region 4,City 19,P062,Product 62,Category 2,4,167.7,670.8,5,102.09
O03307,2025-05-09,C118,Customer 118,Region 4,City 29,P070,Product 70,Category 10,1,231.01,231.01,10,68.42
O03308,2025-08-16,C007,Customer 7,Region 10,City 8,P039,Product 39,Category 9,3,489.97,1469.91,15,407.7
O03309,2025-01-18,C046,Customer 46,Region 4,City 17,P061,Product 61,Category 1,6,126.53,759.18,10,172.61
O03310,2025-10-21,C084,Customer 84,Region 9,City 25,P091,Product 91,Category 1,3,338.65,1015.95,15,81.26
O03311,2025-11-18,C133,Customer 133,Region 4,City 14,P081,Product 81,Category 6,2,112.74,225.48,0,18.63
O03312,2025-04-26,C083,Customer 83,Region 1,City 24,P068,Product 68,Category 8,6,366.31,2197.86,0,455.27
O03313,2025-10-11,C115,Customer 115,Region 5,City 26,P022,Product 22,Category 7,8,474.2,3793.6,10,654.77
O03314,2025-09-06,C257,Customer 257,Region 6,City 18,P069,Product 69,Category 9,9,386.3,3476.7,20,746.35
O03315,2025-12-08,C256,Customer 256,Region 10,City 17,P052,Product 52,Category 7,10,409.71,4097.1,5,632.34
O03316,2025-04-05,C208,Customer 208,Region 9,City 29,P069,Product 69,Category 9,4,386.3,1545.2,15,87.09
O03317,2025-09-20,C145,Customer 145,Region 10,City 26,P056,Product 56,Category 11,7,261.99,1833.93,5,130.77
O03318,2025-05-31,C168,Customer 168,Region 7,City 19,P086,Product 86,Category 11,6,371.95,2231.7,10,664.76
O03319,2025-08-04,C051,Customer 51,Region 10,City 22,P024,Product 24,Category 9,3,73.05,219.15,5,15.9
O03320,2025-10-14,C287,Customer 287,Region 1,City 18,P052,Product 52,Category 7,9,409.71,3687.39,20,1000.12
O03321,2025-12-16,C259,Customer 259,Region 7,City 20,P071,Product 71,Category 11,5,289.19,1445.95,15,108.93
O03322,2025-12-15,C269,Customer 269,Region 6,City 30,P003,Product 3,Category 3,5,436.22,2181.1,15,479.68
O03323,2025-08-29,C074,Customer 74,Region 7,City 15,P067,Product 67,Category 7,7,245.24,1716.68,20,249.19
O03324,2025-11-04,C182,Customer 182,Region 5,City 3,P044,Product 44,Category 14,3,37.1,111.3,10,16.27
O03325,2025-07-27,C042,Customer 42,Region 5,City 13,P005,Product 5,Category 5,3,86.73,260.19,20,21.61
O03326,2025-01-02,C214,Customer 214,Region 3,City 5,P011,Product 11,Category 11,8,48.35,386.8,0,52.61
O03327,2025-08-06,C220,Customer 220,Region 9,City 11,P074,Product 74,Category 14,1,291.07,291.07,5,51.27
O03328,2025-10-30,C122,Customer 122,Region 3,City 3,P100,Product 100,Category 10,3,118.57,355.71,0,25.43
O03329,2025-08-27,C074,Customer 74,Region 7,City 15,P074,Product 74,Category 14,5,291.07,1455.35,15,428.85
O03330,2025-11-23,C196,Customer 196,Region 6,City 17,P060,Product 60,Category 15,5,197.8,989.0,5,51.13
O03331,2025-01-19,C194,Customer 194,Region 1,City 15,P048,Product 48,Category 3,2,392.2,784.4,10,160.48
O03332,2025-03-31,C295,Customer 295,Region 2,City 26,P019,Product 19,Category 4,1,20.62,20.62,0,2.53
O03333,2025-06-30,C299,Customer 299,Region 8,City 30,P054,Product 54,Category 9,5,12.91,64.55,0,11.77
O03334,2025-09-11,C160,Customer 160,Region 7,City 11,P094,Product 94,Category 4,9,65.36,588.24,20,50.91
O03335,2025-05-02,C164,Customer 164,Region 3,City 15,P037,Product 37,Category 7,1,329.5,329.5,15,98.62
O03336,2025-09-12,C135,Customer 135,Region 2,City 16,P055,Product 55,Category 10,6,215.67,1294.02,10,350.78
O03337,2025-12-19,C069,Customer 69,Region 4,City 10,P029,Product 29,Category 14,8,260.21,2081.68,15,516.65
O03338,2025-07-04,C031,Customer 31,Region 5,City 2,P072,Product 72,Category 12,8,27.53,220.24,5,40.1
O03339,2025-03-15,C051,Customer 51,Region 10,City 22,P028,Product 28,Category 13,6,186.78,1120.68,20,185.16
O03340,2025-06-13,C300,Customer 300,Region 5,City 1,P006,Product 6,Category 6,1,65.37,65.37,10,6.48
O03341,2025-05-20,C073,Customer 73,Region 7,City 14,P082,Product 82,Category 7,3,387.7,1163.1,10,96.74
O03342,2025-01-04,C167,Customer 167,Region 3,City 18,P055,Product 55,Category 10,5,215.67,1078.35,0,307.44
O03343,2025-09-01,C195,Customer 195,Region 1,City 16,P008,Product 8,Category 8,6,252.32,1513.92,20,405.07
O03344,2025-07-31,C202,Customer 202,Region 7,City 23,P022,Product 22,Category 7,2,474.2,948.4,0,101.7
O03345,2025-03-18,C233,Customer 233,Region 2,City 24,P076,Product 76,Category 1,1,21.06,21.06,5,3.69
O03346,2025-02-12,C059,Customer 59,Region 10,City 30,P076,Product 76,Category 1,3,21.06,63.18,5,16.36
O03347,2025-01-19,C200,Customer 200,Region 3,City 21,P016,Product 16,Category 1,3,29.92,89.76,20,13.05
O03348,2025-04-22,C099,Customer 99,Region 8,City 10,P071,Product 71,Category 11,8,289.19,2313.52,20,513.83
O03349,2025-11-30,C174,Customer 174,Region 10,City 25,P035,Product 35,Category 5,8,149.03,1192.24,20,143.95
O03350,2025-05-05,C092,Customer 92,Region 2,City 3,P064,Product 64,Category 4,4,445.94,1783.76,20,428.78
O03351,2025-09-18,C048,Customer 48,Region 10,City 19,P015,Product 15,Category 15,10,366.97,3669.7,20,451.36
O03352,2025-10-29,C272,Customer 272,Region 5,City 3,P070,Product 70,Category 10,6,231.01,1386.06,15,279.36
O03353,2025-08-21,C205,Customer 205,Region 6,City 26,P086,Product 86,Category 11,5,371.95,1859.75,0,480.38
O03354,2025-01-15,C019,Customer 19,Region 1,City 20,P090,Product 90,Category 15,7,299.19,2094.33,5,524.98
O03355,2025-05-13,C290,Customer 290,Region 2,City 21,P080,Product 80,Category 5,3,322.73,968.19,15,216.08
O03356,2025-11-15,C126,Customer 126,Region 7,City 7,P020,Product 20,Category 5,1,261.28,261.28,10,74.78
O03357,2025-06-09,C273,Customer 273,Region 8,City 4,P088,Product 88,Category 13,10,289.01,2890.1,20,590.38
O03358,2025-01-03,C177,Customer 177,Region 8,City 28,P022,Product 22,Category 7,10,474.2,4742.0,0,1094.61
O03359,2025-01-25,C056,Customer 56,Region 10,City 27,P014,Product 14,Category 14,7,159.28,1114.96,20,195.66
O03360,2025-11-15,C200,Customer 200,Region 3,City 21,P094,Product 94,Category 4,6,65.36,392.16,10,26.63
O03361,2025-06-13,C096,Customer 96,Region 4,City 7,P077,Product 77,Category 2,10,475.01,4750.1,10,317.13
O03362,2025-08-28,C145,Customer 145,Region 10,City 26,P060,Product 60,Category 15,9,197.8,1780.2,5,223.46
O03363,2025-07-25,C153,Customer 153,Region 1,City 4,P087,Product 87,Category 12,9,230.44,2073.96,5,562.57
O03364,2025-04-24,C256,Customer 256,Region 10,City 17,P090,Product 90,Category 15,9,299.19,2692.71,20,387.52
O03365,2025-08-17,C106,Customer 106,Region 2,City 17,P045,Product 45,Category 15,3,189.29,567.87,15,142.03
O03366,2025-03-24,C174,Customer 174,Region 10,City 25,P091,Product 91,Category 1,3,338.65,1015.95,20,116.58
O03367,2025-04-08,C249,Customer 249,Region 2,City 10,P007,Product 7,Category 7,9,451.77,4065.93,20,615.51
O03368,2025-05-07,C015,Customer 15,Region 6,City 16,P015,Product 15,Category 15,8,366.97,2935.76,15,246.08
O03369,2025-08-07,C172,Customer 172,Region 1,City 23,P027,Product 27,Category 12,1,273.37,273.37,20,19.45
O03370,2025-02-12,C043,Customer 43,Region 9,City 14,P093,Product 93,Category 3,5,53.85,269.25,15,21.35
O03371,2025-05-20,C072,Customer 72,Region 9,City 13,P091,Product 91,Category 1,1,338.65,338.65,10,86.17
O03372,2025-11-03,C081,Customer 81,Region 7,City 22,P094,Product 94,Category 4,2,65.36,130.72,15,13.05
O03373,2025-08-17,C136,Customer 136,Region 5,City 17,P029,Product 29,Category 14,2,260.21,520.42,0,111.61
O03374,2025-11-16,C300,Customer 300,Region 5,City 1,P038,Product 38,Category 8,8,30.8,246.4,10,64.47
O03375,2025-11-07,C080,Customer 80,Region 8,City 21,P009,Product 9,Category 9,4,154.35,617.4,10,92.47
O03376,2025-02-03,C140,Customer 140,Region 2,City 21,P013,Product 13,Category 13,3,47.04,141.12,15,19.54
O03377,2025-11-10,C130,Customer 130,Region 3,City 11,P057,Product 57,Category 12,10,310.13,3101.3,20,231.58
O03378,2025-11-27,C127,Customer 127,Region 7,City 8,P016,Product 16,Category 1,3,29.92,89.76,5,7.58
O03379,2025-03-26,C020,Customer 20,Region 4,City 21,P089,Product 89,Category 14,9,220.92,1988.28,0,561.71
O03380,2025-12-10,C192,Customer 192,Region 3,City 13,P078,Product 78,Category 3,2,382.56,765.12,5,128.34
O03381,2025-06-28,C121,Customer 121,Region 7,City 2,P061,Product 61,Category 1,1,126.53,126.53,5,36.92
O03382,2025-08-23,C160,Customer 160,Region 7,City 11,P011,Product 11,Category 11,4,48.35,193.4,0,27.39
O03383,2025-09-16,C086,Customer 86,Region 5,City 27,P049,Product 49,Category 4,8,491.59,3932.72,5,277.09
O03384,2025-11-04,C051,Customer 51,Region 10,City 22,P100,Product 100,Category 10,5,118.57,592.85,5,80.53
O03385,2025-08-10,C274,Customer 274,Region 1,City 5,P063,Product 63,Category 3,4,307.88,1231.52,20,306.75
O03386,2025-03-08,C174,Customer 174,Region 10,City 25,P037,Product 37,Category 7,1,329.5,329.5,10,48.3
O03387,2025-07-27,C157,Customer 157,Region 2,City 8,P092,Product 92,Category 2,5,134.34,671.7,0,59.9
O03388,2025-12-20,C263,Customer 263,Region 2,City 24,P024,Product 24,Category 9,9,73.05,657.45,15,73.21
O03389,2025-10-21,C052,Customer 52,Region 4,City 23,P033,Product 33,Category 3,5,392.37,1961.85,0,452.67
O03390,2025-07-30,C143,Customer 143,Region 8,City 24,P033,Product 33,Category 3,8,392.37,3138.96,0,786.8
O03391,2025-09-12,C221,Customer 221,Region 1,City 12,P037,Product 37,Category 7,8,329.5,2636.0,20,244.99
O03392,2025-05-05,C004,Customer 4,Region 6,City 5,P044,Product 44,Category 14,2,37.1,74.2,0,9.59
O03393,2025-07-26,C089,Customer 89,Region 3,City 30,P095,Product 95,Category 5,2,177.16,354.32,10,44.6
O03394,2025-10-29,C094,Customer 94,Region 10,City 5,P031,Product 31,Category 1,7,69.9,489.3,20,136.26
O03395,2025-09-28,C166,Customer 166,Region 5,City 17,P004,Product 4,Category 4,4,446.21,1784.84,0,473.35
O03396,2025-12-08,C260,Customer 260,Region 3,City 21,P067,Product 67,Category 7,7,245.24,1716.68,15,461.85
O03397,2025-09-10,C069,Customer 69,Region 4,City 10,P029,Product 29,Category 14,7,260.21,1821.47,10,174.59
O03398,2025-02-19,C222,Customer 222,Region 8,City 13,P053,Product 53,Category 8,10,434.3,4343.0,20,1054.22
O03399,2025-04-03,C195,Customer 195,Region 1,City 16,P011,Product 11,Category 11,10,48.35,483.5,20,141.69
O03400,2025-08-03,C092,Customer 92,Region 2,City 3,P007,Product 7,Category 7,7,451.77,3162.39,5,631.96
O03401,2025-09-30,C240,Customer 240,Region 5,City 1,P028,Product 28,Category 13,5,186.78,933.9,0,151.4
O03402,2025-06-08,C091,Customer 91,Region 8,City 2,P067,Product 67,Category 7,9,245.24,2207.16,20,492.74
O03403,2025-07-31,C091,Customer 91,Region 8,City 2,P074,Product 74,Category 14,6,291.07,1746.42,0,447.65
O03404,2025-12-11,C181,Customer 181,Region 4,City 2,P036,Product 36,Category 6,7,93.48,654.36,10,50.27
O03405,2025-09-01,C251,Customer 251,Region 1,City 12,P072,Product 72,Category 12,9,27.53,247.77,20,22.12
O03406,2025-08-08,C159,Customer 159,Region 9,City 10,P099,Product 99,Category 9,7,154.71,1082.97,0,56.54
O03407,2025-02-11,C037,Customer 37,Region 7,City 8,P068,Product 68,Category 8,9,366.31,3296.79,20,954.21
O03408,2025-07-01,C042,Customer 42,Region 5,City 13,P001,Product 1,Category 1,1,254.75,254.75,5,69.45
O03409,2025-05-24,C300,Customer 300,Region 5,City 1,P035,Product 35,Category 5,7,149.03,1043.21,10,312.47
O03410,2025-01-16,C032,Customer 32,Region 4,City 3,P088,Product 88,Category 13,4,289.01,1156.04,0,64.54
O03411,2025-04-10,C271,Customer 271,Region 2,City 2,P008,Product 8,Category 8,7,252.32,1766.24,20,156.84
O03412,2025-01-30,C019,Customer 19,Region 1,City 20,P012,Product 12,Category 12,7,453.15,3172.05,10,323.96
O03413,2025-08-29,C204,Customer 204,Region 3,City 25,P081,Product 81,Category 6,1,112.74,112.74,10,7.75
O03414,2025-02-15,C164,Customer 164,Region 3,City 15,P056,Product 56,Category 11,8,261.99,2095.92,0,481.08
O03415,2025-01-16,C040,Customer 40,Region 3,City 11,P057,Product 57,Category 12,6,310.13,1860.78,0,247.11
O03416,2025-09-20,C179,Customer 179,Region 5,City 30,P041,Product 41,Category 11,1,267.12,267.12,15,33.74
O03417,2025-03-20,C196,Customer 196,Region 6,City 17,P090,Product 90,Category 15,1,299.19,299.19,5,71.21
O03418,2025-06-04,C174,Customer 174,Region 10,City 25,P046,Product 46,Category 1,3,42.09,126.27,0,11.03
O03419,2025-03-28,C040,Customer 40,Region 3,City 11,P023,Product 23,Category 8,7,444.27,3109.89,10,397.48
O03420,2025-04-20,C177,Customer 177,Region 8,City 28,P031,Product 31,Category 1,5,69.9,349.5,15,20.38
O03421,2025-04-19,C269,Customer 269,Region 6,City 30,P097,Product 97,Category 7,4,226.37,905.48,15,207.45
O03422,2025-01-08,C068,Customer 68,Region 5,City 9,P076,Product 76,Category 1,8,21.06,168.48,20,25.83
O03423,2025-01-01,C225,Customer 225,Region 7,City 16,P030,Product 30,Category 15,8,225.39,1803.12,20,460.5
O03424,2025-09-30,C043,Customer 43,Region 9,City 14,P079,Product 79,Category 4,7,47.04,329.28,5,55.1
O03425,2025-09-17,C261,Customer 261,Region 5,City 22,P079,Product 79,Category 4,4,47.04,188.16,0,51.68
O03426,2025-08-09,C099,Customer 99,Region 8,City 10,P052,Product 52,Category 7,8,409.71,3277.68,15,470.15
O03427,2025-11-28,C140,Customer 140,Region 2,City 21,P056,Product 56,Category 11,7,261.99,1833.93,0,264.37
O03428,2025-08-07,C207,Customer 207,Region 2,City 28,P082,Product 82,Category 7,6,387.7,2326.2,15,480.86
O03429,2025-06-13,C222,Customer 222,Region 8,City 13,P016,Product 16,Category 1,1,29.92,29.92,15,7.97
O03430,2025-01-21,C128,Customer 128,Region 2,City 9,P094,Product 94,Category 4,10,65.36,653.6,20,78.87
O03431,2025-06-30,C165,Customer 165,Region 9,City 16,P044,Product 44,Category 14,1,37.1,37.1,5,3.13
O03432,2025-03-28,C031,Customer 31,Region 5,City 2,P007,Product 7,Category 7,6,451.77,2710.62,15,714.92
O03433,2025-07-04,C206,Customer 206,Region 7,City 27,P015,Product 15,Category 15,4,366.97,1467.88,10,389.49
O03434,2025-02-16,C104,Customer 104,Region 4,City 15,P044,Product 44,Category 14,1,37.1,37.1,15,6.7
O03435,2025-06-12,C128,Customer 128,Region 2,City 9,P085,Product 85,Category 10,1,456.11,456.11,20,123.97
O03436,2025-12-07,C223,Customer 223,Region 3,City 14,P046,Product 46,Category 1,2,42.09,84.18,15,12.65
O03437,2025-12-28,C067,Customer 67,Region 1,City 8,P065,Product 65,Category 5,4,194.4,777.6,5,175.31
O03438,2025-02-23,C250,Customer 250,Region 5,City 11,P014,Product 14,Category 14,1,159.28,159.28,5,47.76
O03439,2025-01-25,C078,Customer 78,Region 8,City 19,P018,Product 18,Category 3,2,218.78,437.56,20,98.82
O03440,2025-06-08,C153,Customer 153,Region 1,City 4,P037,Product 37,Category 7,8,329.5,2636.0,0,237.87
O03441,2025-11-16,C260,Customer 260,Region 3,City 21,P092,Product 92,Category 2,10,134.34,1343.4,15,189.39
O03442,2025-04-26,C018,Customer 18,Region 9,City 19,P034,Product 34,Category 4,2,389.34,778.68,5,131.19
O03443,2025-09-01,C036,Customer 36,Region 9,City 7,P072,Product 72,Category 12,6,27.53,165.18,5,23.29
O03444,2025-05-15,C045,Customer 45,Region 4,City 16,P064,Product 64,Category 4,5,445.94,2229.7,10,666.78
O03445,2025-09-16,C178,Customer 178,Region 3,City 29,P024,Product 24,Category 9,3,73.05,219.15,15,63.16
O03446,2025-01-10,C079,Customer 79,Region 7,City 20,P057,Product 57,Category 12,10,310.13,3101.3,15,642.91
O03447,2025-08-07,C036,Customer 36,Region 9,City 7,P034,Product 34,Category 4,6,389.34,2336.04,10,145.16
O03448,2025-06-12,C154,Customer 154,Region 10,City 5,P035,Product 35,Category 5,6,149.03,894.18,5,133.13
O03449,2025-12-18,C042,Customer 42,Region 5,City 13,P079,Product 79,Category 4,8,47.04,376.32,10,23.13
O03450,2025-06-22,C093,Customer 93,Region 8,City 4,P094,Product 94,Category 4,10,65.36,653.6,20,108.17
O03451,2025-08-24,C082,Customer 82,Region 6,City 23,P032,Product 32,Category 2,1,246.16,246.16,0,18.25
O03452,2025-05-24,C245,Customer 245,Region 3,City 6,P059,Product 59,Category 14,10,348.66,3486.6,20,802.53
O03453,2025-03-03,C233,Customer 233,Region 2,City 24,P069,Product 69,Category 9,2,386.3,772.6,5,47.73
O03454,2025-07-19,C075,Customer 75,Region 3,City 16,P058,Product 58,Category 13,10,201.63,2016.3,0,596.49
O03455,2025-10-05,C096,Customer 96,Region 4,City 7,P086,Product 86,Category 11,5,371.95,1859.75,5,307.05
O03456,2025-02-09,C122,Customer 122,Region 3,City 3,P015,Product 15,Category 15,8,366.97,2935.76,0,391.41
O03457,2025-03-29,C235,Customer 235,Region 4,City 26,P039,Product 39,Category 9,8,489.97,3919.76,20,561.25
O03458,2025-01-26,C013,Customer 13,Region 6,City 14,P055,Product 55,Category 10,4,215.67,862.68,0,195.52
O03459,2025-04-05,C243,Customer 243,Region 10,City 4,P097,Product 97,Category 7,1,226.37,226.37,20,34.62
O03460,2025-12-20,C252,Customer 252,Region 6,City 13,P093,Product 93,Category 3,8,53.85,430.8,5,127.32
O03461,2025-11-27,C236,Customer 236,Region 10,City 27,P090,Product 90,Category 15,3,299.19,897.57,0,135.21
O03462,2025-09-27,C210,Customer 210,Region 7,City 1,P048,Product 48,Category 3,9,392.2,3529.8,15,977.87
O03463,2025-11-15,C235,Customer 235,Region 4,City 26,P072,Product 72,Category 12,5,27.53,137.65,20,8.85
O03464,2025-05-10,C186,Customer 186,Region 8,City 7,P091,Product 91,Category 1,1,338.65,338.65,0,43.01
O03465,2025-06-16,C242,Customer 242,Region 7,City 3,P011,Product 11,Category 11,4,48.35,193.4,10,32.99
O03466,2025-07-18,C195,Customer 195,Region 1,City 16,P062,Product 62,Category 2,1,167.7,167.7,15,19.99
O03467,2025-06-23,C230,Customer 230,Region 1,City 21,P091,Product 91,Category 1,7,338.65,2370.55,5,533.31
O03468,2025-05-04,C208,Customer 208,Region 9,City 29,P011,Product 11,Category 11,4,48.35,193.4,5,50.11
O03469,2025-07-11,C151,Customer 151,Region 10,City 2,P077,Product 77,Category 2,7,475.01,3325.07,0,370.68
O03470,2025-07-03,C192,Customer 192,Region 3,City 13,P096,Product 96,Category 6,1,437.68,437.68,5,48.59
O03471,2025-05-22,C124,Customer 124,Region 5,City 5,P001,Product 1,Category 1,8,254.75,2038.0,5,111.48
O03472,2025-02-20,C182,Customer 182,Region 5,City 3,P009,Product 9,Category 9,7,154.35,1080.45,0,235.34
O03473,2025-04-05,C213,Customer 213,Region 2,City 4,P079,Product 79,Category 4,10,47.04,470.4,5,42.37
O03474,2025-10-08,C046,Customer 46,Region 4,City 17,P005,Product 5,Category 5,8,86.73,693.84,20,77.19
O03475,2025-12-04,C253,Customer 253,Region 7,City 14,P062,Product 62,Category 2,7,167.7,1173.9,15,197.35
O03476,2025-05-31,C059,Customer 59,Region 10,City 30,P087,Product 87,Category 12,8,230.44,1843.52,5,304.54
O03477,2025-12-29,C166,Customer 166,Region 5,City 17,P066,Product 66,Category 6,5,79.06,395.3,0,82.26
O03478,2025-06-30,C285,Customer 285,Region 3,City 16,P062,Product 62,Category 2,5,167.7,838.5,10,240.72
O03479,2025-05-31,C083,Customer 83,Region 1,City 24,P005,Product 5,Category 5,5,86.73,433.65,5,56.97
O03480,2025-03-09,C268,Customer 268,Region 8,City 29,P011,Product 11,Category 11,3,48.35,145.05,5,42.56
O03481,2025-02-22,C016,Customer 16,Region 1,City 17,P034,Product 34,Category 4,2,389.34,778.68,5,227.29
O03482,2025-02-10,C225,Customer 225,Region 7,City 16,P054,Product 54,Category 9,6,12.91,77.46,0,20.53
O03483,2025-04-09,C023,Customer 23,Region 8,City 24,P052,Product 52,Category 7,6,409.71,2458.26,15,453.16
O03484,2025-10-16,C191,Customer 191,Region 5,City 12,P075,Product 75,Category 15,9,418.32,3764.88,10,651.18
O03485,2025-04-10,C161,Customer 161,Region 10,City 12,P046,Product 46,Category 1,8,42.09,336.72,20,88.36
O03486,2025-04-28,C300,Customer 300,Region 5,City 1,P096,Product 96,Category 6,4,437.68,1750.72,20,143.77
O03487,2025-10-16,C190,Customer 190,Region 3,City 11,P041,Product 41,Category 11,2,267.12,534.24,5,126.29
O03488,2025-03-19,C277,Customer 277,Region 10,City 8,P027,Product 27,Category 12,5,273.37,1366.85,0,236.8
O03489,2025-05-05,C184,Customer 184,Region 1,City 5,P076,Product 76,Category 1,4,21.06,84.24,20,13.83
O03490,2025-02-23,C050,Customer 50,Region 7,City 21,P050,Product 50,Category 5,4,464.52,1858.08,20,454.78
O03491,2025-12-05,C133,Customer 133,Region 4,City 14,P051,Product 51,Category 6,7,16.21,113.47,20,15.44
O03492,2025-05-17,C283,Customer 283,Region 10,City 14,P039,Product 39,Category 9,4,489.97,1959.88,5,254.9
O03493,2025-04-21,C148,Customer 148,Region 1,City 29,P080,Product 80,Category 5,7,322.73,2259.11,5,488.7
O03494,2025-10-10,C032,Customer 32,Region 4,City 3,P014,Product 14,Category 14,10,159.28,1592.8,20,397.38
O03495,2025-10-03,C250,Customer 250,Region 5,City 11,P042,Product 42,Category 12,1,416.99,416.99,0,113.73
O03496,2025-02-14,C235,Customer 235,Region 4,City 26,P003,Product 3,Category 3,10,436.22,4362.2,10,575.19
O03497,2025-03-15,C154,Customer 154,Region 10,City 5,P018,Product 18,Category 3,6,218.78,1312.68,0,202.3
O03498,2025-03-15,C026,Customer 26,Region 7,City 27,P014,Product 14,Category 14,8,159.28,1274.24,10,142.23
O03499,2025-04-22,C274,Customer 274,Region 1,City 5,P087,Product 87,Category 12,3,230.44,691.32,20,90.74
O03500,2025-09-28,C067,Customer 67,Region 1,City 8,P034,Product 34,Category 4,6,389.34,2336.04,0,630.03
O03501,2025-10-16,C137,Customer 137,Region 10,City 18,P090,Product 90,Category 15,7,299.19,2094.33,0,225.02
O03502,2025-11-27,C218,Customer 218,Region 4,City 9,P057,Product 57,Category 12,8,310.13,2481.04,0,550.94
O03503,2025-11-22,C106,Customer 106,Region 2,City 17,P071,Product 71,Category 11,9,289.19,2602.71,5,525.34
O03504,2025-11-22,C110,Customer 110,Region 3,City 21,P001,Product 1,Category 1,10,254.75,2547.5,10,286.55
O03505,2025-02-19,C273,Customer 273,Region 8,City 4,P069,Product 69,Category 9,9,386.3,3476.7,10,585.11
O03506,2025-08-10,C239,Customer 239,Region 2,City 30,P090,Product 90,Category 15,2,299.19,598.38,0,152.37
O03507,2025-08-05,C130,Customer 130,Region 3,City 11,P094,Product 94,Category 4,10,65.36,653.6,15,196.06
O03508,2025-09-29,C146,Customer 146,Region 7,City 27,P088,Product 88,Category 13,2,289.01,578.02,0,140.31
O03509,2025-10-04,C289,Customer 289,Region 6,City 20,P080,Product 80,Category 5,8,322.73,2581.84,20,174.67
O03510,2025-01-03,C071,Customer 71,Region 3,City 12,P062,Product 62,Category 2,8,167.7,1341.6,0,160.02
O03511,2025-08-08,C047,Customer 47,Region 2,City 18,P027,Product 27,Category 12,5,273.37,1366.85,10,323.58
O03512,2025-06-15,C218,Customer 218,Region 4,City 9,P097,Product 97,Category 7,7,226.37,1584.59,15,207.11
O03513,2025-11-12,C199,Customer 199,Region 8,City 20,P081,Product 81,Category 6,9,112.74,1014.66,5,239.21
O03514,2025-07-17,C119,Customer 119,Region 1,City 30,P025,Product 25,Category 10,2,34.77,69.54,15,16.09
O03515,2025-08-29,C179,Customer 179,Region 5,City 30,P044,Product 44,Category 14,7,37.1,259.7,10,46.88
O03516,2025-10-08,C030,Customer 30,Region 1,City 1,P062,Product 62,Category 2,3,167.7,503.1,10,74.9
O03517,2025-04-28,C107,Customer 107,Region 5,City 18,P017,Product 17,Category 2,6,373.36,2240.16,10,517.29
O03518,2025-04-28,C176,Customer 176,Region 3,City 27,P037,Product 37,Category 7,9,329.5,2965.5,5,348.11
O03519,2025-06-15,C278,Customer 278,Region 2,City 9,P009,Product 9,Category 9,8,154.35,1234.8,10,196.64
O03520,2025-05-11,C175,Customer 175,Region 4,City 26,P021,Product 21,Category 6,6,126.09,756.54,20,53.76
O03521,2025-09-29,C159,Customer 159,Region 9,City 10,P018,Product 18,Category 3,8,218.78,1750.24,20,454.42
O03522,2025-12-08,C170,Customer 170,Region 4,City 21,P081,Product 81,Category 6,9,112.74,1014.66,5,298.45
O03523,2025-07-24,C199,Customer 199,Region 8,City 20,P036,Product 36,Category 6,4,93.48,373.92,20,90.59
O03524,2025-11-29,C069,Customer 69,Region 4,City 10,P087,Product 87,Category 12,9,230.44,2073.96,15,426.86
O03525,2025-07-03,C182,Customer 182,Region 5,City 3,P056,Product 56,Category 11,6,261.99,1571.94,5,135.55
O03526,2025-02-18,C104,Customer 104,Region 4,City 15,P086,Product 86,Category 11,4,371.95,1487.8,5,139.35
O03527,2025-04-04,C150,Customer 150,Region 8,City 1,P038,Product 38,Category 8,1,30.8,30.8,15,1.74
O03528,2025-08-10,C050,Customer 50,Region 7,City 21,P033,Product 33,Category 3,2,392.37,784.74,0,67.36
O03529,2025-09-18,C036,Customer 36,Region 9,City 7,P017,Product 17,Category 2,9,373.36,3360.24,10,217.49
O03530,2025-02-27,C271,Customer 271,Region 2,City 2,P057,Product 57,Category 12,10,310.13,3101.3,15,474.76
O03531,2025-09-30,C249,Customer 249,Region 2,City 10,P097,Product 97,Category 7,4,226.37,905.48,0,135.17
O03532,2025-07-18,C275,Customer 275,Region 9,City 6,P032,Product 32,Category 2,2,246.16,492.32,10,97.26
O03533,2025-08-31,C110,Customer 110,Region 3,City 21,P070,Product 70,Category 10,7,231.01,1617.07,0,324.3
O03534,2025-05-14,C088,Customer 88,Region 5,City 29,P071,Product 71,Category 11,2,289.19,578.38,20,30.93
O03535,2025-02-23,C130,Customer 130,Region 3,City 11,P084,Product 84,Category 9,6,410.58,2463.48,0,239.59
O03536,2025-05-04,C234,Customer 234,Region 8,City 25,P061,Product 61,Category 1,6,126.53,759.18,20,138.71
O03537,2025-07-28,C238,Customer 238,Region 5,City 29,P059,Product 59,Category 14,8,348.66,2789.28,0,664.8
O03538,2025-04-02,C094,Customer 94,Region 10,City 5,P078,Product 78,Category 3,6,382.56,2295.36,5,328.85
O03539,2025-10-07,C298,Customer 298,Region 4,City 29,P006,Product 6,Category 6,1,65.37,65.37,20,5.68
O03540,2025-04-06,C154,Customer 154,Region 10,City 5,P015,Product 15,Category 15,5,366.97,1834.85,10,541.12
O03541,2025-07-09,C019,Customer 19,Region 1,City 20,P055,Product 55,Category 10,6,215.67,1294.02,20,285.42
O03542,2025-01-26,C213,Customer 213,Region 2,City 4,P063,Product 63,Category 3,1,307.88,307.88,20,56.67
O03543,2025-08-09,C182,Customer 182,Region 5,City 3,P033,Product 33,Category 3,9,392.37,3531.33,15,549.71
O03544,2025-01-10,C222,Customer 222,Region 8,City 13,P013,Product 13,Category 13,5,47.04,235.2,15,46.44
O03545,2025-12-04,C105,Customer 105,Region 7,City 16,P003,Product 3,Category 3,2,436.22,872.44,10,204.45
O03546,2025-03-31,C113,Customer 113,Region 8,City 24,P083,Product 83,Category 8,7,465.48,3258.36,15,945.27
O03547,2025-05-25,C006,Customer 6,Region 9,City 7,P062,Product 62,Category 2,5,167.7,838.5,20,85.11
O03548,2025-09-19,C094,Customer 94,Region 10,City 5,P035,Product 35,Category 5,1,149.03,149.03,5,31.51
O03549,2025-09-08,C261,Customer 261,Region 5,City 22,P061,Product 61,Category 1,3,126.53,379.59,20,88.8
O03550,2025-08-19,C130,Customer 130,Region 3,City 11,P001,Product 1,Category 1,1,254.75,254.75,10,20.22
O03551,2025-12-07,C274,Customer 274,Region 1,City 5,P008,Product 8,Category 8,6,252.32,1513.92,20,325.01
O03552,2025-10-11,C200,Customer 200,Region 3,City 21,P087,Product 87,Category 12,1,230.44,230.44,20,56.73
O03553,2025-10-21,C056,Customer 56,Region 10,City 27,P086,Product 86,Category 11,3,371.95,1115.85,5,142.88
O03554,2025-08-15,C086,Customer 86,Region 5,City 27,P005,Product 5,Category 5,6,86.73,520.38,5,61.13
O03555,2025-06-29,C132,Customer 132,Region 2,City 13,P095,Product 95,Category 5,4,177.16,708.64,0,181.87
O03556,2025-04-30,C102,Customer 102,Region 7,City 13,P073,Product 73,Category 13,6,98.73,592.38,5,61.51
O03557,2025-04-08,C244,Customer 244,Region 3,City 5,P008,Product 8,Category 8,7,252.32,1766.24,5,323.15
O03558,2025-06-14,C084,Customer 84,Region 9,City 25,P013,Product 13,Category 13,4,47.04,188.16,5,52.74
O03559,2025-03-05,C011,Customer 11,Region 6,City 12,P021,Product 21,Category 6,10,126.09,1260.9,0,366.19
O03560,2025-09-29,C109,Customer 109,Region 8,City 20,P087,Product 87,Category 12,5,230.44,1152.2,0,277.5
O03561,2025-04-28,C032,Customer 32,Region 4,City 3,P033,Product 33,Category 3,6,392.37,2354.22,10,556.51
O03562,2025-02-21,C220,Customer 220,Region 9,City 11,P009,Product 9,Category 9,7,154.35,1080.45,20,132.15
O03563,2025-07-04,C132,Customer 132,Region 2,City 13,P076,Product 76,Category 1,2,21.06,42.12,15,12.43
O03564,2025-11-17,C006,Customer 6,Region 9,City 7,P067,Product 67,Category 7,1,245.24,245.24,20,27.19
O03565,2025-05-04,C179,Customer 179,Region 5,City 30,P100,Product 100,Category 10,1,118.57,118.57,0,29.76
O03566,2025-04-20,C015,Customer 15,Region 6,City 16,P015,Product 15,Category 15,5,366.97,1834.85,15,251.17
O03567,2025-07-07,C218,Customer 218,Region 4,City 9,P080,Product 80,Category 5,9,322.73,2904.57,10,503.47
O03568,2025-08-07,C282,Customer 282,Region 1,City 13,P032,Product 32,Category 2,6,246.16,1476.96,15,401.62
O03569,2025-01-24,C212,Customer 212,Region 5,City 3,P008,Product 8,Category 8,4,252.32,1009.28,0,79.0
O03570,2025-09-02,C006,Customer 6,Region 9,City 7,P073,Product 73,Category 13,4,98.73,394.92,15,60.53
O03571,2025-01-23,C189,Customer 189,Region 9,City 10,P018,Product 18,Category 3,5,218.78,1093.9,5,200.65
O03572,2025-07-28,C097,Customer 97,Region 6,City 8,P062,Product 62,Category 2,2,167.7,335.4,10,44.04
O03573,2025-05-05,C225,Customer 225,Region 7,City 16,P030,Product 30,Category 15,9,225.39,2028.51,15,211.78
O03574,2025-08-11,C263,Customer 263,Region 2,City 24,P078,Product 78,Category 3,5,382.56,1912.8,10,123.41
O03575,2025-05-22,C250,Customer 250,Region 5,City 11,P039,Product 39,Category 9,5,489.97,2449.85,10,525.5
O03576,2025-04-26,C222,Customer 222,Region 8,City 13,P091,Product 91,Category 1,7,338.65,2370.55,0,397.2
O03577,2025-08-06,C128,Customer 128,Region 2,City 9,P051,Product 51,Category 6,8,16.21,129.68,10,25.81
O03578,2025-11-13,C275,Customer 275,Region 9,City 6,P095,Product 95,Category 5,4,177.16,708.64,5,150.25
O03579,2025-08-16,C274,Customer 274,Region 1,City 5,P017,Product 17,Category 2,5,373.36,1866.8,20,214.99
O03580,2025-05-04,C104,Customer 104,Region 4,City 15,P059,Product 59,Category 14,2,348.66,697.32,20,188.68
O03581,2025-04-19,C146,Customer 146,Region 7,City 27,P078,Product 78,Category 3,5,382.56,1912.8,15,96.5
O03582,2025-07-08,C217,Customer 217,Region 4,City 8,P044,Product 44,Category 14,2,37.1,74.2,10,21.16
O03583,2025-05-13,C260,Customer 260,Region 3,City 21,P007,Product 7,Category 7,10,451.77,4517.7,5,571.86
O03584,2025-01-11,C120,Customer 120,Region 8,City 1,P071,Product 71,Category 11,9,289.19,2602.71,0,242.28
O03585,2025-10-30,C194,Customer 194,Region 1,City 15,P089,Product 89,Category 14,8,220.92,1767.36,10,280.67
O03586,2025-08-10,C088,Customer 88,Region 5,City 29,P051,Product 51,Category 6,1,16.21,16.21,0,2.5
O03587,2025-12-16,C252,Customer 252,Region 6,City 13,P075,Product 75,Category 15,5,418.32,2091.6,5,173.92
O03588,2025-12-31,C035,Customer 35,Region 1,City 6,P016,Product 16,Category 1,6,29.92,179.52,15,49.52
O03589,2025-11-15,C265,Customer 265,Region 8,City 26,P047,Product 47,Category 2,10,198.11,1981.1,10,235.85
O03590,2025-05-03,C094,Customer 94,Region 10,City 5,P015,Product 15,Category 15,10,366.97,3669.7,15,189.69
O03591,2025-07-02,C066,Customer 66,Region 5,City 7,P037,Product 37,Category 7,9,329.5,2965.5,10,551.16
O03592,2025-03-19,C238,Customer 238,Region 5,City 29,P020,Product 20,Category 5,1,261.28,261.28,0,22.8
O03593,2025-06-25,C089,Customer 89,Region 3,City 30,P071,Product 71,Category 11,4,289.19,1156.76,5,201.13
O03594,2025-09-10,C157,Customer 157,Region 2,City 8,P078,Product 78,Category 3,5,382.56,1912.8,0,346.91
O03595,2025-03-21,C205,Customer 205,Region 6,City 26,P062,Product 62,Category 2,1,167.7,167.7,15,17.79
O03596,2025-09-21,C129,Customer 129,Region 10,City 10,P081,Product 81,Category 6,10,112.74,1127.4,20,152.11
O03597,2025-05-18,C219,Customer 219,Region 1,City 10,P021,Product 21,Category 6,2,126.09,252.18,0,22.83
O03598,2025-05-04,C137,Customer 137,Region 10,City 18,P083,Product 83,Category 8,2,465.48,930.96,20,252.03
O03599,2025-10-13,C143,Customer 143,Region 8,City 24,P071,Product 71,Category 11,10,289.19,2891.9,20,225.82
O03600,2025-04-04,C292,Customer 292,Region 7,City 23,P050,Product 50,Category 5,3,464.52,1393.56,15,105.81
O03601,2025-04-14,C216,Customer 216,Region 9,City 7,P031,Product 31,Category 1,3,69.9,209.7,10,49.77
O03602,2025-06-21,C120,Customer 120,Region 8,City 1,P094,Product 94,Category 4,5,65.36,326.8,5,38.01
O03603,2025-05-03,C284,Customer 284,Region 8,City 15,P091,Product 91,Category 1,6,338.65,2031.9,10,283.71
O03604,2025-09-24,C239,Customer 239,Region 2,City 30,P079,Product 79,Category 4,2,47.04,94.08,15,8.23
O03605,2025-10-25,C206,Customer 206,Region 7,City 27,P077,Product 77,Category 2,4,475.01,1900.04,5,220.38
O03606,2025-08-22,C075,Customer 75,Region 3,City 16,P064,Product 64,Category 4,10,445.94,4459.4,5,818.29
O03607,2025-01-09,C139,Customer 139,Region 8,City 20,P084,Product 84,Category 9,9,410.58,3695.22,15,869.0
O03608,2025-09-11,C201,Customer 201,Region 4,City 22,P038,Product 38,Category 8,5,30.8,154.0,20,16.95
O03609,2025-04-03,C122,Customer 122,Region 3,City 3,P059,Product 59,Category 14,1,348.66,348.66,15,45.06
O03610,2025-09-21,C037,Customer 37,Region 7,City 8,P088,Product 88,Category 13,5,289.01,1445.05,20,84.74
O03611,2025-10-07,C023,Customer 23,Region 8,City 24,P018,Product 18,Category 3,6,218.78,1312.68,20,378.23
O03612,2025-03-30,C220,Customer 220,Region 9,City 11,P094,Product 94,Category 4,5,65.36,326.8,5,26.92
O03613,2025-10-29,C286,Customer 286,Region 10,City 17,P021,Product 21,Category 6,4,126.09,504.36,5,46.56
O03614,2025-09-08,C046,Customer 46,Region 4,City 17,P049,Product 49,Category 4,7,491.59,3441.13,5,873.1
O03615,2025-08-08,C048,Customer 48,Region 10,City 19,P066,Product 66,Category 6,10,79.06,790.6,5,161.01
O03616,2025-05-30,C156,Customer 156,Region 2,City 7,P091,Product 91,Category 1,8,338.65,2709.2,15,297.86
O03617,2025-10-31,C125,Customer 125,Region 6,City 6,P087,Product 87,Category 12,9,230.44,2073.96,10,616.87
O03618,2025-11-05,C098,Customer 98,Region 5,City 9,P055,Product 55,Category 10,7,215.67,1509.69,0,243.36
O03619,2025-08-28,C274,Customer 274,Region 1,City 5,P032,Product 32,Category 2,9,246.16,2215.44,0,590.09
O03620,2025-07-28,C164,Customer 164,Region 3,City 15,P037,Product 37,Category 7,7,329.5,2306.5,15,146.02
O03621,2025-12-23,C242,Customer 242,Region 7,City 3,P095,Product 95,Category 5,4,177.16,708.64,15,156.97
O03622,2025-06-22,C223,Customer 223,Region 3,City 14,P060,Product 60,Category 15,6,197.8,1186.8,5,329.95
O03623,2025-03-02,C110,Customer 110,Region 3,City 21,P095,Product 95,Category 5,2,177.16,354.32,10,21.8
O03624,2025-07-14,C012,Customer 12,Region 1,City 13,P052,Product 52,Category 7,5,409.71,2048.55,20,379.12
O03625,2025-11-26,C156,Customer 156,Region 2,City 7,P026,Product 26,Category 11,2,474.87,949.74,15,63.14
O03626,2025-02-16,C248,Customer 248,Region 6,City 9,P044,Product 44,Category 14,5,37.1,185.5,10,49.5
O03627,2025-06-25,C249,Customer 249,Region 2,City 10,P065,Product 65,Category 5,1,194.4,194.4,15,18.71
O03628,2025-08-11,C122,Customer 122,Region 3,City 3,P081,Product 81,Category 6,4,112.74,450.96,20,34.18
O03629,2025-04-29,C237,Customer 237,Region 1,City 28,P072,Product 72,Category 12,4,27.53,110.12,5,7.87
O03630,2025-03-19,C207,Customer 207,Region 2,City 28,P016,Product 16,Category 1,8,29.92,239.36,0,69.0
O03631,2025-12-31,C234,Customer 234,Region 8,City 25,P075,Product 75,Category 15,9,418.32,3764.88,20,393.37
O03632,2025-05-08,C052,Customer 52,Region 4,City 23,P060,Product 60,Category 15,8,197.8,1582.4,20,462.99
O03633,2025-03-29,C028,Customer 28,Region 1,City 29,P012,Product 12,Category 12,5,453.15,2265.75,10,630.51
O03634,2025-10-17,C001,Customer 1,Region 10,City 2,P044,Product 44,Category 14,9,37.1,333.9,10,62.03
O03635,2025-02-05,C129,Customer 129,Region 10,City 10,P046,Product 46,Category 1,5,42.09,210.45,10,38.62
O03636,2025-08-09,C009,Customer 9,Region 7,City 10,P031,Product 31,Category 1,7,69.9,489.3,20,145.57
O03637,2025-06-03,C057,Customer 57,Region 7,City 28,P075,Product 75,Category 15,10,418.32,4183.2,15,855.51
O03638,2025-08-22,C210,Customer 210,Region 7,City 1,P080,Product 80,Category 5,9,322.73,2904.57,10,197.14
O03639,2025-02-10,C144,Customer 144,Region 4,City 25,P067,Product 67,Category 7,10,245.24,2452.4,0,682.77
O03640,2025-09-06,C212,Customer 212,Region 5,City 3,P070,Product 70,Category 10,6,231.01,1386.06,0,219.65
O03641,2025-05-26,C169,Customer 169,Region 1,City 20,P011,Product 11,Category 11,9,48.35,435.15,20,26.43
O03642,2025-03-29,C027,Customer 27,Region 5,City 28,P067,Product 67,Category 7,3,245.24,735.72,10,146.26
O03643,2025-09-01,C061,Customer 61,Region 1,City 2,P048,Product 48,Category 3,5,392.2,1961.0,5,103.94
O03644,2025-12-05,C181,Customer 181,Region 4,City 2,P029,Product 29,Category 14,7,260.21,1821.47,20,544.27
O03645,2025-12-22,C289,Customer 289,Region 6,City 20,P013,Product 13,Category 13,7,47.04,329.28,10,51.59
O03646,2025-04-13,C271,Customer 271,Region 2,City 2,P005,Product 5,Category 5,5,86.73,433.65,15,123.5
O03647,2025-07-02,C108,Customer 108,Region 7,City 19,P067,Product 67,Category 7,2,245.24,490.48,10,109.49
O03648,2025-06-11,C025,Customer 25,Region 6,City 26,P083,Product 83,Category 8,1,465.48,465.48,5,45.97
O03649,2025-03-06,C279,Customer 279,Region 9,City 10,P097,Product 97,Category 7,4,226.37,905.48,0,73.64
O03650,2025-01-29,C193,Customer 193,Region 4,City 14,P001,Product 1,Category 1,1,254.75,254.75,20,56.79
O03651,2025-01-08,C080,Customer 80,Region 8,City 21,P040,Product 40,Category 10,7,456.29,3194.03,15,836.11
O03652,2025-04-23,C147,Customer 147,Region 7,City 28,P089,Product 89,Category 14,5,220.92,1104.6,5,98.19
O03653,2025-05-06,C293,Customer 293,Region 3,City 24,P091,Product 91,Category 1,10,338.65,3386.5,20,1013.72
O03654,2025-07-01,C060,Customer 60,Region 4,City 1,P023,Product 23,Category 8,3,444.27,1332.81,20,361.77
O03655,2025-12-20,C293,Customer 293,Region 3,City 24,P013,Product 13,Category 13,8,47.04,376.32,5,39.53
O03656,2025-04-10,C095,Customer 95,Region 7,City 6,P086,Product 86,Category 11,2,371.95,743.9,0,182.54
O03657,2025-04-07,C074,Customer 74,Region 7,City 15,P079,Product 79,Category 4,2,47.04,94.08,20,21.77
O03658,2025-01-15,C062,Customer 62,Region 8,City 3,P010,Product 10,Category 10,9,293.01,2637.09,0,302.97
O03659,2025-10-14,C010,Customer 10,Region 6,City 11,P083,Product 83,Category 8,4,465.48,1861.92,20,529.83
O03660,2025-03-08,C009,Customer 9,Region 7,City 10,P096,Product 96,Category 6,10,437.68,4376.8,0,621.66
O03661,2025-11-15,C172,Customer 172,Region 1,City 23,P073,Product 73,Category 13,1,98.73,98.73,5,6.38
O03662,2025-12-29,C179,Customer 179,Region 5,City 30,P083,Product 83,Category 8,9,465.48,4189.32,20,305.27
O03663,2025-05-29,C236,Customer 236,Region 10,City 27,P026,Product 26,Category 11,7,474.87,3324.09,5,260.06
O03664,2025-08-18,C165,Customer 165,Region 9,City 16,P100,Product 100,Category 10,3,118.57,355.71,0,36.82
O03665,2025-10-31,C067,Customer 67,Region 1,City 8,P075,Product 75,Category 15,1,418.32,418.32,20,45.75
O03666,2025-05-17,C018,Customer 18,Region 9,City 19,P066,Product 66,Category 6,4,79.06,316.24,10,67.95
O03667,2025-03-28,C086,Customer 86,Region 5,City 27,P002,Product 2,Category 2,10,181.44,1814.4,20,297.47
O03668,2025-03-15,C086,Customer 86,Region 5,City 27,P006,Product 6,Category 6,10,65.37,653.7,5,182.31
O03669,2025-02-18,C272,Customer 272,Region 5,City 3,P044,Product 44,Category 14,10,37.1,371.0,15,106.79
O03670,2025-02-08,C144,Customer 144,Region 4,City 25,P085,Product 85,Category 10,2,456.11,912.22,10,167.57
O03671,2025-05-02,C258,Customer 258,Region 5,City 19,P092,Product 92,Category 2,6,134.34,806.04,20,108.4
O03672,2025-05-03,C241,Customer 241,Region 6,City 2,P093,Product 93,Category 3,7,53.85,376.95,5,94.94
O03673,2025-11-26,C258,Customer 258,Region 5,City 19,P091,Product 91,Category 1,4,338.65,1354.6,10,275.69
O03674,2025-08-09,C007,Customer 7,Region 10,City 8,P096,Product 96,Category 6,9,437.68,3939.12,0,497.34
O03675,2025-12-15,C117,Customer 117,Region 10,City 28,P009,Product 9,Category 9,7,154.35,1080.45,20,184.71
O03676,2025-04-24,C106,Customer 106,Region 2,City 17,P083,Product 83,Category 8,6,465.48,2792.88,0,418.76
O03677,2025-12-08,C221,Customer 221,Region 1,City 12,P020,Product 20,Category 5,1,261.28,261.28,20,24.72
O03678,2025-02-07,C037,Customer 37,Region 7,City 8,P085,Product 85,Category 10,8,456.11,3648.88,15,562.24
O03679,2025-08-22,C148,Customer 148,Region 1,City 29,P074,Product 74,Category 14,1,291.07,291.07,5,81.89
O03680,2025-05-27,C138,Customer 138,Region 2,City 19,P007,Product 7,Category 7,10,451.77,4517.7,5,1147.63
O03681,2025-09-14,C124,Customer 124,Region 5,City 5,P028,Product 28,Category 13,9,186.78,1681.02,20,353.98
O03682,2025-07-31,C287,Customer 287,Region 1,City 18,P058,Product 58,Category 13,5,201.63,1008.15,0,220.04
O03683,2025-08-11,C282,Customer 282,Region 1,City 13,P065,Product 65,Category 5,7,194.4,1360.8,20,319.74
O03684,2025-12-07,C234,Customer 234,Region 8,City 25,P004,Product 4,Category 4,7,446.21,3123.47,5,230.84
O03685,2025-06-11,C099,Customer 99,Region 8,City 10,P078,Product 78,Category 3,5,382.56,1912.8,15,459.02
O03686,2025-10-19,C164,Customer 164,Region 3,City 15,P090,Product 90,Category 15,7,299.19,2094.33,0,437.35
O03687,2025-05-28,C083,Customer 83,Region 1,City 24,P074,Product 74,Category 14,2,291.07,582.14,15,134.46
O03688,2025-01-15,C163,Customer 163,Region 5,City 14,P039,Product 39,Category 9,5,489.97,2449.85,5,305.15
O03689,2025-04-26,C256,Customer 256,Region 10,City 17,P072,Product 72,Category 12,7,27.53,192.71,5,40.13
O03690,2025-08-06,C209,Customer 209,Region 10,City 30,P039,Product 39,Category 9,5,489.97,2449.85,15,311.9
O03691,2025-10-24,C091,Customer 91,Region 8,City 2,P067,Product 67,Category 7,3,245.24,735.72,20,190.1
O03692,2025-08-21,C236,Customer 236,Region 10,City 27,P051,Product 51,Category 6,7,16.21,113.47,5,19.36
O03693,2025-09-05,C254,Customer 254,Region 7,City 15,P087,Product 87,Category 12,3,230.44,691.32,5,157.54
O03694,2025-08-01,C209,Customer 209,Region 10,City 30,P091,Product 91,Category 1,2,338.65,677.3,15,196.16
O03695,2025-03-10,C027,Customer 27,Region 5,City 28,P093,Product 93,Category 3,5,53.85,269.25,15,25.24
O03696,2025-05-06,C002,Customer 2,Region 1,City 3,P052,Product 52,Category 7,9,409.71,3687.39,15,623.15
O03697,2025-09-09,C085,Customer 85,Region 3,City 26,P095,Product 95,Category 5,4,177.16,708.64,5,88.32
O03698,2025-10-06,C174,Customer 174,Region 10,City 25,P066,Product 66,Category 6,7,79.06,553.42,15,113.11
O03699,2025-03-26,C212,Customer 212,Region 5,City 3,P074,Product 74,Category 14,10,291.07,2910.7,15,776.97
O03700,2025-11-30,C270,Customer 270,Region 1,City 1,P053,Product 53,Category 8,1,434.3,434.3,20,106.03
O03701,2025-05-18,C184,Customer 184,Region 1,City 5,P080,Product 80,Category 5,7,322.73,2259.11,15,645.32
O03702,2025-10-24,C016,Customer 16,Region 1,City 17,P056,Product 56,Category 11,2,261.99,523.98,5,56.86
O03703,2025-01-25,C147,Customer 147,Region 7,City 28,P058,Product 58,Category 13,1,201.63,201.63,5,24.95
O03704,2025-04-08,C186,Customer 186,Region 8,City 7,P065,Product 65,Category 5,8,194.4,1555.2,15,214.77
O03705,2025-08-07,C018,Customer 18,Region 9,City 19,P055,Product 55,Category 10,5,215.67,1078.35,5,255.02
O03706,2025-04-03,C224,Customer 224,Region 6,City 15,P086,Product 86,Category 11,10,371.95,3719.5,15,407.85
O03707,2025-07-16,C155,Customer 155,Region 3,City 6,P094,Product 94,Category 4,7,65.36,457.52,20,83.75
O03708,2025-09-12,C074,Customer 74,Region 7,City 15,P007,Product 7,Category 7,7,451.77,3162.39,0,581.7
O03709,2025-08-06,C032,Customer 32,Region 4,City 3,P097,Product 97,Category 7,7,226.37,1584.59,0,428.38
O03710,2025-08-03,C036,Customer 36,Region 9,City 7,P098,Product 98,Category 8,7,335.46,2348.22,0,439.44
O03711,2025-06-11,C053,Customer 53,Region 8,City 24,P088,Product 88,Category 13,4,289.01,1156.04,0,181.71
O03712,2025-09-04,C247,Customer 247,Region 6,City 8,P089,Product 89,Category 14,2,220.92,441.84,0,22.37
O03713,2025-05-27,C125,Customer 125,Region 6,City 6,P089,Product 89,Category 14,2,220.92,441.84,20,25.88
O03714,2025-11-05,C069,Customer 69,Region 4,City 10,P096,Product 96,Category 6,9,437.68,3939.12,20,507.96
O03715,2025-03-14,C140,Customer 140,Region 2,City 21,P034,Product 34,Category 4,2,389.34,778.68,15,92.27
O03716,2025-06-22,C297,Customer 297,Region 8,City 28,P059,Product 59,Category 14,3,348.66,1045.98,15,124.78
O03717,2025-11-24,C054,Customer 54,Region 10,City 25,P020,Product 20,Category 5,6,261.28,1567.68,15,453.95
O03718,2025-03-08,C267,Customer 267,Region 5,City 28,P029,Product 29,Category 14,10,260.21,2602.1,0,202.94
O03719,2025-01-08,C232,Customer 232,Region 2,City 23,P073,Product 73,Category 13,8,98.73,789.84,5,140.94
O03720,2025-06-23,C141,Customer 141,Region 2,City 22,P076,Product 76,Category 1,7,21.06,147.42,10,17.35
O03721,2025-08-14,C269,Customer 269,Region 6,City 30,P035,Product 35,Category 5,3,149.03,447.09,20,120.36
O03722,2025-03-13,C164,Customer 164,Region 3,City 15,P022,Product 22,Category 7,4,474.2,1896.8,10,510.96
O03723,2025-01-14,C088,Customer 88,Region 5,City 29,P021,Product 21,Category 6,7,126.09,882.63,10,106.34
O03724,2025-07-26,C103,Customer 103,Region 3,City 14,P046,Product 46,Category 1,3,42.09,126.27,0,21.69
O03725,2025-08-09,C089,Customer 89,Region 3,City 30,P082,Product 82,Category 7,2,387.7,775.4,10,177.23
O03726,2025-07-24,C187,Customer 187,Region 3,City 8,P008,Product 8,Category 8,5,252.32,1261.6,20,197.12
O03727,2025-02-10,C294,Customer 294,Region 9,City 25,P022,Product 22,Category 7,6,474.2,2845.2,10,564.92
O03728,2025-07-16,C255,Customer 255,Region 9,City 16,P096,Product 96,Category 6,9,437.68,3939.12,20,721.04
O03729,2025-03-09,C056,Customer 56,Region 10,City 27,P069,Product 69,Category 9,5,386.3,1931.5,0,249.98
O03730,2025-10-02,C235,Customer 235,Region 4,City 26,P043,Product 43,Category 13,4,374.4,1497.6,0,381.78
O03731,2025-04-18,C142,Customer 142,Region 2,City 23,P010,Product 10,Category 10,3,293.01,879.03,0,194.19
O03732,2025-07-20,C259,Customer 259,Region 7,City 20,P019,Product 19,Category 4,6,20.62,123.72,15,11.88
O03733,2025-01-16,C208,Customer 208,Region 9,City 29,P075,Product 75,Category 15,10,418.32,4183.2,5,393.58
O03734,2025-10-13,C172,Customer 172,Region 1,City 23,P059,Product 59,Category 14,10,348.66,3486.6,15,996.03
O03735,2025-04-16,C004,Customer 4,Region 6,City 5,P094,Product 94,Category 4,8,65.36,522.88,20,82.17
O03736,2025-02-19,C013,Customer 13,Region 6,City 14,P066,Product 66,Category 6,9,79.06,711.54,5,152.51
O03737,2025-11-04,C186,Customer 186,Region 8,City 7,P078,Product 78,Category 3,3,382.56,1147.68,0,312.02
O03738,2025-03-01,C113,Customer 113,Region 8,City 24,P041,Product 41,Category 11,5,267.12,1335.6,0,153.21
O03739,2025-01-09,C228,Customer 228,Region 7,City 19,P046,Product 46,Category 1,2,42.09,84.18,20,22.72
O03740,2025-10-23,C227,Customer 227,Region 9,City 18,P080,Product 80,Category 5,7,322.73,2259.11,10,226.36
O03741,2025-01-12,C158,Customer 158,Region 9,City 9,P091,Product 91,Category 1,2,338.65,677.3,10,51.56
O03742,2025-09-28,C209,Customer 209,Region 10,City 30,P028,Product 28,Category 13,2,186.78,373.56,10,80.18
O03743,2025-01-03,C013,Customer 13,Region 6,City 14,P017,Product 17,Category 2,1,373.36,373.36,0,45.47
O03744,2025-01-28,C042,Customer 42,Region 5,City 13,P091,Product 91,Category 1,8,338.65,2709.2,15,584.11
O03745,2025-09-05,C054,Customer 54,Region 10,City 25,P073,Product 73,Category 13,5,98.73,493.65,10,93.47
O03746,2025-08-22,C265,Customer 265,Region 8,City 26,P070,Product 70,Category 10,3,231.01,693.03,10,77.9
O03747,2025-07-29,C056,Customer 56,Region 10,City 27,P030,Product 30,Category 15,4,225.39,901.56,0,65.62
O03748,2025-06-07,C231,Customer 231,Region 7,City 22,P001,Product 1,Category 1,4,254.75,1019.0,15,124.15
O03749,2025-10-14,C179,Customer 179,Region 5,City 30,P096,Product 96,Category 6,6,437.68,2626.08,5,151.45
O03750,2025-12-22,C102,Customer 102,Region 7,City 13,P002,Product 2,Category 2,3,181.44,544.32,10,148.21
O03751,2025-05-19,C103,Customer 103,Region 3,City 14,P095,Product 95,Category 5,6,177.16,1062.96,20,103.58
O03752,2025-05-25,C067,Customer 67,Region 1,City 8,P087,Product 87,Category 12,7,230.44,1613.08,10,364.25
O03753,2025-05-27,C030,Customer 30,Region 1,City 1,P071,Product 71,Category 11,2,289.19,578.38,0,74.29
O03754,2025-06-01,C075,Customer 75,Region 3,City 16,P070,Product 70,Category 10,5,231.01,1155.05,20,60.27
O03755,2025-04-12,C073,Customer 73,Region 7,City 14,P008,Product 8,Category 8,4,252.32,1009.28,10,76.83
O03756,2025-11-10,C073,Customer 73,Region 7,City 14,P056,Product 56,Category 11,5,261.99,1309.95,10,312.57
O03757,2025-04-28,C108,Customer 108,Region 7,City 19,P073,Product 73,Category 13,2,98.73,197.46,10,49.38
O03758,2025-07-10,C257,Customer 257,Region 6,City 18,P034,Product 34,Category 4,2,389.34,778.68,15,120.02
O03759,2025-07-24,C061,Customer 61,Region 1,City 2,P074,Product 74,Category 14,2,291.07,582.14,0,174.46
O03760,2025-06-14,C090,Customer 90,Region 4,City 1,P050,Product 50,Category 5,9,464.52,4180.68,5,741.6
O03761,2025-08-01,C289,Customer 289,Region 6,City 20,P089,Product 89,Category 14,10,220.92,2209.2,5,169.81
O03762,2025-06-27,C147,Customer 147,Region 7,City 28,P094,Product 94,Category 4,9,65.36,588.24,5,138.03
O03763,2025-04-22,C097,Customer 97,Region 6,City 8,P068,Product 68,Category 8,8,366.31,2930.48,5,295.62
O03764,2025-01-26,C115,Customer 115,Region 5,City 26,P042,Product 42,Category 12,2,416.99,833.98,20,79.3
O03765,2025-02-10,C251,Customer 251,Region 1,City 12,P009,Product 9,Category 9,1,154.35,154.35,15,9.88
O03766,2025-10-03,C172,Customer 172,Region 1,City 23,P053,Product 53,Category 8,2,434.3,868.6,0,80.9
O03767,2025-10-30,C265,Customer 265,Region 8,City 26,P096,Product 96,Category 6,1,437.68,437.68,15,61.68
O03768,2025-04-10,C062,Customer 62,Region 8,City 3,P037,Product 37,Category 7,3,329.5,988.5,15,160.55
O03769,2025-05-13,C099,Customer 99,Region 8,City 10,P002,Product 2,Category 2,1,181.44,181.44,0,12.8
O03770,2025-07-09,C167,Customer 167,Region 3,City 18,P032,Product 32,Category 2,8,246.16,1969.28,20,337.47
O03771,2025-03-01,C013,Customer 13,Region 6,City 14,P050,Product 50,Category 5,3,464.52,1393.56,15,75.87
O03772,2025-07-31,C038,Customer 38,Region 4,City 9,P018,Product 18,Category 3,5,218.78,1093.9,20,155.2
O03773,2025-12-17,C217,Customer 217,Region 4,City 8,P029,Product 29,Category 14,6,260.21,1561.26,0,396.61
O03774,2025-10-10,C246,Customer 246,Region 10,City 7,P012,Product 12,Category 12,5,453.15,2265.75,20,537.48
O03775,2025-10-08,C171,Customer 171,Region 3,City 22,P060,Product 60,Category 15,6,197.8,1186.8,5,156.57
O03776,2025-01-25,C255,Customer 255,Region 9,City 16,P038,Product 38,Category 8,7,30.8,215.6,15,13.91
O03777,2025-07-20,C244,Customer 244,Region 3,City 5,P082,Product 82,Category 7,10,387.7,3877.0,20,1042.2
O03778,2025-06-20,C094,Customer 94,Region 10,City 5,P075,Product 75,Category 15,5,418.32,2091.6,10,252.18
O03779,2025-05-01,C107,Customer 107,Region 5,City 18,P036,Product 36,Category 6,4,93.48,373.92,15,102.11
O03780,2025-11-06,C207,Customer 207,Region 2,City 28,P061,Product 61,Category 1,2,126.53,253.06,5,44.99
O03781,2025-07-07,C110,Customer 110,Region 3,City 21,P007,Product 7,Category 7,1,451.77,451.77,10,90.08
O03782,2025-04-16,C073,Customer 73,Region 7,City 14,P017,Product 17,Category 2,10,373.36,3733.6,0,377.03
O03783,2025-06-02,C099,Customer 99,Region 8,City 10,P051,Product 51,Category 6,5,16.21,81.05,0,21.43
O03784,2025-06-23,C063,Customer 63,Region 9,City 4,P020,Product 20,Category 5,4,261.28,1045.12,5,124.2
O03785,2025-06-23,C034,Customer 34,Region 2,City 5,P023,Product 23,Category 8,2,444.27,888.54,0,179.19
O03786,2025-04-02,C101,Customer 101,Region 7,City 12,P010,Product 10,Category 10,9,293.01,2637.09,10,466.86
O03787,2025-03-04,C199,Customer 199,Region 8,City 20,P031,Product 31,Category 1,4,69.9,279.6,5,19.23
O03788,2025-02-12,C192,Customer 192,Region 3,City 13,P041,Product 41,Category 11,1,267.12,267.12,15,18.91
O03789,2025-04-06,C278,Customer 278,Region 2,City 9,P012,Product 12,Category 12,2,453.15,906.3,0,207.87
O03790,2025-08-21,C214,Customer 214,Region 3,City 5,P029,Product 29,Category 14,9,260.21,2341.89,20,184.43
O03791,2025-05-25,C185,Customer 185,Region 10,City 6,P062,Product 62,Category 2,5,167.7,838.5,20,100.95
O03792,2025-03-18,C095,Customer 95,Region 7,City 6,P014,Product 14,Category 14,5,159.28,796.4,15,108.92
O03793,2025-04-28,C286,Customer 286,Region 10,City 17,P085,Product 85,Category 10,6,456.11,2736.66,0,159.2
O03794,2025-01-03,C014,Customer 14,Region 7,City 15,P052,Product 52,Category 7,4,409.71,1638.84,15,122.69
O03795,2025-12-25,C191,Customer 191,Region 5,City 12,P061,Product 61,Category 1,7,126.53,885.71,0,180.9
O03796,2025-06-27,C168,Customer 168,Region 7,City 19,P021,Product 21,Category 6,4,126.09,504.36,15,32.52
O03797,2025-02-27,C095,Customer 95,Region 7,City 6,P076,Product 76,Category 1,4,21.06,84.24,0,20.53
O03798,2025-05-24,C154,Customer 154,Region 10,City 5,P059,Product 59,Category 14,3,348.66,1045.98,20,274.91
O03799,2025-04-08,C161,Customer 161,Region 10,City 12,P086,Product 86,Category 11,7,371.95,2603.65,5,617.07
O03800,2025-02-21,C136,Customer 136,Region 5,City 17,P057,Product 57,Category 12,9,310.13,2791.17,0,544.1
O03801,2025-10-10,C148,Customer 148,Region 1,City 29,P097,Product 97,Category 7,3,226.37,679.11,10,155.03
O03802,2025-11-01,C071,Customer 71,Region 3,City 12,P076,Product 76,Category 1,10,21.06,210.6,15,36.14
O03803,2025-06-16,C297,Customer 297,Region 8,City 28,P090,Product 90,Category 15,10,299.19,2991.9,5,662.58
O03804,2025-02-12,C297,Customer 297,Region 8,City 28,P082,Product 82,Category 7,4,387.7,1550.8,5,333.89
O03805,2025-12-07,C160,Customer 160,Region 7,City 11,P099,Product 99,Category 9,6,154.71,928.26,15,108.07
O03806,2025-09-17,C064,Customer 64,Region 2,City 5,P070,Product 70,Category 10,3,231.01,693.03,0,44.41
O03807,2025-11-17,C100,Customer 100,Region 1,City 11,P037,Product 37,Category 7,1,329.5,329.5,10,46.62
O03808,2025-05-05,C242,Customer 242,Region 7,City 3,P071,Product 71,Category 11,8,289.19,2313.52,15,650.05
O03809,2025-01-09,C081,Customer 81,Region 7,City 22,P052,Product 52,Category 7,8,409.71,3277.68,15,379.39
O03810,2025-06-12,C241,Customer 241,Region 6,City 2,P089,Product 89,Category 14,9,220.92,1988.28,10,237.23
O03811,2025-12-28,C067,Customer 67,Region 1,City 8,P040,Product 40,Category 10,8,456.29,3650.32,10,654.28
O03812,2025-06-27,C168,Customer 168,Region 7,City 19,P095,Product 95,Category 5,4,177.16,708.64,10,156.92
O03813,2025-09-23,C029,Customer 29,Region 9,City 30,P004,Product 4,Category 4,2,446.21,892.42,20,265.57
O03814,2025-03-15,C206,Customer 206,Region 7,City 27,P031,Product 31,Category 1,1,69.9,69.9,0,13.77
O03815,2025-04-01,C261,Customer 261,Region 5,City 22,P012,Product 12,Category 12,8,453.15,3625.2,10,956.66
O03816,2025-02-10,C237,Customer 237,Region 1,City 28,P084,Product 84,Category 9,6,410.58,2463.48,20,176.13
O03817,2025-01-25,C076,Customer 76,Region 6,City 17,P001,Product 1,Category 1,7,254.75,1783.25,10,161.53
O03818,2025-04-13,C240,Customer 240,Region 5,City 1,P022,Product 22,Category 7,7,474.2,3319.4,20,381.54
O03819,2025-04-25,C228,Customer 228,Region 7,City 19,P018,Product 18,Category 3,8,218.78,1750.24,20,320.71
O03820,2025-09-10,C122,Customer 122,Region 3,City 3,P005,Product 5,Category 5,2,86.73,173.46,5,28.74
O03821,2025-08-14,C198,Customer 198,Region 4,City 19,P010,Product 10,Category 10,4,293.01,1172.04,0,194.55
O03822,2025-11-23,C251,Customer 251,Region 1,City 12,P098,Product 98,Category 8,3,335.46,1006.38,10,191.99
O03823,2025-09-11,C192,Customer 192,Region 3,City 13,P021,Product 21,Category 6,10,126.09,1260.9,20,83.52
O03824,2025-03-24,C289,Customer 289,Region 6,City 20,P100,Product 100,Category 10,8,118.57,948.56,10,281.09
O03825,2025-03-06,C104,Customer 104,Region 4,City 15,P043,Product 43,Category 13,6,374.4,2246.4,0,529.79
O03826,2025-08-13,C261,Customer 261,Region 5,City 22,P086,Product 86,Category 11,10,371.95,3719.5,5,948.54
O03827,2025-11-01,C279,Customer 279,Region 9,City 10,P017,Product 17,Category 2,1,373.36,373.36,0,101.47
O03828,2025-11-01,C163,Customer 163,Region 5,City 14,P011,Product 11,Category 11,6,48.35,290.1,5,40.22
O03829,2025-02-03,C069,Customer 69,Region 4,City 10,P054,Product 54,Category 9,4,12.91,51.64,20,7.55
O03830,2025-05-08,C068,Customer 68,Region 5,City 9,P074,Product 74,Category 14,4,291.07,1164.28,0,189.09
O03831,2025-06-02,C003,Customer 3,Region 9,City 4,P043,Product 43,Category 13,9,374.4,3369.6,20,515.47
O03832,2025-09-28,C212,Customer 212,Region 5,City 3,P046,Product 46,Category 1,3,42.09,126.27,5,24.15
O03833,2025-01-19,C241,Customer 241,Region 6,City 2,P082,Product 82,Category 7,1,387.7,387.7,0,22.69
O03834,2025-06-01,C132,Customer 132,Region 2,City 13,P085,Product 85,Category 10,7,456.11,3192.77,5,185.75
O03835,2025-06-27,C110,Customer 110,Region 3,City 21,P072,Product 72,Category 12,4,27.53,110.12,20,9.87
O03836,2025-02-14,C165,Customer 165,Region 9,City 16,P042,Product 42,Category 12,10,416.99,4169.9,20,365.59
O03837,2025-12-25,C129,Customer 129,Region 10,City 10,P043,Product 43,Category 13,3,374.4,1123.2,10,118.8
O03838,2025-06-03,C184,Customer 184,Region 1,City 5,P036,Product 36,Category 6,4,93.48,373.92,10,71.54
O03839,2025-02-14,C190,Customer 190,Region 3,City 11,P086,Product 86,Category 11,9,371.95,3347.55,10,714.01
O03840,2025-08-04,C138,Customer 138,Region 2,City 19,P081,Product 81,Category 6,3,112.74,338.22,0,61.23
O03841,2025-05-25,C170,Customer 170,Region 4,City 21,P025,Product 25,Category 10,8,34.77,278.16,20,26.41
O03842,2025-08-31,C249,Customer 249,Region 2,City 10,P084,Product 84,Category 9,2,410.58,821.16,10,98.85
O03843,2025-12-29,C144,Customer 144,Region 4,City 25,P003,Product 3,Category 3,10,436.22,4362.2,5,756.66
O03844,2025-01-15,C120,Customer 120,Region 8,City 1,P002,Product 2,Category 2,8,181.44,1451.52,0,201.65
O03845,2025-09-12,C256,Customer 256,Region 10,City 17,P088,Product 88,Category 13,1,289.01,289.01,20,27.37
O03846,2025-02-26,C278,Customer 278,Region 2,City 9,P043,Product 43,Category 13,1,374.4,374.4,15,22.16
O03847,2025-08-26,C188,Customer 188,Region 2,City 9,P079,Product 79,Category 4,7,47.04,329.28,15,28.68
O03848,2025-08-27,C172,Customer 172,Region 1,City 23,P063,Product 63,Category 3,6,307.88,1847.28,10,317.22
O03849,2025-11-26,C219,Customer 219,Region 1,City 10,P007,Product 7,Category 7,5,451.77,2258.85,10,262.54
O03850,2025-07-10,C263,Customer 263,Region 2,City 24,P009,Product 9,Category 9,10,154.35,1543.5,20,282.34
O03851,2025-04-22,C141,Customer 141,Region 2,City 22,P089,Product 89,Category 14,1,220.92,220.92,15,16.23
O03852,2025-11-25,C204,Customer 204,Region 3,City 25,P019,Product 19,Category 4,9,20.62,185.58,15,36.84
O03853,2025-11-17,C166,Customer 166,Region 5,City 17,P066,Product 66,Category 6,10,79.06,790.6,15,67.05
O03854,2025-01-08,C198,Customer 198,Region 4,City 19,P033,Product 33,Category 3,7,392.37,2746.59,20,492.94
O03855,2025-12-30,C171,Customer 171,Region 3,City 22,P003,Product 3,Category 3,8,436.22,3489.76,20,922.37
O03856,2025-07-26,C146,Customer 146,Region 7,City 27,P027,Product 27,Category 12,8,273.37,2186.96,10,590.05
O03857,2025-07-20,C153,Customer 153,Region 1,City 4,P029,Product 29,Category 14,10,260.21,2602.1,5,582.27
O03858,2025-04-10,C276,Customer 276,Region 2,City 7,P086,Product 86,Category 11,8,371.95,2975.6,20,321.06
O03859,2025-02-23,C232,Customer 232,Region 2,City 23,P038,Product 38,Category 8,7,30.8,215.6,10,36.27
O03860,2025-01-15,C003,Customer 3,Region 9,City 4,P099,Product 99,Category 9,9,154.71,1392.39,20,301.28
O03861,2025-02-05,C116,Customer 116,Region 1,City 27,P040,Product 40,Category 10,1,456.29,456.29,15,51.78
O03862,2025-11-23,C146,Customer 146,Region 7,City 27,P075,Product 75,Category 15,4,418.32,1673.28,15,375.77
O03863,2025-05-04,C211,Customer 211,Region 9,City 2,P007,Product 7,Category 7,4,451.77,1807.08,15,487.07
O03864,2025-06-07,C275,Customer 275,Region 9,City 6,P062,Product 62,Category 2,5,167.7,838.5,10,136.83
O03865,2025-10-29,C038,Customer 38,Region 4,City 9,P036,Product 36,Category 6,10,93.48,934.8,20,247.67
O03866,2025-02-10,C084,Customer 84,Region 9,City 25,P043,Product 43,Category 13,4,374.4,1497.6,20,102.14
O03867,2025-04-29,C052,Customer 52,Region 4,City 23,P091,Product 91,Category 1,3,338.65,1015.95,10,103.41
O03868,2025-06-24,C197,Customer 197,Region 10,City 18,P002,Product 2,Category 2,7,181.44,1270.08,10,134.52
O03869,2025-10-30,C273,Customer 273,Region 8,City 4,P100,Product 100,Category 10,5,118.57,592.85,10,117.67
O03870,2025-02-22,C143,Customer 143,Region 8,City 24,P019,Product 19,Category 4,3,20.62,61.86,0,3.86
O03871,2025-12-26,C196,Customer 196,Region 6,City 17,P073,Product 73,Category 13,2,98.73,197.46,5,18.98
O03872,2025-11-22,C024,Customer 24,Region 2,City 25,P045,Product 45,Category 15,5,189.29,946.45,10,136.97
O03873,2025-06-17,C249,Customer 249,Region 2,City 10,P062,Product 62,Category 2,3,167.7,503.1,15,53.49
O03874,2025-07-20,C227,Customer 227,Region 9,City 18,P088,Product 88,Category 13,6,289.01,1734.06,0,145.97
O03875,2025-11-22,C085,Customer 85,Region 3,City 26,P070,Product 70,Category 10,5,231.01,1155.05,15,320.8
O03876,2025-10-19,C149,Customer 149,Region 9,City 30,P054,Product 54,Category 9,10,12.91,129.1,0,19.56
O03877,2025-04-13,C221,Customer 221,Region 1,City 12,P072,Product 72,Category 12,3,27.53,82.59,20,14.36
O03878,2025-06-02,C061,Customer 61,Region 1,City 2,P022,Product 22,Category 7,4,474.2,1896.8,0,345.65
O03879,2025-10-23,C043,Customer 43,Region 9,City 14,P086,Product 86,Category 11,1,371.95,371.95,20,45.92
O03880,2025-03-20,C278,Customer 278,Region 2,City 9,P024,Product 24,Category 9,6,73.05,438.3,20,66.91
O03881,2025-06-13,C295,Customer 295,Region 2,City 26,P006,Product 6,Category 6,3,65.37,196.11,5,54.95
O03882,2025-02-26,C059,Customer 59,Region 10,City 30,P100,Product 100,Category 10,1,118.57,118.57,15,12.27
O03883,2025-08-25,C289,Customer 289,Region 6,City 20,P060,Product 60,Category 15,1,197.8,197.8,15,53.55
O03884,2025-05-23,C185,Customer 185,Region 10,City 6,P023,Product 23,Category 8,7,444.27,3109.89,5,786.52
O03885,2025-02-07,C167,Customer 167,Region 3,City 18,P015,Product 15,Category 15,8,366.97,2935.76,20,554.29
O03886,2025-09-07,C004,Customer 4,Region 6,City 5,P048,Product 48,Category 3,2,392.2,784.4,0,216.49
O03887,2025-12-27,C063,Customer 63,Region 9,City 4,P062,Product 62,Category 2,1,167.7,167.7,15,9.17
O03888,2025-09-28,C155,Customer 155,Region 3,City 6,P041,Product 41,Category 11,4,267.12,1068.48,10,234.29
O03889,2025-06-25,C244,Customer 244,Region 3,City 5,P044,Product 44,Category 14,6,37.1,222.6,15,25.77
O03890,2025-07-18,C170,Customer 170,Region 4,City 21,P078,Product 78,Category 3,8,382.56,3060.48,15,894.99
O03891,2025-01-03,C185,Customer 185,Region 10,City 6,P046,Product 46,Category 1,10,42.09,420.9,15,51.16
O03892,2025-03-28,C040,Customer 40,Region 3,City 11,P080,Product 80,Category 5,8,322.73,2581.84,10,427.66
O03893,2025-01-10,C061,Customer 61,Region 1,City 2,P054,Product 54,Category 9,2,12.91,25.82,0,5.06
O03894,2025-04-07,C288,Customer 288,Region 8,City 19,P038,Product 38,Category 8,5,30.8,154.0,15,14.91
O03895,2025-11-22,C056,Customer 56,Region 10,City 27,P036,Product 36,Category 6,10,93.48,934.8,0,202.74
O03896,2025-04-15,C072,Customer 72,Region 9,City 13,P095,Product 95,Category 5,3,177.16,531.48,10,111.5
O03897,2025-09-25,C105,Customer 105,Region 7,City 16,P058,Product 58,Category 13,8,201.63,1613.04,15,173.57
O03898,2025-03-01,C010,Customer 10,Region 6,City 11,P060,Product 60,Category 15,8,197.8,1582.4,0,428.53
O03899,2025-03-18,C015,Customer 15,Region 6,City 16,P009,Product 9,Category 9,8,154.35,1234.8,20,270.88
O03900,2025-06-13,C051,Customer 51,Region 10,City 22,P065,Product 65,Category 5,9,194.4,1749.6,15,330.0
O03901,2025-11-20,C026,Customer 26,Region 7,City 27,P003,Product 3,Category 3,2,436.22,872.44,15,77.24
O03902,2025-05-04,C049,Customer 49,Region 2,City 20,P065,Product 65,Category 5,9,194.4,1749.6,15,353.15
O03903,2025-06-13,C284,Customer 284,Region 8,City 15,P058,Product 58,Category 13,5,201.63,1008.15,10,128.93
O03904,2025-01-09,C210,Customer 210,Region 7,City 1,P007,Product 7,Category 7,7,451.77,3162.39,5,687.0
O03905,2025-02-27,C188,Customer 188,Region 2,City 9,P060,Product 60,Category 15,5,197.8,989.0,5,225.91
O03906,2025-08-25,C071,Customer 71,Region 3,City 12,P014,Product 14,Category 14,9,159.28,1433.52,5,94.82
O03907,2025-09-08,C148,Customer 148,Region 1,City 29,P062,Product 62,Category 2,3,167.7,503.1,15,143.57
O03908,2025-01-26,C169,Customer 169,Region 1,City 20,P018,Product 18,Category 3,10,218.78,2187.8,0,621.93
O03909,2025-02-13,C167,Customer 167,Region 3,City 18,P002,Product 2,Category 2,3,181.44,544.32,5,87.81
O03910,2025-06-29,C061,Customer 61,Region 1,City 2,P038,Product 38,Category 8,2,30.8,61.6,5,9.07
O03911,2025-09-15,C029,Customer 29,Region 9,City 30,P076,Product 76,Category 1,10,21.06,210.6,5,38.57
O03912,2025-12-18,C005,Customer 5,Region 8,City 6,P086,Product 86,Category 11,1,371.95,371.95,10,32.19
O03913,2025-09-22,C011,Customer 11,Region 6,City 12,P068,Product 68,Category 8,7,366.31,2564.17,5,673.73
O03914,2025-03-29,C121,Customer 121,Region 7,City 2,P075,Product 75,Category 15,8,418.32,3346.56,0,842.98
O03915,2025-09-25,C213,Customer 213,Region 2,City 4,P087,Product 87,Category 12,6,230.44,1382.64,0,170.91
O03916,2025-09-22,C046,Customer 46,Region 4,City 17,P011,Product 11,Category 11,10,48.35,483.5,0,64.47
O03917,2025-11-23,C203,Customer 203,Region 9,City 24,P072,Product 72,Category 12,5,27.53,137.65,15,24.05
O03918,2025-06-24,C075,Customer 75,Region 3,City 16,P004,Product 4,Category 4,5,446.21,2231.05,5,261.89
O03919,2025-03-02,C205,Customer 205,Region 6,City 26,P067,Product 67,Category 7,1,245.24,245.24,5,30.16
O03920,2025-01-16,C182,Customer 182,Region 5,City 3,P017,Product 17,Category 2,10,373.36,3733.6,10,508.59
O03921,2025-01-29,C052,Customer 52,Region 4,City 23,P035,Product 35,Category 5,4,149.03,596.12,10,115.98
O03922,2025-05-25,C218,Customer 218,Region 4,City 9,P026,Product 26,Category 11,1,474.87,474.87,20,87.9
O03923,2025-06-23,C214,Customer 214,Region 3,City 5,P040,Product 40,Category 10,3,456.29,1368.87,15,408.7
O03924,2025-12-31,C295,Customer 295,Region 2,City 26,P080,Product 80,Category 5,9,322.73,2904.57,15,241.18
O03925,2025-09-13,C059,Customer 59,Region 10,City 30,P076,Product 76,Category 1,4,21.06,84.24,5,14.39
O03926,2025-10-19,C217,Customer 217,Region 4,City 8,P073,Product 73,Category 13,5,98.73,493.65,10,97.8
O03927,2025-09-23,C023,Customer 23,Region 8,City 24,P091,Product 91,Category 1,3,338.65,1015.95,0,269.56
O03928,2025-07-21,C102,Customer 102,Region 7,City 13,P025,Product 25,Category 10,10,34.77,347.7,15,42.47
O03929,2025-11-01,C244,Customer 244,Region 3,City 5,P024,Product 24,Category 9,9,73.05,657.45,5,97.68
O03930,2025-07-22,C040,Customer 40,Region 3,City 11,P025,Product 25,Category 10,8,34.77,278.16,20,69.29
O03931,2025-11-02,C209,Customer 209,Region 10,City 30,P009,Product 9,Category 9,8,154.35,1234.8,0,327.95
O03932,2025-08-11,C108,Customer 108,Region 7,City 19,P005,Product 5,Category 5,2,86.73,173.46,5,42.84
O03933,2025-03-28,C031,Customer 31,Region 5,City 2,P001,Product 1,Category 1,5,254.75,1273.75,5,334.41
O03934,2025-12-28,C101,Customer 101,Region 7,City 12,P081,Product 81,Category 6,8,112.74,901.92,5,169.62
O03935,2025-04-17,C177,Customer 177,Region 8,City 28,P002,Product 2,Category 2,3,181.44,544.32,20,116.23
O03936,2025-09-05,C156,Customer 156,Region 2,City 7,P023,Product 23,Category 8,7,444.27,3109.89,20,323.61
O03937,2025-05-29,C225,Customer 225,Region 7,City 16,P029,Product 29,Category 14,1,260.21,260.21,5,27.74
O03938,2025-01-31,C148,Customer 148,Region 1,City 29,P018,Product 18,Category 3,9,218.78,1969.02,15,137.7
O03939,2025-02-02,C221,Customer 221,Region 1,City 12,P079,Product 79,Category 4,3,47.04,141.12,15,29.83
O03940,2025-12-18,C282,Customer 282,Region 1,City 13,P086,Product 86,Category 11,4,371.95,1487.8,20,320.74
O03941,2025-03-03,C082,Customer 82,Region 6,City 23,P003,Product 3,Category 3,6,436.22,2617.32,20,554.82
O03942,2025-01-30,C122,Customer 122,Region 3,City 3,P004,Product 4,Category 4,1,446.21,446.21,20,107.84
O03943,2025-05-08,C297,Customer 297,Region 8,City 28,P072,Product 72,Category 12,6,27.53,165.18,10,47.95
O03944,2025-01-22,C030,Customer 30,Region 1,City 1,P051,Product 51,Category 6,8,16.21,129.68,10,31.64
O03945,2025-12-27,C212,Customer 212,Region 5,City 3,P021,Product 21,Category 6,5,126.09,630.45,10,188.84
O03946,2025-09-16,C292,Customer 292,Region 7,City 23,P099,Product 99,Category 9,1,154.71,154.71,20,30.34
O03947,2025-06-23,C099,Customer 99,Region 8,City 10,P067,Product 67,Category 7,8,245.24,1961.92,0,286.76
O03948,2025-09-03,C163,Customer 163,Region 5,City 14,P024,Product 24,Category 9,8,73.05,584.4,20,137.99
O03949,2025-02-19,C136,Customer 136,Region 5,City 17,P042,Product 42,Category 12,10,416.99,4169.9,20,929.05
O03950,2025-01-01,C154,Customer 154,Region 10,City 5,P063,Product 63,Category 3,9,307.88,2770.92,0,559.66
O03951,2025-09-04,C049,Customer 49,Region 2,City 20,P080,Product 80,Category 5,9,322.73,2904.57,20,729.07
O03952,2025-01-31,C236,Customer 236,Region 10,City 27,P011,Product 11,Category 11,1,48.35,48.35,20,8.79
O03953,2025-07-29,C198,Customer 198,Region 4,City 19,P094,Product 94,Category 4,4,65.36,261.44,20,13.55
O03954,2025-05-31,C121,Customer 121,Region 7,City 2,P100,Product 100,Category 10,1,118.57,118.57,20,26.16
O03955,2025-11-08,C011,Customer 11,Region 6,City 12,P041,Product 41,Category 11,8,267.12,2136.96,0,364.86
O03956,2025-07-28,C207,Customer 207,Region 2,City 28,P089,Product 89,Category 14,6,220.92,1325.52,0,164.27
O03957,2025-07-25,C289,Customer 289,Region 6,City 20,P091,Product 91,Category 1,10,338.65,3386.5,10,1012.02
O03958,2025-08-24,C163,Customer 163,Region 5,City 14,P012,Product 12,Category 12,1,453.15,453.15,5,48.59
O03959,2025-02-22,C099,Customer 99,Region 8,City 10,P037,Product 37,Category 7,3,329.5,988.5,5,86.04
O03960,2025-04-17,C255,Customer 255,Region 9,City 16,P096,Product 96,Category 6,7,437.68,3063.76,20,546.47
O03961,2025-01-16,C200,Customer 200,Region 3,City 21,P053,Product 53,Category 8,9,434.3,3908.7,15,286.26
O03962,2025-10-25,C263,Customer 263,Region 2,City 24,P061,Product 61,Category 1,8,126.53,1012.24,5,239.17
O03963,2025-11-06,C098,Customer 98,Region 5,City 9,P029,Product 29,Category 14,9,260.21,2341.89,20,437.73
O03964,2025-10-08,C138,Customer 138,Region 2,City 19,P075,Product 75,Category 15,6,418.32,2509.92,20,595.38
O03965,2025-06-13,C071,Customer 71,Region 3,City 12,P066,Product 66,Category 6,7,79.06,553.42,15,112.62
O03966,2025-06-27,C104,Customer 104,Region 4,City 15,P052,Product 52,Category 7,4,409.71,1638.84,10,113.15
O03967,2025-11-13,C124,Customer 124,Region 5,City 5,P097,Product 97,Category 7,5,226.37,1131.85,15,214.61
O03968,2025-09-28,C274,Customer 274,Region 1,City 5,P089,Product 89,Category 14,5,220.92,1104.6,5,69.18
O03969,2025-04-25,C093,Customer 93,Region 8,City 4,P057,Product 57,Category 12,8,310.13,2481.04,10,388.75
O03970,2025-10-01,C217,Customer 217,Region 4,City 8,P096,Product 96,Category 6,5,437.68,2188.4,15,542.38
O03971,2025-01-26,C141,Customer 141,Region 2,City 22,P008,Product 8,Category 8,2,252.32,504.64,10,88.83
O03972,2025-10-08,C194,Customer 194,Region 1,City 15,P028,Product 28,Category 13,1,186.78,186.78,5,13.46
O03973,2025-06-03,C113,Customer 113,Region 8,City 24,P056,Product 56,Category 11,9,261.99,2357.91,15,610.63
O03974,2025-09-12,C080,Customer 80,Region 8,City 21,P089,Product 89,Category 14,5,220.92,1104.6,10,127.05
O03975,2025-01-06,C292,Customer 292,Region 7,City 23,P062,Product 62,Category 2,7,167.7,1173.9,20,246.99
O03976,2025-01-01,C153,Customer 153,Region 1,City 4,P067,Product 67,Category 7,5,245.24,1226.2,20,354.48
O03977,2025-09-24,C141,Customer 141,Region 2,City 22,P014,Product 14,Category 14,9,159.28,1433.52,0,370.41
O03978,2025-09-03,C218,Customer 218,Region 4,City 9,P003,Product 3,Category 3,6,436.22,2617.32,20,361.67
O03979,2025-09-12,C115,Customer 115,Region 5,City 26,P096,Product 96,Category 6,1,437.68,437.68,15,26.32
O03980,2025-07-11,C030,Customer 30,Region 1,City 1,P008,Product 8,Category 8,10,252.32,2523.2,20,339.47
O03981,2025-11-18,C243,Customer 243,Region 10,City 4,P021,Product 21,Category 6,3,126.09,378.27,0,27.32
O03982,2025-02-12,C060,Customer 60,Region 4,City 1,P056,Product 56,Category 11,10,261.99,2619.9,15,295.37
O03983,2025-12-03,C227,Customer 227,Region 9,City 18,P017,Product 17,Category 2,2,373.36,746.72,20,59.17
O03984,2025-08-28,C020,Customer 20,Region 4,City 21,P032,Product 32,Category 2,4,246.16,984.64,0,107.37
O03985,2025-12-21,C011,Customer 11,Region 6,City 12,P051,Product 51,Category 6,4,16.21,64.84,5,17.49
O03986,2025-03-15,C072,Customer 72,Region 9,City 13,P001,Product 1,Category 1,5,254.75,1273.75,0,356.1
O03987,2025-06-08,C171,Customer 171,Region 3,City 22,P078,Product 78,Category 3,7,382.56,2677.92,20,518.58
O03988,2025-06-12,C264,Customer 264,Region 2,City 25,P023,Product 23,Category 8,1,444.27,444.27,15,131.3
O03989,2025-06-15,C295,Customer 295,Region 2,City 26,P009,Product 9,Category 9,10,154.35,1543.5,5,298.04
O03990,2025-03-05,C245,Customer 245,Region 3,City 6,P063,Product 63,Category 3,6,307.88,1847.28,10,474.7
O03991,2025-11-12,C020,Customer 20,Region 4,City 21,P015,Product 15,Category 15,6,366.97,2201.82,5,586.11
O03992,2025-01-12,C215,Customer 215,Region 9,City 6,P040,Product 40,Category 10,9,456.29,4106.61,10,1059.9
O03993,2025-07-16,C241,Customer 241,Region 6,City 2,P033,Product 33,Category 3,3,392.37,1177.11,15,345.53
O03994,2025-06-30,C090,Customer 90,Region 4,City 1,P008,Product 8,Category 8,8,252.32,2018.56,10,289.03
O03995,2025-04-13,C292,Customer 292,Region 7,City 23,P052,Product 52,Category 7,6,409.71,2458.26,15,573.94
O03996,2025-10-09,C199,Customer 199,Region 8,City 20,P071,Product 71,Category 11,5,289.19,1445.95,5,341.01
O03997,2025-11-23,C099,Customer 99,Region 8,City 10,P035,Product 35,Category 5,6,149.03,894.18,20,97.1
O03998,2025-06-25,C116,Customer 116,Region 1,City 27,P015,Product 15,Category 15,3,366.97,1100.91,0,317.51
O03999,2025-04-15,C207,Customer 207,Region 2,City 28,P072,Product 72,Category 12,1,27.53,27.53,15,2.17
O04000,2025-12-09,C083,Customer 83,Region 1,City 24,P070,Product 70,Category 10,7,231.01,1617.07,10,135.97
O04001,2025-12-22,C175,Customer 175,Region 4,City 26,P026,Product 26,Category 11,1,474.87,474.87,15,44.04
O04002,2025-08-05,C106,Customer 106,Region 2,City 17,P058,Product 58,Category 13,5,201.63,1008.15,15,74.88
O04003,2025-01-30,C128,Customer 128,Region 2,City 9,P068,Product 68,Category 8,9,366.31,3296.79,15,570.52
O04004,2025-03-16,C190,Customer 190,Region 3,City 11,P035,Product 35,Category 5,10,149.03,1490.3,15,277.93
O04005,2025-05-15,C271,Customer 271,Region 2,City 2,P009,Product 9,Category 9,8,154.35,1234.8,20,146.93
O04006,2025-04-03,C244,Customer 244,Region 3,City 5,P033,Product 33,Category 3,7,392.37,2746.59,15,642.16
O04007,2025-03-24,C016,Customer 16,Region 1,City 17,P035,Product 35,Category 5,8,149.03,1192.24,5,248.98
O04008,2025-03-16,C249,Customer 249,Region 2,City 10,P100,Product 100,Category 10,6,118.57,711.42,20,164.47
O04009,2025-08-16,C191,Customer 191,Region 5,City 12,P085,Product 85,Category 10,2,456.11,912.22,0,153.89
O04010,2025-07-06,C149,Customer 149,Region 9,City 30,P020,Product 20,Category 5,6,261.28,1567.68,5,244.99
O04011,2025-11-24,C248,Customer 248,Region 6,City 9,P087,Product 87,Category 12,3,230.44,691.32,20,187.22
O04012,2025-07-20,C195,Customer 195,Region 1,City 16,P092,Product 92,Category 2,8,134.34,1074.72,10,219.1
O04013,2025-05-23,C291,Customer 291,Region 4,City 22,P026,Product 26,Category 11,10,474.87,4748.7,0,1088.84
O04014,2025-05-19,C227,Customer 227,Region 9,City 18,P098,Product 98,Category 8,3,335.46,1006.38,15,110.38
O04015,2025-02-28,C117,Customer 117,Region 10,City 28,P001,Product 1,Category 1,5,254.75,1273.75,15,178.35
O04016,2025-01-14,C050,Customer 50,Region 7,City 21,P090,Product 90,Category 15,4,299.19,1196.76,5,219.82
O04017,2025-01-30,C288,Customer 288,Region 8,City 19,P011,Product 11,Category 11,4,48.35,193.4,20,16.84
O04018,2025-09-07,C060,Customer 60,Region 4,City 1,P077,Product 77,Category 2,7,475.01,3325.07,5,236.79
O04019,2025-10-18,C211,Customer 211,Region 9,City 2,P078,Product 78,Category 3,5,382.56,1912.8,10,117.53
O04020,2025-10-17,C264,Customer 264,Region 2,City 25,P071,Product 71,Category 11,8,289.19,2313.52,5,128.31
O04021,2025-06-26,C197,Customer 197,Region 10,City 18,P026,Product 26,Category 11,2,474.87,949.74,0,233.73
O04022,2025-12-31,C196,Customer 196,Region 6,City 17,P002,Product 2,Category 2,5,181.44,907.2,20,258.62
O04023,2025-09-27,C220,Customer 220,Region 9,City 11,P073,Product 73,Category 13,1,98.73,98.73,10,5.26
O04024,2025-02-17,C068,Customer 68,Region 5,City 9,P096,Product 96,Category 6,1,437.68,437.68,15,36.94
O04025,2025-11-26,C247,Customer 247,Region 6,City 8,P026,Product 26,Category 11,10,474.87,4748.7,15,319.67
O04026,2025-07-18,C143,Customer 143,Region 8,City 24,P004,Product 4,Category 4,8,446.21,3569.68,15,869.41
O04027,2025-11-19,C212,Customer 212,Region 5,City 3,P028,Product 28,Category 13,5,186.78,933.9,20,220.67
O04028,2025-05-18,C077,Customer 77,Region 8,City 18,P006,Product 6,Category 6,7,65.37,457.59,15,27.54
O04029,2025-10-31,C040,Customer 40,Region 3,City 11,P065,Product 65,Category 5,3,194.4,583.2,5,80.1
O04030,2025-10-30,C020,Customer 20,Region 4,City 21,P050,Product 50,Category 5,10,464.52,4645.2,15,871.79
O04031,2025-08-26,C142,Customer 142,Region 2,City 23,P063,Product 63,Category 3,4,307.88,1231.52,20,234.74
O04032,2025-05-21,C201,Customer 201,Region 4,City 22,P028,Product 28,Category 13,6,186.78,1120.68,0,225.71
O04033,2025-12-13,C118,Customer 118,Region 4,City 29,P038,Product 38,Category 8,9,30.8,277.2,5,24.08
O04034,2025-08-23,C201,Customer 201,Region 4,City 22,P043,Product 43,Category 13,3,374.4,1123.2,15,250.22
O04035,2025-08-01,C244,Customer 244,Region 3,City 5,P065,Product 65,Category 5,3,194.4,583.2,5,65.04
O04036,2025-07-26,C244,Customer 244,Region 3,City 5,P030,Product 30,Category 15,8,225.39,1803.12,10,137.73
O04037,2025-06-15,C186,Customer 186,Region 8,City 7,P017,Product 17,Category 2,5,373.36,1866.8,10,266.84
O04038,2025-07-08,C191,Customer 191,Region 5,City 12,P016,Product 16,Category 1,4,29.92,119.68,0,13.29
O04039,2025-10-25,C025,Customer 25,Region 6,City 26,P098,Product 98,Category 8,9,335.46,3019.14,10,733.24
O04040,2025-03-22,C234,Customer 234,Region 8,City 25,P014,Product 14,Category 14,5,159.28,796.4,0,138.33
O04041,2025-01-15,C017,Customer 17,Region 7,City 18,P020,Product 20,Category 5,4,261.28,1045.12,20,300.49
O04042,2025-12-16,C215,Customer 215,Region 9,City 6,P011,Product 11,Category 11,4,48.35,193.4,5,29.83
O04043,2025-11-18,C129,Customer 129,Region 10,City 10,P030,Product 30,Category 15,1,225.39,225.39,0,50.05
O04044,2025-10-30,C277,Customer 277,Region 10,City 8,P022,Product 22,Category 7,1,474.2,474.2,10,64.08
O04045,2025-08-01,C101,Customer 101,Region 7,City 12,P014,Product 14,Category 14,7,159.28,1114.96,5,195.1
O04046,2025-02-09,C130,Customer 130,Region 3,City 11,P058,Product 58,Category 13,10,201.63,2016.3,0,372.95
O04047,2025-10-26,C151,Customer 151,Region 10,City 2,P077,Product 77,Category 2,2,475.01,950.02,20,263.07
O04048,2025-05-21,C091,Customer 91,Region 8,City 2,P043,Product 43,Category 13,10,374.4,3744.0,20,1001.22
O04049,2025-07-25,C298,Customer 298,Region 4,City 29,P035,Product 35,Category 5,3,149.03,447.09,20,38.78
O04050,2025-11-13,C031,Customer 31,Region 5,City 2,P067,Product 67,Category 7,5,245.24,1226.2,10,313.94
O04051,2025-12-24,C270,Customer 270,Region 1,City 1,P059,Product 59,Category 14,1,348.66,348.66,5,100.16
O04052,2025-10-25,C199,Customer 199,Region 8,City 20,P058,Product 58,Category 13,5,201.63,1008.15,5,181.72
O04053,2025-04-07,C013,Customer 13,Region 6,City 14,P088,Product 88,Category 13,1,289.01,289.01,10,37.33
O04054,2025-12-27,C234,Customer 234,Region 8,City 25,P059,Product 59,Category 14,9,348.66,3137.94,10,562.0
O04055,2025-03-19,C261,Customer 261,Region 5,City 22,P010,Product 10,Category 10,2,293.01,586.02,15,167.51
O04056,2025-12-30,C260,Customer 260,Region 3,City 21,P049,Product 49,Category 4,9,491.59,4424.31,20,287.19
O04057,2025-11-23,C104,Customer 104,Region 4,City 15,P026,Product 26,Category 11,1,474.87,474.87,20,118.86
O04058,2025-04-10,C078,Customer 78,Region 8,City 19,P087,Product 87,Category 12,6,230.44,1382.64,0,223.98
O04059,2025-10-08,C274,Customer 274,Region 1,City 5,P064,Product 64,Category 4,2,445.94,891.88,5,76.91
O04060,2025-02-17,C284,Customer 284,Region 8,City 15,P013,Product 13,Category 13,9,47.04,423.36,10,65.39
O04061,2025-08-09,C212,Customer 212,Region 5,City 3,P093,Product 93,Category 3,6,53.85,323.1,15,62.9
O04062,2025-04-10,C091,Customer 91,Region 8,City 2,P043,Product 43,Category 13,8,374.4,2995.2,20,379.39
O04063,2025-02-15,C123,Customer 123,Region 5,City 4,P026,Product 26,Category 11,4,474.87,1899.48,10,174.6
O04064,2025-08-06,C299,Customer 299,Region 8,City 30,P073,Product 73,Category 13,7,98.73,691.11,10,82.92
O04065,2025-07-10,C198,Customer 198,Region 4,City 19,P047,Product 47,Category 2,1,198.11,198.11,15,26.07
O04066,2025-08-25,C260,Customer 260,Region 3,City 21,P093,Product 93,Category 3,9,53.85,484.65,20,97.59
O04067,2025-09-20,C220,Customer 220,Region 9,City 11,P042,Product 42,Category 12,2,416.99,833.98,20,205.98
O04068,2025-04-15,C250,Customer 250,Region 5,City 11,P081,Product 81,Category 6,10,112.74,1127.4,20,276.77
O04069,2025-10-17,C158,Customer 158,Region 9,City 9,P088,Product 88,Category 13,5,289.01,1445.05,10,363.31
O04070,2025-12-06,C233,Customer 233,Region 2,City 24,P007,Product 7,Category 7,9,451.77,4065.93,15,696.94
O04071,2025-03-25,C096,Customer 96,Region 4,City 7,P013,Product 13,Category 13,4,47.04,188.16,5,14.34
O04072,2025-08-04,C040,Customer 40,Region 3,City 11,P049,Product 49,Category 4,4,491.59,1966.36,0,211.68
O04073,2025-12-12,C038,Customer 38,Region 4,City 9,P003,Product 3,Category 3,3,436.22,1308.66,10,81.62
O04074,2025-12-27,C143,Customer 143,Region 8,City 24,P007,Product 7,Category 7,1,451.77,451.77,10,29.62
O04075,2025-01-17,C224,Customer 224,Region 6,City 15,P035,Product 35,Category 5,9,149.03,1341.27,0,390.34
O04076,2025-02-04,C131,Customer 131,Region 7,City 12,P042,Product 42,Category 12,10,416.99,4169.9,5,1225.94
O04077,2025-12-27,C245,Customer 245,Region 3,City 6,P047,Product 47,Category 2,5,198.11,990.55,5,147.78
O04078,2025-06-01,C088,Customer 88,Region 5,City 29,P056,Product 56,Category 11,1,261.99,261.99,15,44.26
O04079,2025-04-19,C053,Customer 53,Region 8,City 24,P055,Product 55,Category 10,4,215.67,862.68,15,52.39
O04080,2025-10-03,C036,Customer 36,Region 9,City 7,P023,Product 23,Category 8,8,444.27,3554.16,5,549.8
O04081,2025-11-05,C070,Customer 70,Region 2,City 11,P088,Product 88,Category 13,8,289.01,2312.08,10,637.53
O04082,2025-03-09,C164,Customer 164,Region 3,City 15,P079,Product 79,Category 4,4,47.04,188.16,5,38.82
O04083,2025-02-20,C135,Customer 135,Region 2,City 16,P050,Product 50,Category 5,5,464.52,2322.6,20,513.31
O04084,2025-09-29,C134,Customer 134,Region 2,City 15,P099,Product 99,Category 9,9,154.71,1392.39,10,252.32
O04085,2025-02-24,C093,Customer 93,Region 8,City 4,P088,Product 88,Category 13,2,289.01,578.02,10,72.93
O04086,2025-01-20,C194,Customer 194,Region 1,City 15,P086,Product 86,Category 11,6,371.95,2231.7,0,192.97
O04087,2025-12-21,C055,Customer 55,Region 4,City 26,P066,Product 66,Category 6,10,79.06,790.6,10,227.22
O04088,2025-11-27,C245,Customer 245,Region 3,City 6,P078,Product 78,Category 3,8,382.56,3060.48,10,346.17
O04089,2025-12-19,C229,Customer 229,Region 2,City 20,P009,Product 9,Category 9,1,154.35,154.35,20,18.13
O04090,2025-10-11,C152,Customer 152,Region 4,City 3,P001,Product 1,Category 1,3,254.75,764.25,5,81.6
O04091,2025-12-02,C233,Customer 233,Region 2,City 24,P040,Product 40,Category 10,1,456.29,456.29,15,73.31
O04092,2025-07-06,C140,Customer 140,Region 2,City 21,P080,Product 80,Category 5,6,322.73,1936.38,20,139.07
O04093,2025-11-07,C006,Customer 6,Region 9,City 7,P018,Product 18,Category 3,3,218.78,656.34,20,145.05
O04094,2025-09-07,C231,Customer 231,Region 7,City 22,P014,Product 14,Category 14,8,159.28,1274.24,5,324.76
O04095,2025-07-30,C221,Customer 221,Region 1,City 12,P061,Product 61,Category 1,4,126.53,506.12,0,50.28
O04096,2025-03-20,C217,Customer 217,Region 4,City 8,P035,Product 35,Category 5,9,149.03,1341.27,10,313.07
O04097,2025-08-16,C130,Customer 130,Region 3,City 11,P027,Product 27,Category 12,7,273.37,1913.59,20,296.55
O04098,2025-03-03,C154,Customer 154,Region 10,City 5,P011,Product 11,Category 11,1,48.35,48.35,0,6.84
O04099,2025-04-26,C230,Customer 230,Region 1,City 21,P092,Product 92,Category 2,3,134.34,403.02,5,28.86
O04100,2025-10-19,C022,Customer 22,Region 2,City 23,P020,Product 20,Category 5,10,261.28,2612.8,20,420.29
O04101,2025-03-09,C187,Customer 187,Region 3,City 8,P096,Product 96,Category 6,5,437.68,2188.4,0,270.25
O04102,2025-08-11,C130,Customer 130,Region 3,City 11,P020,Product 20,Category 5,3,261.28,783.84,20,65.29
O04103,2025-04-06,C178,Customer 178,Region 3,City 29,P007,Product 7,Category 7,10,451.77,4517.7,10,515.55
O04104,2025-12-16,C019,Customer 19,Region 1,City 20,P100,Product 100,Category 10,8,118.57,948.56,20,107.04
O04105,2025-06-10,C238,Customer 238,Region 5,City 29,P098,Product 98,Category 8,7,335.46,2348.22,10,152.25
O04106,2025-03-30,C119,Customer 119,Region 1,City 30,P092,Product 92,Category 2,8,134.34,1074.72,10,231.0
O04107,2025-10-06,C022,Customer 22,Region 2,City 23,P098,Product 98,Category 8,5,335.46,1677.3,5,189.93
O04108,2025-05-23,C033,Customer 33,Region 1,City 4,P002,Product 2,Category 2,8,181.44,1451.52,0,327.88
O04109,2025-08-22,C077,Customer 77,Region 8,City 18,P059,Product 59,Category 14,6,348.66,2091.96,0,417.73
O04110,2025-11-09,C281,Customer 281,Region 8,City 12,P056,Product 56,Category 11,4,261.99,1047.96,15,218.97
O04111,2025-03-12,C022,Customer 22,Region 2,City 23,P051,Product 51,Category 6,2,16.21,32.42,10,6.64
O04112,2025-11-20,C088,Customer 88,Region 5,City 29,P056,Product 56,Category 11,8,261.99,2095.92,10,389.23
O04113,2025-05-24,C111,Customer 111,Region 7,City 22,P081,Product 81,Category 6,3,112.74,338.22,15,25.26
O04114,2025-10-02,C075,Customer 75,Region 3,City 16,P053,Product 53,Category 8,10,434.3,4343.0,0,1228.44
O04115,2025-01-17,C133,Customer 133,Region 4,City 14,P009,Product 9,Category 9,8,154.35,1234.8,10,237.62
O04116,2025-12-23,C235,Customer 235,Region 4,City 26,P008,Product 8,Category 8,9,252.32,2270.88,10,490.55
O04117,2025-12-02,C246,Customer 246,Region 10,City 7,P080,Product 80,Category 5,2,322.73,645.46,20,182.29
O04118,2025-08-17,C210,Customer 210,Region 7,City 1,P063,Product 63,Category 3,10,307.88,3078.8,5,487.56
O04119,2025-08-01,C065,Customer 65,Region 3,City 6,P004,Product 4,Category 4,3,446.21,1338.63,5,103.52
O04120,2025-05-18,C108,Customer 108,Region 7,City 19,P009,Product 9,Category 9,8,154.35,1234.8,20,128.78
O04121,2025-11-02,C150,Customer 150,Region 8,City 1,P040,Product 40,Category 10,2,456.29,912.58,0,92.9
O04122,2025-06-19,C054,Customer 54,Region 10,City 25,P078,Product 78,Category 3,6,382.56,2295.36,20,306.38
O04123,2025-06-28,C116,Customer 116,Region 1,City 27,P060,Product 60,Category 15,10,197.8,1978.0,15,244.85
O04124,2025-02-04,C009,Customer 9,Region 7,City 10,P005,Product 5,Category 5,10,86.73,867.3,5,252.7
O04125,2025-07-17,C234,Customer 234,Region 8,City 25,P046,Product 46,Category 1,2,42.09,84.18,20,11.28
O04126,2025-02-23,C006,Customer 6,Region 9,City 7,P067,Product 67,Category 7,3,245.24,735.72,10,63.77
O04127,2025-09-12,C175,Customer 175,Region 4,City 26,P018,Product 18,Category 3,4,218.78,875.12,20,144.82
O04128,2025-07-20,C293,Customer 293,Region 3,City 24,P097,Product 97,Category 7,4,226.37,905.48,10,264.64
O04129,2025-08-11,C293,Customer 293,Region 3,City 24,P035,Product 35,Category 5,2,149.03,298.06,0,31.65
O04130,2025-09-18,C018,Customer 18,Region 9,City 19,P091,Product 91,Category 1,1,338.65,338.65,15,51.49
O04131,2025-08-11,C274,Customer 274,Region 1,City 5,P086,Product 86,Category 11,6,371.95,2231.7,0,264.86
O04132,2025-01-26,C297,Customer 297,Region 8,City 28,P090,Product 90,Category 15,6,299.19,1795.14,20,257.14
O04133,2025-08-04,C144,Customer 144,Region 4,City 25,P046,Product 46,Category 1,5,42.09,210.45,15,30.24
O04134,2025-12-13,C048,Customer 48,Region 10,City 19,P061,Product 61,Category 1,3,126.53,379.59,15,56.98
O04135,2025-06-15,C056,Customer 56,Region 10,City 27,P021,Product 21,Category 6,4,126.09,504.36,10,71.93
O04136,2025-02-08,C127,Customer 127,Region 7,City 8,P091,Product 91,Category 1,4,338.65,1354.6,20,78.18
O04137,2025-05-16,C018,Customer 18,Region 9,City 19,P092,Product 92,Category 2,2,134.34,268.68,15,80.51
O04138,2025-02-02,C121,Customer 121,Region 7,City 2,P063,Product 63,Category 3,3,307.88,923.64,20,114.9
O04139,2025-09-08,C241,Customer 241,Region 6,City 2,P092,Product 92,Category 2,2,134.34,268.68,0,48.91
O04140,2025-07-07,C206,Customer 206,Region 7,City 27,P031,Product 31,Category 1,5,69.9,349.5,10,48.64
O04141,2025-01-02,C091,Customer 91,Region 8,City 2,P022,Product 22,Category 7,4,474.2,1896.8,10,366.27
O04142,2025-05-08,C128,Customer 128,Region 2,City 9,P041,Product 41,Category 11,1,267.12,267.12,5,24.44
O04143,2025-08-19,C191,Customer 191,Region 5,City 12,P038,Product 38,Category 8,1,30.8,30.8,10,3.8
O04144,2025-07-15,C272,Customer 272,Region 5,City 3,P014,Product 14,Category 14,5,159.28,796.4,10,94.59
O04145,2025-10-21,C231,Customer 231,Region 7,City 22,P018,Product 18,Category 3,8,218.78,1750.24,20,365.11
O04146,2025-02-10,C133,Customer 133,Region 4,City 14,P082,Product 82,Category 7,8,387.7,3101.6,10,405.2
O04147,2025-10-31,C176,Customer 176,Region 3,City 27,P020,Product 20,Category 5,7,261.28,1828.96,15,336.72
O04148,2025-03-17,C025,Customer 25,Region 6,City 26,P095,Product 95,Category 5,4,177.16,708.64,5,107.26
O04149,2025-08-22,C062,Customer 62,Region 8,City 3,P061,Product 61,Category 1,3,126.53,379.59,15,80.71
O04150,2025-02-13,C243,Customer 243,Region 10,City 4,P001,Product 1,Category 1,10,254.75,2547.5,15,276.8
O04151,2025-02-17,C007,Customer 7,Region 10,City 8,P032,Product 32,Category 2,9,246.16,2215.44,15,321.11
O04152,2025-01-03,C037,Customer 37,Region 7,City 8,P098,Product 98,Category 8,3,335.46,1006.38,10,161.66
O04153,2025-10-15,C016,Customer 16,Region 1,City 17,P048,Product 48,Category 3,6,392.2,2353.2,20,194.07
O04154,2025-11-17,C160,Customer 160,Region 7,City 11,P008,Product 8,Category 8,1,252.32,252.32,20,50.23
O04155,2025-04-07,C257,Customer 257,Region 6,City 18,P029,Product 29,Category 14,6,260.21,1561.26,20,188.68
O04156,2025-09-01,C045,Customer 45,Region 4,City 16,P097,Product 97,Category 7,6,226.37,1358.22,15,168.77
O04157,2025-06-30,C053,Customer 53,Region 8,City 24,P071,Product 71,Category 11,10,289.19,2891.9,0,295.05
O04158,2025-09-01,C145,Customer 145,Region 10,City 26,P026,Product 26,Category 11,4,474.87,1899.48,0,252.66
O04159,2025-01-11,C087,Customer 87,Region 7,City 28,P070,Product 70,Category 10,7,231.01,1617.07,20,83.29
O04160,2025-01-12,C102,Customer 102,Region 7,City 13,P047,Product 47,Category 2,9,198.11,1782.99,15,373.91
O04161,2025-08-07,C013,Customer 13,Region 6,City 14,P029,Product 29,Category 14,10,260.21,2602.1,20,452.92
O04162,2025-09-27,C158,Customer 158,Region 9,City 9,P034,Product 34,Category 4,3,389.34,1168.02,15,82.23
O04163,2025-06-08,C093,Customer 93,Region 8,City 4,P032,Product 32,Category 2,6,246.16,1476.96,20,204.56
O04164,2025-10-19,C197,Customer 197,Region 10,City 18,P077,Product 77,Category 2,10,475.01,4750.1,20,1182.34
O04165,2025-12-31,C085,Customer 85,Region 3,City 26,P074,Product 74,Category 14,1,291.07,291.07,15,35.55
O04166,2025-12-25,C111,Customer 111,Region 7,City 22,P042,Product 42,Category 12,7,416.99,2918.93,0,539.35
O04167,2025-01-05,C251,Customer 251,Region 1,City 12,P091,Product 91,Category 1,9,338.65,3047.85,0,884.66
O04168,2025-04-09,C215,Customer 215,Region 9,City 6,P025,Product 25,Category 10,2,34.77,69.54,0,17.72
O04169,2025-01-10,C245,Customer 245,Region 3,City 6,P056,Product 56,Category 11,3,261.99,785.97,5,203.1
O04170,2025-08-11,C204,Customer 204,Region 3,City 25,P085,Product 85,Category 10,5,456.11,2280.55,0,641.25
O04171,2025-03-26,C014,Customer 14,Region 7,City 15,P031,Product 31,Category 1,3,69.9,209.7,20,21.16
O04172,2025-03-07,C029,Customer 29,Region 9,City 30,P092,Product 92,Category 2,3,134.34,403.02,10,26.19
O04173,2025-05-05,C036,Customer 36,Region 9,City 7,P050,Product 50,Category 5,10,464.52,4645.2,20,1355.95
O04174,2025-06-19,C077,Customer 77,Region 8,City 18,P029,Product 29,Category 14,1,260.21,260.21,20,53.2
O04175,2025-03-28,C202,Customer 202,Region 7,City 23,P080,Product 80,Category 5,6,322.73,1936.38,5,121.12
O04176,2025-10-05,C292,Customer 292,Region 7,City 23,P035,Product 35,Category 5,5,149.03,745.15,10,207.13
O04177,2025-04-24,C240,Customer 240,Region 5,City 1,P043,Product 43,Category 13,10,374.4,3744.0,10,326.38
O04178,2025-04-16,C241,Customer 241,Region 6,City 2,P055,Product 55,Category 10,7,215.67,1509.69,0,90.91
O04179,2025-02-13,C119,Customer 119,Region 1,City 30,P019,Product 19,Category 4,5,20.62,103.1,10,11.29
O04180,2025-09-24,C129,Customer 129,Region 10,City 10,P003,Product 3,Category 3,1,436.22,436.22,10,123.07
O04181,2025-07-02,C042,Customer 42,Region 5,City 13,P017,Product 17,Category 2,4,373.36,1493.44,15,325.28
O04182,2025-09-13,C138,Customer 138,Region 2,City 19,P056,Product 56,Category 11,7,261.99,1833.93,0,406.41
O04183,2025-01-19,C201,Customer 201,Region 4,City 22,P067,Product 67,Category 7,2,245.24,490.48,20,139.38
O04184,2025-03-12,C226,Customer 226,Region 4,City 17,P066,Product 66,Category 6,6,79.06,474.36,20,67.62
O04185,2025-11-28,C129,Customer 129,Region 10,City 10,P078,Product 78,Category 3,4,382.56,1530.24,10,147.17
O04186,2025-04-29,C047,Customer 47,Region 2,City 18,P005,Product 5,Category 5,10,86.73,867.3,10,259.31
O04187,2025-03-31,C272,Customer 272,Region 5,City 3,P041,Product 41,Category 11,10,267.12,2671.2,5,210.21
O04188,2025-02-04,C059,Customer 59,Region 10,City 30,P065,Product 65,Category 5,7,194.4,1360.8,15,357.18
O04189,2025-12-24,C139,Customer 139,Region 8,City 20,P041,Product 41,Category 11,8,267.12,2136.96,10,298.95
O04190,2025-11-09,C045,Customer 45,Region 4,City 16,P047,Product 47,Category 2,3,198.11,594.33,0,70.5
O04191,2025-02-08,C171,Customer 171,Region 3,City 22,P089,Product 89,Category 14,4,220.92,883.68,15,211.15
O04192,2025-08-31,C108,Customer 108,Region 7,City 19,P070,Product 70,Category 10,10,231.01,2310.1,5,357.32
O04193,2025-12-11,C041,Customer 41,Region 4,City 12,P085,Product 85,Category 10,6,456.11,2736.66,20,433.4
O04194,2025-04-01,C013,Customer 13,Region 6,City 14,P044,Product 44,Category 14,5,37.1,185.5,20,31.1
O04195,2025-02-13,C052,Customer 52,Region 4,City 23,P062,Product 62,Category 2,6,167.7,1006.2,0,180.2
O04196,2025-05-22,C078,Customer 78,Region 8,City 19,P073,Product 73,Category 13,9,98.73,888.57,0,249.51
O04197,2025-08-24,C218,Customer 218,Region 4,City 9,P065,Product 65,Category 5,10,194.4,1944.0,15,144.04
O04198,2025-01-18,C248,Customer 248,Region 6,City 9,P071,Product 71,Category 11,3,289.19,867.57,5,130.09
O04199,2025-10-31,C138,Customer 138,Region 2,City 19,P097,Product 97,Category 7,1,226.37,226.37,10,23.28
O04200,2025-11-23,C261,Customer 261,Region 5,City 22,P036,Product 36,Category 6,6,93.48,560.88,15,104.22
O04201,2025-12-03,C235,Customer 235,Region 4,City 26,P076,Product 76,Category 1,4,21.06,84.24,5,15.72
O04202,2025-01-10,C133,Customer 133,Region 4,City 14,P051,Product 51,Category 6,2,16.21,32.42,15,2.82
O04203,2025-06-12,C215,Customer 215,Region 9,City 6,P056,Product 56,Category 11,6,261.99,1571.94,5,147.92
O04204,2025-01-09,C197,Customer 197,Region 10,City 18,P086,Product 86,Category 11,6,371.95,2231.7,20,338.11
O04205,2025-10-06,C084,Customer 84,Region 9,City 25,P014,Product 14,Category 14,4,159.28,637.12,15,151.77
O04206,2025-06-15,C141,Customer 141,Region 2,City 22,P099,Product 99,Category 9,5,154.71,773.55,10,220.93
O04207,2025-06-03,C143,Customer 143,Region 8,City 24,P062,Product 62,Category 2,8,167.7,1341.6,15,173.95
O04208,2025-10-31,C046,Customer 46,Region 4,City 17,P079,Product 79,Category 4,1,47.04,47.04,15,13.38
O04209,2025-12-21,C289,Customer 289,Region 6,City 20,P066,Product 66,Category 6,9,79.06,711.54,10,130.81
O04210,2025-03-01,C041,Customer 41,Region 4,City 12,P009,Product 9,Category 9,4,154.35,617.4,20,70.86
O04211,2025-03-17,C140,Customer 140,Region 2,City 21,P050,Product 50,Category 5,8,464.52,3716.16,5,395.7
O04212,2025-08-14,C147,Customer 147,Region 7,City 28,P071,Product 71,Category 11,6,289.19,1735.14,0,322.64
O04213,2025-11-20,C152,Customer 152,Region 4,City 3,P086,Product 86,Category 11,1,371.95,371.95,20,102.6
O04214,2025-04-23,C283,Customer 283,Region 10,City 14,P043,Product 43,Category 13,5,374.4,1872.0,20,115.81
O04215,2025-12-05,C076,Customer 76,Region 6,City 17,P053,Product 53,Category 8,10,434.3,4343.0,5,663.01
O04216,2025-06-06,C025,Customer 25,Region 6,City 26,P060,Product 60,Category 15,6,197.8,1186.8,0,154.42
O04217,2025-06-25,C233,Customer 233,Region 2,City 24,P049,Product 49,Category 4,1,491.59,491.59,10,93.79
O04218,2025-10-10,C017,Customer 17,Region 7,City 18,P037,Product 37,Category 7,10,329.5,3295.0,10,799.99
O04219,2025-05-01,C048,Customer 48,Region 10,City 19,P040,Product 40,Category 10,6,456.29,2737.74,15,738.61
O04220,2025-10-31,C198,Customer 198,Region 4,City 19,P078,Product 78,Category 3,4,382.56,1530.24,0,295.38
O04221,2025-09-10,C075,Customer 75,Region 3,City 16,P090,Product 90,Category 15,5,299.19,1495.95,10,183.42
O04222,2025-09-14,C144,Customer 144,Region 4,City 25,P079,Product 79,Category 4,9,47.04,423.36,20,68.89
O04223,2025-09-24,C046,Customer 46,Region 4,City 17,P094,Product 94,Category 4,8,65.36,522.88,15,54.97
O04224,2025-02-27,C137,Customer 137,Region 10,City 18,P029,Product 29,Category 14,9,260.21,2341.89,20,468.65
O04225,2025-02-04,C042,Customer 42,Region 5,City 13,P028,Product 28,Category 13,6,186.78,1120.68,15,184.04
O04226,2025-11-21,C159,Customer 159,Region 9,City 10,P049,Product 49,Category 4,3,491.59,1474.77,15,222.85
O04227,2025-03-03,C072,Customer 72,Region 9,City 13,P062,Product 62,Category 2,4,167.7,670.8,20,142.19
O04228,2025-02-06,C098,Customer 98,Region 5,City 9,P062,Product 62,Category 2,5,167.7,838.5,15,120.29
O04229,2025-01-30,C193,Customer 193,Region 4,City 14,P023,Product 23,Category 8,5,444.27,2221.35,10,584.03
O04230,2025-07-17,C145,Customer 145,Region 10,City 26,P071,Product 71,Category 11,1,289.19,289.19,20,71.69
O04231,2025-03-05,C001,Customer 1,Region 10,City 2,P092,Product 92,Category 2,7,134.34,940.38,5,52.96
O04232,2025-06-28,C086,Customer 86,Region 5,City 27,P027,Product 27,Category 12,10,273.37,2733.7,20,181.14
O04233,2025-08-31,C051,Customer 51,Region 10,City 22,P001,Product 1,Category 1,8,254.75,2038.0,0,151.09
O04234,2025-12-16,C250,Customer 250,Region 5,City 11,P013,Product 13,Category 13,1,47.04,47.04,15,10.75
O04235,2025-11-23,C234,Customer 234,Region 8,City 25,P062,Product 62,Category 2,4,167.7,670.8,20,111.77
O04236,2025-09-27,C069,Customer 69,Region 4,City 10,P029,Product 29,Category 14,4,260.21,1040.84,5,277.42
O04237,2025-12-28,C161,Customer 161,Region 10,City 12,P093,Product 93,Category 3,6,53.85,323.1,15,33.61
O04238,2025-11-23,C109,Customer 109,Region 8,City 20,P076,Product 76,Category 1,2,21.06,42.12,10,10.75
O04239,2025-07-25,C167,Customer 167,Region 3,City 18,P057,Product 57,Category 12,4,310.13,1240.52,20,345.56
O04240,2025-07-17,C076,Customer 76,Region 6,City 17,P046,Product 46,Category 1,10,42.09,420.9,20,70.01
O04241,2025-01-20,C188,Customer 188,Region 2,City 9,P060,Product 60,Category 15,2,197.8,395.6,10,110.44
O04242,2025-04-25,C182,Customer 182,Region 5,City 3,P048,Product 48,Category 3,2,392.2,784.4,0,52.86
O04243,2025-09-22,C119,Customer 119,Region 1,City 30,P091,Product 91,Category 1,2,338.65,677.3,0,100.92
O04244,2025-04-17,C289,Customer 289,Region 6,City 20,P040,Product 40,Category 10,6,456.29,2737.74,15,345.9
O04245,2025-03-31,C067,Customer 67,Region 1,City 8,P030,Product 30,Category 15,8,225.39,1803.12,0,132.43
O04246,2025-07-08,C062,Customer 62,Region 8,City 3,P022,Product 22,Category 7,4,474.2,1896.8,10,456.23
O04247,2025-01-06,C278,Customer 278,Region 2,City 9,P070,Product 70,Category 10,3,231.01,693.03,10,38.85
O04248,2025-02-13,C255,Customer 255,Region 9,City 16,P029,Product 29,Category 14,9,260.21,2341.89,0,628.2
O04249,2025-04-27,C028,Customer 28,Region 1,City 29,P080,Product 80,Category 5,10,322.73,3227.3,20,563.67
O04250,2025-06-17,C272,Customer 272,Region 5,City 3,P045,Product 45,Category 15,5,189.29,946.45,0,114.49
O04251,2025-12-12,C130,Customer 130,Region 3,City 11,P003,Product 3,Category 3,7,436.22,3053.54,0,511.72
O04252,2025-12-20,C188,Customer 188,Region 2,City 9,P051,Product 51,Category 6,1,16.21,16.21,15,1.98
O04253,2025-03-27,C126,Customer 126,Region 7,City 7,P085,Product 85,Category 10,3,456.11,1368.33,20,245.46
O04254,2025-09-05,C010,Customer 10,Region 6,City 11,P001,Product 1,Category 1,6,254.75,1528.5,10,203.82
O04255,2025-01-02,C149,Customer 149,Region 9,City 30,P019,Product 19,Category 4,3,20.62,61.86,10,11.85
O04256,2025-11-16,C121,Customer 121,Region 7,City 2,P079,Product 79,Category 4,1,47.04,47.04,5,8.67
O04257,2025-03-11,C150,Customer 150,Region 8,City 1,P045,Product 45,Category 15,1,189.29,189.29,5,56.33
O04258,2025-11-17,C115,Customer 115,Region 5,City 26,P055,Product 55,Category 10,8,215.67,1725.36,10,443.69
O04259,2025-09-03,C200,Customer 200,Region 3,City 21,P091,Product 91,Category 1,9,338.65,3047.85,20,551.42
O04260,2025-11-22,C173,Customer 173,Region 4,City 24,P076,Product 76,Category 1,4,21.06,84.24,10,9.23
O04261,2025-02-14,C260,Customer 260,Region 3,City 21,P076,Product 76,Category 1,7,21.06,147.42,20,39.51
O04262,2025-04-05,C088,Customer 88,Region 5,City 29,P086,Product 86,Category 11,5,371.95,1859.75,15,366.73
O04263,2025-07-09,C226,Customer 226,Region 4,City 17,P003,Product 3,Category 3,8,436.22,3489.76,10,942.63
O04264,2025-10-11,C094,Customer 94,Region 10,City 5,P066,Product 66,Category 6,6,79.06,474.36,10,95.51
O04265,2025-02-09,C002,Customer 2,Region 1,City 3,P100,Product 100,Category 10,10,118.57,1185.7,10,148.65
O04266,2025-07-31,C266,Customer 266,Region 10,City 27,P016,Product 16,Category 1,6,29.92,179.52,20,43.82
O04267,2025-07-12,C103,Customer 103,Region 3,City 14,P008,Product 8,Category 8,3,252.32,756.96,0,57.33
O04268,2025-07-29,C162,Customer 162,Region 7,City 13,P010,Product 10,Category 10,9,293.01,2637.09,5,704.43
O04269,2025-06-02,C242,Customer 242,Region 7,City 3,P088,Product 88,Category 13,4,289.01,1156.04,5,233.71
O04270,2025-11-28,C071,Customer 71,Region 3,City 12,P054,Product 54,Category 9,4,12.91,51.64,0,11.04
O04271,2025-05-10,C153,Customer 153,Region 1,City 4,P068,Product 68,Category 8,5,366.31,1831.55,20,390.96
O04272,2025-01-22,C165,Customer 165,Region 9,City 16,P089,Product 89,Category 14,4,220.92,883.68,5,214.82
O04273,2025-10-08,C189,Customer 189,Region 9,City 10,P002,Product 2,Category 2,7,181.44,1270.08,10,339.04
O04274,2025-02-15,C180,Customer 180,Region 3,City 1,P014,Product 14,Category 14,8,159.28,1274.24,20,71.2
O04275,2025-04-08,C026,Customer 26,Region 7,City 27,P001,Product 1,Category 1,10,254.75,2547.5,15,411.48
O04276,2025-10-07,C239,Customer 239,Region 2,City 30,P003,Product 3,Category 3,2,436.22,872.44,0,230.84
O04277,2025-01-10,C300,Customer 300,Region 5,City 1,P082,Product 82,Category 7,7,387.7,2713.9,10,427.25
O04278,2025-04-27,C168,Customer 168,Region 7,City 19,P029,Product 29,Category 14,6,260.21,1561.26,0,135.83
O04279,2025-07-09,C097,Customer 97,Region 6,City 8,P083,Product 83,Category 8,10,465.48,4654.8,20,531.29
O04280,2025-08-07,C020,Customer 20,Region 4,City 21,P012,Product 12,Category 12,2,453.15,906.3,20,107.61
O04281,2025-06-16,C168,Customer 168,Region 7,City 19,P042,Product 42,Category 12,3,416.99,1250.97,20,209.92
O04282,2025-03-09,C111,Customer 111,Region 7,City 22,P073,Product 73,Category 13,10,98.73,987.3,5,216.88
O04283,2025-08-31,C222,Customer 222,Region 8,City 13,P004,Product 4,Category 4,5,446.21,2231.05,10,658.22
O04284,2025-08-20,C158,Customer 158,Region 9,City 9,P092,Product 92,Category 2,10,134.34,1343.4,20,254.76
O04285,2025-07-02,C230,Customer 230,Region 1,City 21,P004,Product 4,Category 4,7,446.21,3123.47,15,269.47
O04286,2025-11-18,C105,Customer 105,Region 7,City 16,P045,Product 45,Category 15,3,189.29,567.87,5,166.7
O04287,2025-09-30,C093,Customer 93,Region 8,City 4,P097,Product 97,Category 7,3,226.37,679.11,5,194.38
O04288,2025-12-30,C004,Customer 4,Region 6,City 5,P099,Product 99,Category 9,9,154.71,1392.39,0,197.71
O04289,2025-09-13,C105,Customer 105,Region 7,City 16,P090,Product 90,Category 15,6,299.19,1795.14,5,339.44
O04290,2025-05-24,C159,Customer 159,Region 9,City 10,P076,Product 76,Category 1,2,21.06,42.12,0,6.99
O04291,2025-08-26,C029,Customer 29,Region 9,City 30,P075,Product 75,Category 15,1,418.32,418.32,5,27.17
O04292,2025-07-14,C291,Customer 291,Region 4,City 22,P093,Product 93,Category 3,9,53.85,484.65,0,48.06
O04293,2025-11-01,C164,Customer 164,Region 3,City 15,P004,Product 4,Category 4,6,446.21,2677.26,20,154.6
O04294,2025-09-07,C180,Customer 180,Region 3,City 1,P041,Product 41,Category 11,1,267.12,267.12,5,56.85
O04295,2025-02-26,C120,Customer 120,Region 8,City 1,P046,Product 46,Category 1,9,42.09,378.81,5,69.87
O04296,2025-04-04,C023,Customer 23,Region 8,City 24,P026,Product 26,Category 11,7,474.87,3324.09,5,669.44
O04297,2025-10-09,C215,Customer 215,Region 9,City 6,P078,Product 78,Category 3,10,382.56,3825.6,15,630.03
O04298,2025-03-22,C105,Customer 105,Region 7,City 16,P079,Product 79,Category 4,3,47.04,141.12,5,18.37
O04299,2025-11-06,C055,Customer 55,Region 4,City 26,P074,Product 74,Category 14,7,291.07,2037.49,0,174.02
O04300,2025-07-01,C280,Customer 280,Region 4,City 11,P011,Product 11,Category 11,5,48.35,241.75,15,27.18
O04301,2025-06-10,C132,Customer 132,Region 2,City 13,P085,Product 85,Category 10,1,456.11,456.11,0,131.6
O04302,2025-01-31,C291,Customer 291,Region 4,City 22,P084,Product 84,Category 9,4,410.58,1642.32,15,138.86
O04303,2025-01-03,C091,Customer 91,Region 8,City 2,P076,Product 76,Category 1,6,21.06,126.36,10,32.19
O04304,2025-11-20,C204,Customer 204,Region 3,City 25,P020,Product 20,Category 5,5,261.28,1306.4,10,340.09
O04305,2025-04-07,C018,Customer 18,Region 9,City 19,P036,Product 36,Category 6,1,93.48,93.48,0,18.13
O04306,2025-09-25,C168,Customer 168,Region 7,City 19,P002,Product 2,Category 2,1,181.44,181.44,10,14.71
O04307,2025-04-04,C127,Customer 127,Region 7,City 8,P091,Product 91,Category 1,9,338.65,3047.85,10,814.89
O04308,2025-02-26,C252,Customer 252,Region 6,City 13,P027,Product 27,Category 12,10,273.37,2733.7,15,454.63
O04309,2025-11-01,C099,Customer 99,Region 8,City 10,P088,Product 88,Category 13,10,289.01,2890.1,15,527.61
O04310,2025-07-18,C042,Customer 42,Region 5,City 13,P015,Product 15,Category 15,3,366.97,1100.91,20,119.48
O04311,2025-11-24,C296,Customer 296,Region 2,City 27,P046,Product 46,Category 1,9,42.09,378.81,20,82.37
O04312,2025-06-18,C205,Customer 205,Region 6,City 26,P033,Product 33,Category 3,2,392.37,784.74,5,48.2
O04313,2025-08-17,C159,Customer 159,Region 9,City 10,P060,Product 60,Category 15,2,197.8,395.6,15,88.98
O04314,2025-01-02,C227,Customer 227,Region 9,City 18,P096,Product 96,Category 6,5,437.68,2188.4,20,328.58
O04315,2025-07-01,C185,Customer 185,Region 10,City 6,P057,Product 57,Category 12,4,310.13,1240.52,15,270.31
O04316,2025-03-16,C063,Customer 63,Region 9,City 4,P030,Product 30,Category 15,8,225.39,1803.12,10,236.89
O04317,2025-03-15,C061,Customer 61,Region 1,City 2,P016,Product 16,Category 1,10,29.92,299.2,0,85.19
O04318,2025-05-22,C172,Customer 172,Region 1,City 23,P032,Product 32,Category 2,8,246.16,1969.28,15,582.12
O04319,2025-08-06,C012,Customer 12,Region 1,City 13,P073,Product 73,Category 13,4,98.73,394.92,0,23.16
O04320,2025-07-22,C208,Customer 208,Region 9,City 29,P033,Product 33,Category 3,8,392.37,3138.96,0,422.81
O04321,2025-12-22,C237,Customer 237,Region 1,City 28,P034,Product 34,Category 4,10,389.34,3893.4,10,1145.18
O04322,2025-07-08,C057,Customer 57,Region 7,City 28,P087,Product 87,Category 12,2,230.44,460.88,15,118.87
O04323,2025-02-07,C112,Customer 112,Region 10,City 23,P089,Product 89,Category 14,4,220.92,883.68,0,64.28
O04324,2025-09-25,C001,Customer 1,Region 10,City 2,P069,Product 69,Category 9,8,386.3,3090.4,0,411.7
O04325,2025-05-30,C012,Customer 12,Region 1,City 13,P074,Product 74,Category 14,7,291.07,2037.49,20,377.6
O04326,2025-07-10,C091,Customer 91,Region 8,City 2,P013,Product 13,Category 13,2,47.04,94.08,0,27.11
O04327,2025-11-12,C035,Customer 35,Region 1,City 6,P041,Product 41,Category 11,5,267.12,1335.6,15,156.08
O04328,2025-11-29,C062,Customer 62,Region 8,City 3,P034,Product 34,Category 4,5,389.34,1946.7,10,107.52
O04329,2025-03-12,C236,Customer 236,Region 10,City 27,P052,Product 52,Category 7,7,409.71,2867.97,0,828.02
O04330,2025-06-19,C068,Customer 68,Region 5,City 9,P003,Product 3,Category 3,3,436.22,1308.66,15,302.22
O04331,2025-09-21,C095,Customer 95,Region 7,City 6,P099,Product 99,Category 9,3,154.71,464.13,0,79.08
O04332,2025-03-14,C079,Customer 79,Region 7,City 20,P048,Product 48,Category 3,6,392.2,2353.2,20,537.98
O04333,2025-08-25,C125,Customer 125,Region 6,City 6,P013,Product 13,Category 13,5,47.04,235.2,15,33.18
O04334,2025-03-02,C035,Customer 35,Region 1,City 6,P083,Product 83,Category 8,6,465.48,2792.88,10,825.25
O04335,2025-09-02,C050,Customer 50,Region 7,City 21,P041,Product 41,Category 11,6,267.12,1602.72,10,325.55
O04336,2025-01-30,C251,Customer 251,Region 1,City 12,P022,Product 22,Category 7,5,474.2,2371.0,10,583.21
O04337,2025-03-04,C052,Customer 52,Region 4,City 23,P060,Product 60,Category 15,6,197.8,1186.8,15,225.35
O04338,2025-11-24,C235,Customer 235,Region 4,City 26,P073,Product 73,Category 13,3,98.73,296.19,20,45.04
O04339,2025-06-06,C013,Customer 13,Region 6,City 14,P018,Product 18,Category 3,3,218.78,656.34,5,149.8
O04340,2025-01-01,C052,Customer 52,Region 4,City 23,P073,Product 73,Category 13,7,98.73,691.11,20,51.53
O04341,2025-07-16,C115,Customer 115,Region 5,City 26,P096,Product 96,Category 6,5,437.68,2188.4,20,508.41
O04342,2025-11-20,C111,Customer 111,Region 7,City 22,P050,Product 50,Category 5,3,464.52,1393.56,15,314.59
O04343,2025-07-18,C225,Customer 225,Region 7,City 16,P002,Product 2,Category 2,6,181.44,1088.64,10,108.49
O04344,2025-01-12,C200,Customer 200,Region 3,City 21,P042,Product 42,Category 12,4,416.99,1667.96,10,314.58
O04345,2025-01-23,C139,Customer 139,Region 8,City 20,P058,Product 58,Category 13,9,201.63,1814.67,15,383.44
O04346,2025-09-19,C018,Customer 18,Region 9,City 19,P014,Product 14,Category 14,7,159.28,1114.96,15,56.59
O04347,2025-05-17,C242,Customer 242,Region 7,City 3,P028,Product 28,Category 13,7,186.78,1307.46,5,383.99
O04348,2025-10-20,C284,Customer 284,Region 8,City 15,P012,Product 12,Category 12,8,453.15,3625.2,0,769.09
O04349,2025-07-20,C225,Customer 225,Region 7,City 16,P076,Product 76,Category 1,10,21.06,210.6,10,50.91
O04350,2025-08-29,C090,Customer 90,Region 4,City 1,P009,Product 9,Category 9,3,154.35,463.05,5,116.06
O04351,2025-08-02,C008,Customer 8,Region 10,City 9,P079,Product 79,Category 4,3,47.04,141.12,0,21.71
O04352,2025-09-16,C022,Customer 22,Region 2,City 23,P003,Product 3,Category 3,4,436.22,1744.88,10,312.74
O04353,2025-10-03,C234,Customer 234,Region 8,City 25,P007,Product 7,Category 7,8,451.77,3614.16,15,571.38
O04354,2025-04-13,C080,Customer 80,Region 8,City 21,P068,Product 68,Category 8,8,366.31,2930.48,5,486.66
O04355,2025-08-28,C186,Customer 186,Region 8,City 7,P085,Product 85,Category 10,9,456.11,4104.99,10,702.07
O04356,2025-07-12,C073,Customer 73,Region 7,City 14,P034,Product 34,Category 4,1,389.34,389.34,5,36.87
O04357,2025-09-04,C266,Customer 266,Region 10,City 27,P012,Product 12,Category 12,10,453.15,4531.5,15,584.64
O04358,2025-10-17,C052,Customer 52,Region 4,City 23,P026,Product 26,Category 11,2,474.87,949.74,20,247.87
O04359,2025-08-14,C183,Customer 183,Region 1,City 4,P088,Product 88,Category 13,7,289.01,2023.07,15,119.94
O04360,2025-07-16,C265,Customer 265,Region 8,City 26,P030,Product 30,Category 15,10,225.39,2253.9,5,185.82
O04361,2025-04-21,C030,Customer 30,Region 1,City 1,P051,Product 51,Category 6,1,16.21,16.21,20,3.27
O04362,2025-05-30,C090,Customer 90,Region 4,City 1,P017,Product 17,Category 2,8,373.36,2986.88,10,214.82
O04363,2025-09-25,C204,Customer 204,Region 3,City 25,P046,Product 46,Category 1,3,42.09,126.27,0,15.96
O04364,2025-03-25,C212,Customer 212,Region 5,City 3,P034,Product 34,Category 4,9,389.34,3504.06,0,383.12
O04365,2025-11-01,C085,Customer 85,Region 3,City 26,P081,Product 81,Category 6,7,112.74,789.18,15,71.23
O04366,2025-11-26,C074,Customer 74,Region 7,City 15,P070,Product 70,Category 10,8,231.01,1848.08,5,276.66
O04367,2025-04-03,C188,Customer 188,Region 2,City 9,P060,Product 60,Category 15,1,197.8,197.8,0,26.8
O04368,2025-08-23,C248,Customer 248,Region 6,City 9,P033,Product 33,Category 3,7,392.37,2746.59,0,187.14
O04369,2025-11-09,C001,Customer 1,Region 10,City 2,P001,Product 1,Category 1,6,254.75,1528.5,15,281.44
O04370,2025-01-05,C105,Customer 105,Region 7,City 16,P028,Product 28,Category 13,10,186.78,1867.8,5,246.32
O04371,2025-11-06,C299,Customer 299,Region 8,City 30,P001,Product 1,Category 1,8,254.75,2038.0,0,286.31
O04372,2025-09-28,C072,Customer 72,Region 9,City 13,P006,Product 6,Category 6,6,65.37,392.22,20,33.39
O04373,2025-12-26,C207,Customer 207,Region 2,City 28,P084,Product 84,Category 9,9,410.58,3695.22,0,546.36
O04374,2025-03-01,C193,Customer 193,Region 4,City 14,P086,Product 86,Category 11,5,371.95,1859.75,0,523.67
O04375,2025-12-25,C223,Customer 223,Region 3,City 14,P042,Product 42,Category 12,4,416.99,1667.96,10,128.75
O04376,2025-08-30,C030,Customer 30,Region 1,City 1,P005,Product 5,Category 5,7,86.73,607.11,20,43.38
O04377,2025-11-29,C164,Customer 164,Region 3,City 15,P028,Product 28,Category 13,1,186.78,186.78,5,29.63
O04378,2025-03-02,C300,Customer 300,Region 5,City 1,P069,Product 69,Category 9,2,386.3,772.6,10,186.83
O04379,2025-06-09,C129,Customer 129,Region 10,City 10,P038,Product 38,Category 8,2,30.8,61.6,0,11.57
O04380,2025-10-15,C197,Customer 197,Region 10,City 18,P028,Product 28,Category 13,6,186.78,1120.68,10,225.09
O04381,2025-08-28,C183,Customer 183,Region 1,City 4,P074,Product 74,Category 14,5,291.07,1455.35,15,214.68
O04382,2025-08-22,C218,Customer 218,Region 4,City 9,P064,Product 64,Category 4,3,445.94,1337.82,0,249.61
O04383,2025-10-13,C146,Customer 146,Region 7,City 27,P024,Product 24,Category 9,2,73.05,146.1,20,11.41
O04384,2025-12-26,C016,Customer 16,Region 1,City 17,P083,Product 83,Category 8,3,465.48,1396.44,0,245.08
O04385,2025-10-19,C286,Customer 286,Region 10,City 17,P078,Product 78,Category 3,4,382.56,1530.24,10,310.62
O04386,2025-09-05,C089,Customer 89,Region 3,City 30,P008,Product 8,Category 8,10,252.32,2523.2,5,232.16
O04387,2025-12-25,C051,Customer 51,Region 10,City 22,P054,Product 54,Category 9,10,12.91,129.1,15,17.19
O04388,2025-01-12,C281,Customer 281,Region 8,City 12,P076,Product 76,Category 1,6,21.06,126.36,0,34.67
O04389,2025-06-23,C203,Customer 203,Region 9,City 24,P064,Product 64,Category 4,5,445.94,2229.7,20,151.54
O04390,2025-10-04,C094,Customer 94,Region 10,City 5,P051,Product 51,Category 6,8,16.21,129.68,10,16.96
O04391,2025-01-22,C093,Customer 93,Region 8,City 4,P050,Product 50,Category 5,8,464.52,3716.16,5,505.12
O04392,2025-10-18,C010,Customer 10,Region 6,City 11,P073,Product 73,Category 13,3,98.73,296.19,5,16.82
O04393,2025-09-27,C173,Customer 173,Region 4,City 24,P072,Product 72,Category 12,3,27.53,82.59,15,10.05
O04394,2025-07-17,C069,Customer 69,Region 4,City 10,P081,Product 81,Category 6,7,112.74,789.18,15,159.69
O04395,2025-07-05,C050,Customer 50,Region 7,City 21,P061,Product 61,Category 1,8,126.53,1012.24,20,121.59
O04396,2025-04-07,C186,Customer 186,Region 8,City 7,P071,Product 71,Category 11,9,289.19,2602.71,15,315.81
O04397,2025-06-22,C006,Customer 6,Region 9,City 7,P029,Product 29,Category 14,8,260.21,2081.68,5,114.51
O04398,2025-06-24,C111,Customer 111,Region 7,City 22,P054,Product 54,Category 9,4,12.91,51.64,10,12.58
O04399,2025-10-14,C201,Customer 201,Region 4,City 22,P011,Product 11,Category 11,8,48.35,386.8,0,62.75
O04400,2025-03-26,C292,Customer 292,Region 7,City 23,P017,Product 17,Category 2,2,373.36,746.72,20,57.01
O04401,2025-06-10,C027,Customer 27,Region 5,City 28,P059,Product 59,Category 14,10,348.66,3486.6,10,983.92
O04402,2025-06-30,C035,Customer 35,Region 1,City 6,P079,Product 79,Category 4,10,47.04,470.4,5,111.27
O04403,2025-10-06,C236,Customer 236,Region 10,City 27,P054,Product 54,Category 9,8,12.91,103.28,15,29.85
O04404,2025-11-28,C110,Customer 110,Region 3,City 21,P088,Product 88,Category 13,1,289.01,289.01,0,32.28
O04405,2025-07-30,C203,Customer 203,Region 9,City 24,P099,Product 99,Category 9,7,154.71,1082.97,10,176.39
O04406,2025-06-24,C027,Customer 27,Region 5,City 28,P075,Product 75,Category 15,9,418.32,3764.88,0,868.49
O04407,2025-10-11,C102,Customer 102,Region 7,City 13,P070,Product 70,Category 10,4,231.01,924.04,15,78.3
O04408,2025-11-09,C299,Customer 299,Region 8,City 30,P016,Product 16,Category 1,2,29.92,59.84,0,5.17
O04409,2025-03-27,C248,Customer 248,Region 6,City 9,P048,Product 48,Category 3,9,392.2,3529.8,15,638.88
O04410,2025-09-20,C269,Customer 269,Region 6,City 30,P086,Product 86,Category 11,9,371.95,3347.55,5,438.72
O04411,2025-10-09,C289,Customer 289,Region 6,City 20,P071,Product 71,Category 11,2,289.19,578.38,20,144.43
O04412,2025-12-07,C067,Customer 67,Region 1,City 8,P090,Product 90,Category 15,10,299.19,2991.9,15,627.02
O04413,2025-02-18,C215,Customer 215,Region 9,City 6,P072,Product 72,Category 12,6,27.53,165.18,15,24.22
O04414,2025-01-10,C131,Customer 131,Region 7,City 12,P086,Product 86,Category 11,9,371.95,3347.55,20,816.95
O04415,2025-02-18,C231,Customer 231,Region 7,City 22,P076,Product 76,Category 1,6,21.06,126.36,0,27.13
O04416,2025-06-12,C178,Customer 178,Region 3,City 29,P005,Product 5,Category 5,5,86.73,433.65,20,68.1
O04417,2025-04-09,C029,Customer 29,Region 9,City 30,P076,Product 76,Category 1,5,21.06,105.3,10,22.69
O04418,2025-05-21,C135,Customer 135,Region 2,City 16,P055,Product 55,Category 10,10,215.67,2156.7,20,119.9
O04419,2025-08-25,C156,Customer 156,Region 2,City 7,P068,Product 68,Category 8,4,366.31,1465.24,20,216.68
O04420,2025-06-17,C182,Customer 182,Region 5,City 3,P048,Product 48,Category 3,4,392.2,1568.8,0,232.22
O04421,2025-11-22,C119,Customer 119,Region 1,City 30,P022,Product 22,Category 7,2,474.2,948.4,15,281.37
O04422,2025-03-18,C215,Customer 215,Region 9,City 6,P049,Product 49,Category 4,8,491.59,3932.72,15,730.7
O04423,2025-01-24,C299,Customer 299,Region 8,City 30,P098,Product 98,Category 8,8,335.46,2683.68,10,580.03
O04424,2025-12-23,C039,Customer 39,Region 6,City 10,P068,Product 68,Category 8,9,366.31,3296.79,0,777.99
O04425,2025-04-24,C059,Customer 59,Region 10,City 30,P069,Product 69,Category 9,9,386.3,3476.7,15,545.29
O04426,2025-08-06,C236,Customer 236,Region 10,City 27,P065,Product 65,Category 5,5,194.4,972.0,10,159.21
O04427,2025-10-04,C038,Customer 38,Region 4,City 9,P076,Product 76,Category 1,4,21.06,84.24,20,20.88
O04428,2025-07-31,C114,Customer 114,Region 5,City 25,P095,Product 95,Category 5,1,177.16,177.16,10,45.27
O04429,2025-08-18,C152,Customer 152,Region 4,City 3,P032,Product 32,Category 2,6,246.16,1476.96,5,174.63
O04430,2025-01-02,C289,Customer 289,Region 6,City 20,P021,Product 21,Category 6,8,126.09,1008.72,15,105.47
O04431,2025-10-26,C109,Customer 109,Region 8,City 20,P068,Product 68,Category 8,4,366.31,1465.24,15,87.77
O04432,2025-03-09,C091,Customer 91,Region 8,City 2,P024,Product 24,Category 9,10,73.05,730.5,10,83.07
O04433,2025-05-03,C229,Customer 229,Region 2,City 20,P005,Product 5,Category 5,7,86.73,607.11,20,102.19
O04434,2025-02-08,C165,Customer 165,Region 9,City 16,P042,Product 42,Category 12,6,416.99,2501.94,20,748.19
O04435,2025-08-01,C181,Customer 181,Region 4,City 2,P039,Product 39,Category 9,3,489.97,1469.91,10,210.75
O04436,2025-12-19,C112,Customer 112,Region 10,City 23,P094,Product 94,Category 4,2,65.36,130.72,5,28.26
O04437,2025-06-16,C109,Customer 109,Region 8,City 20,P050,Product 50,Category 5,1,464.52,464.52,10,105.26
O04438,2025-06-28,C210,Customer 210,Region 7,City 1,P043,Product 43,Category 13,8,374.4,2995.2,10,366.33
O04439,2025-02-14,C103,Customer 103,Region 3,City 14,P073,Product 73,Category 13,5,98.73,493.65,15,109.49
O04440,2025-10-21,C012,Customer 12,Region 1,City 13,P089,Product 89,Category 14,2,220.92,441.84,10,85.81
O04441,2025-07-17,C164,Customer 164,Region 3,City 15,P049,Product 49,Category 4,10,491.59,4915.9,20,1351.13
O04442,2025-07-01,C096,Customer 96,Region 4,City 7,P059,Product 59,Category 14,3,348.66,1045.98,15,272.65
O04443,2025-02-25,C086,Customer 86,Region 5,City 27,P071,Product 71,Category 11,7,289.19,2024.33,10,307.11
O04444,2025-03-11,C140,Customer 140,Region 2,City 21,P038,Product 38,Category 8,7,30.8,215.6,0,33.81
O04445,2025-06-12,C168,Customer 168,Region 7,City 19,P073,Product 73,Category 13,9,98.73,888.57,0,195.66
O04446,2025-08-08,C104,Customer 104,Region 4,City 15,P058,Product 58,Category 13,6,201.63,1209.78,5,208.65
O04447,2025-12-24,C238,Customer 238,Region 5,City 29,P039,Product 39,Category 9,10,489.97,4899.7,0,1103.95
O04448,2025-03-22,C088,Customer 88,Region 5,City 29,P006,Product 6,Category 6,8,65.37,522.96,0,112.14
O04449,2025-12-25,C277,Customer 277,Region 10,City 8,P100,Product 100,Category 10,6,118.57,711.42,5,111.03
O04450,2025-12-28,C144,Customer 144,Region 4,City 25,P039,Product 39,Category 9,2,489.97,979.94,15,84.36
O04451,2025-11-26,C101,Customer 101,Region 7,City 12,P058,Product 58,Category 13,9,201.63,1814.67,10,320.45
O04452,2025-11-16,C121,Customer 121,Region 7,City 2,P049,Product 49,Category 4,3,491.59,1474.77,5,297.65
O04453,2025-02-18,C060,Customer 60,Region 4,City 1,P068,Product 68,Category 8,8,366.31,2930.48,10,222.51
O04454,2025-07-15,C117,Customer 117,Region 10,City 28,P054,Product 54,Category 9,2,12.91,25.82,15,7.57
O04455,2025-12-22,C045,Customer 45,Region 4,City 16,P004,Product 4,Category 4,10,446.21,4462.1,0,401.51
O04456,2025-09-05,C087,Customer 87,Region 7,City 28,P063,Product 63,Category 3,8,307.88,2463.04,15,366.86
O04457,2025-06-11,C240,Customer 240,Region 5,City 1,P095,Product 95,Category 5,10,177.16,1771.6,0,271.33
O04458,2025-05-05,C180,Customer 180,Region 3,City 1,P072,Product 72,Category 12,5,27.53,137.65,20,7.69
O04459,2025-08-11,C031,Customer 31,Region 5,City 2,P043,Product 43,Category 13,10,374.4,3744.0,0,716.76
O04460,2025-09-25,C252,Customer 252,Region 6,City 13,P019,Product 19,Category 4,9,20.62,185.58,5,42.72
O04461,2025-04-16,C042,Customer 42,Region 5,City 13,P078,Product 78,Category 3,5,382.56,1912.8,5,287.97
O04462,2025-05-24,C093,Customer 93,Region 8,City 4,P045,Product 45,Category 15,3,189.29,567.87,15,162.0
O04463,2025-10-14,C015,Customer 15,Region 6,City 16,P022,Product 22,Category 7,9,474.2,4267.8,0,1253.84
O04464,2025-07-18,C206,Customer 206,Region 7,City 27,P038,Product 38,Category 8,4,30.8,123.2,15,11.97
O04465,2025-12-13,C196,Customer 196,Region 6,City 17,P039,Product 39,Category 9,2,489.97,979.94,15,184.65
O04466,2025-11-08,C135,Customer 135,Region 2,City 16,P039,Product 39,Category 9,6,489.97,2939.82,0,493.37
O04467,2025-01-08,C201,Customer 201,Region 4,City 22,P088,Product 88,Category 13,3,289.01,867.03,20,224.46
O04468,2025-02-20,C079,Customer 79,Region 7,City 20,P070,Product 70,Category 10,3,231.01,693.03,20,47.11
O04469,2025-09-15,C201,Customer 201,Region 4,City 22,P068,Product 68,Category 8,3,366.31,1098.93,0,113.64
O04470,2025-09-28,C221,Customer 221,Region 1,City 12,P008,Product 8,Category 8,9,252.32,2270.88,10,560.14
O04471,2025-08-25,C193,Customer 193,Region 4,City 14,P044,Product 44,Category 14,9,37.1,333.9,0,58.36
O04472,2025-08-25,C292,Customer 292,Region 7,City 23,P014,Product 14,Category 14,5,159.28,796.4,15,207.9
O04473,2025-10-10,C143,Customer 143,Region 8,City 24,P020,Product 20,Category 5,3,261.28,783.84,10,129.89
O04474,2025-05-14,C196,Customer 196,Region 6,City 17,P025,Product 25,Category 10,4,34.77,139.08,0,37.35
O04475,2025-08-29,C122,Customer 122,Region 3,City 3,P060,Product 60,Category 15,10,197.8,1978.0,0,527.5
O04476,2025-12-06,C125,Customer 125,Region 6,City 6,P088,Product 88,Category 13,9,289.01,2601.09,15,382.38
O04477,2025-02-09,C158,Customer 158,Region 9,City 9,P078,Product 78,Category 3,2,382.56,765.12,10,152.8
O04478,2025-10-26,C195,Customer 195,Region 1,City 16,P027,Product 27,Category 12,1,273.37,273.37,5,16.04
O04479,2025-03-23,C193,Customer 193,Region 4,City 14,P094,Product 94,Category 4,7,65.36,457.52,10,130.24
O04480,2025-02-15,C175,Customer 175,Region 4,City 26,P052,Product 52,Category 7,8,409.71,3277.68,0,315.18
O04481,2025-04-28,C232,Customer 232,Region 2,City 23,P016,Product 16,Category 1,4,29.92,119.68,20,7.1
O04482,2025-12-10,C277,Customer 277,Region 10,City 8,P075,Product 75,Category 15,4,418.32,1673.28,20,282.19
O04483,2025-02-16,C156,Customer 156,Region 2,City 7,P020,Product 20,Category 5,6,261.28,1567.68,0,238.93
O04484,2025-05-27,C281,Customer 281,Region 8,City 12,P097,Product 97,Category 7,2,226.37,452.74,5,35.79
O04485,2025-05-10,C055,Customer 55,Region 4,City 26,P060,Product 60,Category 15,9,197.8,1780.2,20,472.36
O04486,2025-06-14,C247,Customer 247,Region 6,City 8,P008,Product 8,Category 8,8,252.32,2018.56,15,431.59
O04487,2025-06-10,C249,Customer 249,Region 2,City 10,P060,Product 60,Category 15,2,197.8,395.6,0,98.64
O04488,2025-06-14,C247,Customer 247,Region 6,City 8,P029,Product 29,Category 14,4,260.21,1040.84,10,90.59
O04489,2025-04-18,C038,Customer 38,Region 4,City 9,P017,Product 17,Category 2,6,373.36,2240.16,15,537.06
O04490,2025-02-22,C262,Customer 262,Region 3,City 23,P037,Product 37,Category 7,10,329.5,3295.0,15,432.59
O04491,2025-10-27,C029,Customer 29,Region 9,City 30,P036,Product 36,Category 6,2,93.48,186.96,5,47.41
O04492,2025-06-29,C280,Customer 280,Region 4,City 11,P051,Product 51,Category 6,10,16.21,162.1,0,17.03
O04493,2025-04-22,C104,Customer 104,Region 4,City 15,P065,Product 65,Category 5,9,194.4,1749.6,20,261.34
O04494,2025-04-29,C115,Customer 115,Region 5,City 26,P069,Product 69,Category 9,7,386.3,2704.1,15,790.48
O04495,2025-04-01,C087,Customer 87,Region 7,City 28,P041,Product 41,Category 11,5,267.12,1335.6,0,371.66
O04496,2025-04-23,C058,Customer 58,Region 4,City 29,P035,Product 35,Category 5,4,149.03,596.12,0,178.13
O04497,2025-10-23,C215,Customer 215,Region 9,City 6,P014,Product 14,Category 14,8,159.28,1274.24,5,142.95
O04498,2025-10-01,C214,Customer 214,Region 3,City 5,P029,Product 29,Category 14,3,260.21,780.63,5,59.67
O04499,2025-06-18,C052,Customer 52,Region 4,City 23,P093,Product 93,Category 3,3,53.85,161.55,15,19.8
O04500,2025-08-09,C278,Customer 278,Region 2,City 9,P065,Product 65,Category 5,8,194.4,1555.2,10,127.32
O04501,2025-11-25,C158,Customer 158,Region 9,City 9,P098,Product 98,Category 8,5,335.46,1677.3,5,316.62
O04502,2025-08-22,C117,Customer 117,Region 10,City 28,P056,Product 56,Category 11,4,261.99,1047.96,10,161.01
O04503,2025-04-24,C058,Customer 58,Region 4,City 29,P032,Product 32,Category 2,5,246.16,1230.8,5,341.85
O04504,2025-11-23,C066,Customer 66,Region 5,City 7,P097,Product 97,Category 7,4,226.37,905.48,0,266.11
O04505,2025-06-11,C067,Customer 67,Region 1,City 8,P085,Product 85,Category 10,8,456.11,3648.88,10,803.51
O04506,2025-12-07,C116,Customer 116,Region 1,City 27,P041,Product 41,Category 11,3,267.12,801.36,20,186.04
O04507,2025-11-16,C187,Customer 187,Region 3,City 8,P062,Product 62,Category 2,4,167.7,670.8,5,78.38
O04508,2025-05-23,C081,Customer 81,Region 7,City 22,P047,Product 47,Category 2,5,198.11,990.55,5,177.19
O04509,2025-05-11,C235,Customer 235,Region 4,City 26,P016,Product 16,Category 1,10,29.92,299.2,20,38.54
O04510,2025-11-08,C145,Customer 145,Region 10,City 26,P073,Product 73,Category 13,9,98.73,888.57,10,227.79
O04511,2025-01-26,C124,Customer 124,Region 5,City 5,P024,Product 24,Category 9,6,73.05,438.3,0,126.7
O04512,2025-08-26,C012,Customer 12,Region 1,City 13,P031,Product 31,Category 1,1,69.9,69.9,10,5.51
O04513,2025-10-14,C096,Customer 96,Region 4,City 7,P005,Product 5,Category 5,3,86.73,260.19,5,25.77
O04514,2025-08-28,C061,Customer 61,Region 1,City 2,P039,Product 39,Category 9,5,489.97,2449.85,0,185.69
O04515,2025-02-25,C220,Customer 220,Region 9,City 11,P037,Product 37,Category 7,10,329.5,3295.0,15,195.83
O04516,2025-04-10,C042,Customer 42,Region 5,City 13,P055,Product 55,Category 10,1,215.67,215.67,15,53.17
O04517,2025-01-07,C256,Customer 256,Region 10,City 17,P090,Product 90,Category 15,5,299.19,1495.95,20,243.11
O04518,2025-12-11,C204,Customer 204,Region 3,City 25,P091,Product 91,Category 1,3,338.65,1015.95,10,258.69
O04519,2025-05-07,C064,Customer 64,Region 2,City 5,P023,Product 23,Category 8,6,444.27,2665.62,0,509.18
O04520,2025-07-23,C010,Customer 10,Region 6,City 11,P018,Product 18,Category 3,1,218.78,218.78,10,16.59
O04521,2025-07-03,C133,Customer 133,Region 4,City 14,P085,Product 85,Category 10,4,456.11,1824.44,10,198.63
O04522,2025-08-22,C009,Customer 9,Region 7,City 10,P090,Product 90,Category 15,7,299.19,2094.33,20,118.49
O04523,2025-04-16,C056,Customer 56,Region 10,City 27,P082,Product 82,Category 7,1,387.7,387.7,20,66.54
O04524,2025-01-19,C105,Customer 105,Region 7,City 16,P023,Product 23,Category 8,1,444.27,444.27,15,74.24
O04525,2025-09-22,C155,Customer 155,Region 3,City 6,P094,Product 94,Category 4,7,65.36,457.52,5,127.29
O04526,2025-05-17,C102,Customer 102,Region 7,City 13,P071,Product 71,Category 11,6,289.19,1735.14,0,346.24
O04527,2025-10-11,C261,Customer 261,Region 5,City 22,P087,Product 87,Category 12,8,230.44,1843.52,15,339.85
O04528,2025-06-28,C061,Customer 61,Region 1,City 2,P096,Product 96,Category 6,1,437.68,437.68,20,65.56
O04529,2025-07-21,C200,Customer 200,Region 3,City 21,P037,Product 37,Category 7,10,329.5,3295.0,5,447.64
O04530,2025-09-20,C150,Customer 150,Region 8,City 1,P037,Product 37,Category 7,8,329.5,2636.0,15,579.81
O04531,2025-04-13,C170,Customer 170,Region 4,City 21,P045,Product 45,Category 15,7,189.29,1325.03,10,115.25
O04532,2025-06-30,C124,Customer 124,Region 5,City 5,P021,Product 21,Category 6,6,126.09,756.54,15,154.36
O04533,2025-09-02,C216,Customer 216,Region 9,City 7,P019,Product 19,Category 4,9,20.62,185.58,10,47.71
O04534,2025-11-18,C051,Customer 51,Region 10,City 22,P080,Product 80,Category 5,3,322.73,968.19,15,209.8
O04535,2025-07-01,C251,Customer 251,Region 1,City 12,P100,Product 100,Category 10,9,118.57,1067.13,20,300.46
O04536,2025-11-11,C170,Customer 170,Region 4,City 21,P010,Product 10,Category 10,4,293.01,1172.04,20,65.18
O04537,2025-05-28,C097,Customer 97,Region 6,City 8,P089,Product 89,Category 14,4,220.92,883.68,15,193.42
O04538,2025-12-27,C060,Customer 60,Region 4,City 1,P056,Product 56,Category 11,3,261.99,785.97,15,233.62
O04539,2025-03-22,C186,Customer 186,Region 8,City 7,P031,Product 31,Category 1,1,69.9,69.9,0,13.87
O04540,2025-04-03,C300,Customer 300,Region 5,City 1,P018,Product 18,Category 3,2,218.78,437.56,5,34.21
O04541,2025-08-30,C146,Customer 146,Region 7,City 27,P055,Product 55,Category 10,2,215.67,431.34,10,45.14
O04542,2025-11-12,C273,Customer 273,Region 8,City 4,P047,Product 47,Category 2,7,198.11,1386.77,20,378.15
O04543,2025-01-18,C235,Customer 235,Region 4,City 26,P010,Product 10,Category 10,9,293.01,2637.09,0,625.48
O04544,2025-03-30,C050,Customer 50,Region 7,City 21,P032,Product 32,Category 2,5,246.16,1230.8,0,152.81
O04545,2025-04-14,C286,Customer 286,Region 10,City 17,P046,Product 46,Category 1,2,42.09,84.18,5,20.76
O04546,2025-05-18,C095,Customer 95,Region 7,City 6,P012,Product 12,Category 12,10,453.15,4531.5,5,600.21
O04547,2025-09-26,C070,Customer 70,Region 2,City 11,P081,Product 81,Category 6,8,112.74,901.92,15,257.44
O04548,2025-09-15,C239,Customer 239,Region 2,City 30,P095,Product 95,Category 5,7,177.16,1240.12,20,162.92
O04549,2025-03-20,C257,Customer 257,Region 6,City 18,P036,Product 36,Category 6,10,93.48,934.8,0,120.74
O04550,2025-07-02,C269,Customer 269,Region 6,City 30,P019,Product 19,Category 4,10,20.62,206.2,10,59.39
O04551,2025-04-27,C151,Customer 151,Region 10,City 2,P077,Product 77,Category 2,7,475.01,3325.07,5,187.4
O04552,2025-06-29,C227,Customer 227,Region 9,City 18,P099,Product 99,Category 9,4,154.71,618.84,15,115.67
O04553,2025-06-11,C270,Customer 270,Region 1,City 1,P006,Product 6,Category 6,10,65.37,653.7,15,123.82
O04554,2025-06-07,C010,Customer 10,Region 6,City 11,P033,Product 33,Category 3,1,392.37,392.37,20,81.67
O04555,2025-06-21,C280,Customer 280,Region 4,City 11,P042,Product 42,Category 12,10,416.99,4169.9,5,334.91
O04556,2025-06-21,C207,Customer 207,Region 2,City 28,P022,Product 22,Category 7,10,474.2,4742.0,20,345.04
O04557,2025-02-04,C004,Customer 4,Region 6,City 5,P016,Product 16,Category 1,5,29.92,149.6,0,41.98
O04558,2025-06-17,C108,Customer 108,Region 7,City 19,P068,Product 68,Category 8,6,366.31,2197.86,15,508.17
O04559,2025-05-08,C120,Customer 120,Region 8,City 1,P012,Product 12,Category 12,10,453.15,4531.5,0,924.57
O04560,2025-11-21,C102,Customer 102,Region 7,City 13,P004,Product 4,Category 4,6,446.21,2677.26,15,599.29
O04561,2025-12-15,C032,Customer 32,Region 4,City 3,P097,Product 97,Category 7,6,226.37,1358.22,20,187.23
O04562,2025-04-12,C162,Customer 162,Region 7,City 13,P007,Product 7,Category 7,9,451.77,4065.93,5,1086.42
O04563,2025-05-08,C042,Customer 42,Region 5,City 13,P085,Product 85,Category 10,5,456.11,2280.55,15,430.39
O04564,2025-03-02,C203,Customer 203,Region 9,City 24,P029,Product 29,Category 14,10,260.21,2602.1,15,690.62
O04565,2025-01-09,C218,Customer 218,Region 4,City 9,P054,Product 54,Category 9,9,12.91,116.19,10,6.88
O04566,2025-07-27,C281,Customer 281,Region 8,City 12,P036,Product 36,Category 6,1,93.48,93.48,5,11.94
O04567,2025-02-14,C036,Customer 36,Region 9,City 7,P076,Product 76,Category 1,4,21.06,84.24,15,23.74
O04568,2025-08-28,C013,Customer 13,Region 6,City 14,P031,Product 31,Category 1,9,69.9,629.1,0,133.6
O04569,2025-02-25,C188,Customer 188,Region 2,City 9,P058,Product 58,Category 13,10,201.63,2016.3,5,527.48
O04570,2025-07-08,C006,Customer 6,Region 9,City 7,P077,Product 77,Category 2,5,475.01,2375.05,15,469.01
O04571,2025-12-26,C162,Customer 162,Region 7,City 13,P050,Product 50,Category 5,7,464.52,3251.64,5,815.91
O04572,2025-03-29,C148,Customer 148,Region 1,City 29,P090,Product 90,Category 15,10,299.19,2991.9,20,804.32
O04573,2025-05-06,C190,Customer 190,Region 3,City 11,P036,Product 36,Category 6,4,93.48,373.92,0,94.59
O04574,2025-08-16,C223,Customer 223,Region 3,City 14,P004,Product 4,Category 4,4,446.21,1784.84,0,186.06
O04575,2025-04-01,C264,Customer 264,Region 2,City 25,P073,Product 73,Category 13,8,98.73,789.84,10,147.58
O04576,2025-09-15,C063,Customer 63,Region 9,City 4,P079,Product 79,Category 4,3,47.04,141.12,20,39.63
O04577,2025-01-17,C059,Customer 59,Region 10,City 30,P056,Product 56,Category 11,3,261.99,785.97,15,216.73
O04578,2025-05-11,C115,Customer 115,Region 5,City 26,P064,Product 64,Category 4,7,445.94,3121.58,20,650.01
O04579,2025-05-16,C063,Customer 63,Region 9,City 4,P050,Product 50,Category 5,9,464.52,4180.68,10,1178.01
O04580,2025-05-05,C137,Customer 137,Region 10,City 18,P026,Product 26,Category 11,5,474.87,2374.35,20,510.71
O04581,2025-04-01,C174,Customer 174,Region 10,City 25,P076,Product 76,Category 1,9,21.06,189.54,20,34.04
O04582,2025-12-30,C202,Customer 202,Region 7,City 23,P041,Product 41,Category 11,8,267.12,2136.96,0,360.49
O04583,2025-03-11,C083,Customer 83,Region 1,City 24,P092,Product 92,Category 2,6,134.34,806.04,0,191.2
O04584,2025-10-02,C079,Customer 79,Region 7,City 20,P004,Product 4,Category 4,4,446.21,1784.84,20,162.33
O04585,2025-11-20,C278,Customer 278,Region 2,City 9,P042,Product 42,Category 12,9,416.99,3752.91,5,742.72
O04586,2025-03-07,C185,Customer 185,Region 10,City 6,P029,Product 29,Category 14,1,260.21,260.21,15,65.5
O04587,2025-06-09,C134,Customer 134,Region 2,City 15,P012,Product 12,Category 12,1,453.15,453.15,15,61.37
O04588,2025-08-22,C014,Customer 14,Region 7,City 15,P085,Product 85,Category 10,10,456.11,4561.1,20,653.53
O04589,2025-09-23,C143,Customer 143,Region 8,City 24,P023,Product 23,Category 8,8,444.27,3554.16,20,193.89
O04590,2025-08-02,C067,Customer 67,Region 1,City 8,P082,Product 82,Category 7,10,387.7,3877.0,10,367.67
O04591,2025-12-17,C207,Customer 207,Region 2,City 28,P073,Product 73,Category 13,5,98.73,493.65,20,73.58
O04592,2025-04-26,C094,Customer 94,Region 10,City 5,P023,Product 23,Category 8,8,444.27,3554.16,10,768.97
O04593,2025-09-14,C233,Customer 233,Region 2,City 24,P001,Product 1,Category 1,2,254.75,509.5,20,112.46
O04594,2025-02-03,C219,Customer 219,Region 1,City 10,P063,Product 63,Category 3,5,307.88,1539.4,0,96.97
O04595,2025-05-18,C075,Customer 75,Region 3,City 16,P011,Product 11,Category 11,10,48.35,483.5,5,121.39
O04596,2025-12-17,C026,Customer 26,Region 7,City 27,P067,Product 67,Category 7,6,245.24,1471.44,0,87.77
O04597,2025-07-10,C074,Customer 74,Region 7,City 15,P010,Product 10,Category 10,3,293.01,879.03,5,50.49
O04598,2025-01-16,C013,Customer 13,Region 6,City 14,P025,Product 25,Category 10,10,34.77,347.7,10,28.13
O04599,2025-03-08,C175,Customer 175,Region 4,City 26,P002,Product 2,Category 2,3,181.44,544.32,5,96.25
O04600,2025-05-05,C145,Customer 145,Region 10,City 26,P034,Product 34,Category 4,9,389.34,3504.06,5,706.64
O04601,2025-06-29,C113,Customer 113,Region 8,City 24,P050,Product 50,Category 5,1,464.52,464.52,0,116.73
O04602,2025-06-23,C242,Customer 242,Region 7,City 3,P072,Product 72,Category 12,5,27.53,137.65,15,10.78
O04603,2025-10-12,C169,Customer 169,Region 1,City 20,P091,Product 91,Category 1,6,338.65,2031.9,20,214.27
O04604,2025-04-20,C130,Customer 130,Region 3,City 11,P052,Product 52,Category 7,7,409.71,2867.97,0,528.94
O04605,2025-02-13,C251,Customer 251,Region 1,City 12,P016,Product 16,Category 1,1,29.92,29.92,20,3.47
O04606,2025-06-26,C095,Customer 95,Region 7,City 6,P027,Product 27,Category 12,5,273.37,1366.85,10,212.33
O04607,2025-08-17,C116,Customer 116,Region 1,City 27,P050,Product 50,Category 5,1,464.52,464.52,0,132.56
O04608,2025-01-21,C075,Customer 75,Region 3,City 16,P042,Product 42,Category 12,9,416.99,3752.91,5,551.28
O04609,2025-07-16,C228,Customer 228,Region 7,City 19,P019,Product 19,Category 4,8,20.62,164.96,15,9.34
O04610,2025-07-20,C099,Customer 99,Region 8,City 10,P042,Product 42,Category 12,7,416.99,2918.93,15,273.23
O04611,2025-08-25,C113,Customer 113,Region 8,City 24,P024,Product 24,Category 9,2,73.05,146.1,10,36.74
O04612,2025-07-20,C005,Customer 5,Region 8,City 6,P041,Product 41,Category 11,7,267.12,1869.84,15,506.24
O04613,2025-02-28,C020,Customer 20,Region 4,City 21,P056,Product 56,Category 11,10,261.99,2619.9,20,782.12
O04614,2025-10-07,C021,Customer 21,Region 5,City 22,P076,Product 76,Category 1,8,21.06,168.48,10,33.5
O04615,2025-11-08,C098,Customer 98,Region 5,City 9,P074,Product 74,Category 14,6,291.07,1746.42,20,445.41
O04616,2025-09-23,C066,Customer 66,Region 5,City 7,P032,Product 32,Category 2,1,246.16,246.16,20,61.99
O04617,2025-02-01,C006,Customer 6,Region 9,City 7,P080,Product 80,Category 5,9,322.73,2904.57,10,584.58
O04618,2025-11-15,C171,Customer 171,Region 3,City 22,P042,Product 42,Category 12,6,416.99,2501.94,0,237.62
O04619,2025-11-05,C201,Customer 201,Region 4,City 22,P010,Product 10,Category 10,6,293.01,1758.06,5,391.87
O04620,2025-04-10,C267,Customer 267,Region 5,City 28,P069,Product 69,Category 9,8,386.3,3090.4,20,446.22
O04621,2025-01-30,C107,Customer 107,Region 5,City 18,P033,Product 33,Category 3,5,392.37,1961.85,20,206.18
O04622,2025-02-07,C268,Customer 268,Region 8,City 29,P006,Product 6,Category 6,6,65.37,392.22,0,115.91
O04623,2025-11-10,C141,Customer 141,Region 2,City 22,P049,Product 49,Category 4,2,491.59,983.18,10,80.96
O04624,2025-08-14,C274,Customer 274,Region 1,City 5,P045,Product 45,Category 15,4,189.29,757.16,15,198.33
O04625,2025-02-22,C059,Customer 59,Region 10,City 30,P095,Product 95,Category 5,3,177.16,531.48,10,51.01
O04626,2025-05-11,C105,Customer 105,Region 7,City 16,P044,Product 44,Category 14,8,37.1,296.8,15,55.38
O04627,2025-05-01,C067,Customer 67,Region 1,City 8,P081,Product 81,Category 6,3,112.74,338.22,20,32.49
O04628,2025-08-14,C214,Customer 214,Region 3,City 5,P049,Product 49,Category 4,8,491.59,3932.72,15,644.74
O04629,2025-04-01,C130,Customer 130,Region 3,City 11,P014,Product 14,Category 14,3,159.28,477.84,15,33.23
O04630,2025-10-21,C175,Customer 175,Region 4,City 26,P060,Product 60,Category 15,4,197.8,791.2,10,217.75
O04631,2025-11-14,C054,Customer 54,Region 10,City 25,P034,Product 34,Category 4,3,389.34,1168.02,15,77.84
O04632,2025-10-30,C286,Customer 286,Region 10,City 17,P035,Product 35,Category 5,2,149.03,298.06,10,49.61
O04633,2025-10-11,C003,Customer 3,Region 9,City 4,P100,Product 100,Category 10,3,118.57,355.71,20,20.92
O04634,2025-03-20,C023,Customer 23,Region 8,City 24,P051,Product 51,Category 6,1,16.21,16.21,15,3.95
O04635,2025-09-12,C233,Customer 233,Region 2,City 24,P014,Product 14,Category 14,8,159.28,1274.24,5,85.66
O04636,2025-09-10,C176,Customer 176,Region 3,City 27,P048,Product 48,Category 3,4,392.2,1568.8,0,423.23
O04637,2025-08-18,C181,Customer 181,Region 4,City 2,P075,Product 75,Category 15,8,418.32,3346.56,5,633.97
O04638,2025-07-20,C061,Customer 61,Region 1,City 2,P011,Product 11,Category 11,5,48.35,241.75,0,19.5
O04639,2025-08-08,C146,Customer 146,Region 7,City 27,P054,Product 54,Category 9,5,12.91,64.55,0,11.98
O04640,2025-10-18,C003,Customer 3,Region 9,City 4,P086,Product 86,Category 11,5,371.95,1859.75,20,287.74
O04641,2025-04-01,C298,Customer 298,Region 4,City 29,P086,Product 86,Category 11,1,371.95,371.95,10,69.67
O04642,2025-01-04,C028,Customer 28,Region 1,City 29,P038,Product 38,Category 8,9,30.8,277.2,10,37.85
O04643,2025-02-02,C079,Customer 79,Region 7,City 20,P069,Product 69,Category 9,3,386.3,1158.9,15,105.26
O04644,2025-04-06,C290,Customer 290,Region 2,City 21,P014,Product 14,Category 14,9,159.28,1433.52,0,142.04
O04645,2025-12-30,C150,Customer 150,Region 8,City 1,P068,Product 68,Category 8,3,366.31,1098.93,0,325.6
O04646,2025-07-20,C018,Customer 18,Region 9,City 19,P041,Product 41,Category 11,9,267.12,2404.08,10,120.69
O04647,2025-04-03,C123,Customer 123,Region 5,City 4,P013,Product 13,Category 13,5,47.04,235.2,10,54.02
O04648,2025-10-20,C287,Customer 287,Region 1,City 18,P096,Product 96,Category 6,10,437.68,4376.8,5,998.16
O04649,2025-09-19,C105,Customer 105,Region 7,City 16,P094,Product 94,Category 4,10,65.36,653.6,5,163.57
O04650,2025-04-10,C084,Customer 84,Region 9,City 25,P064,Product 64,Category 4,7,445.94,3121.58,0,784.64
O04651,2025-02-09,C106,Customer 106,Region 2,City 17,P032,Product 32,Category 2,4,246.16,984.64,20,63.7
O04652,2025-08-27,C164,Customer 164,Region 3,City 15,P068,Product 68,Category 8,9,366.31,3296.79,0,750.64
O04653,2025-07-08,C259,Customer 259,Region 7,City 20,P063,Product 63,Category 3,4,307.88,1231.52,10,202.71
O04654,2025-06-10,C142,Customer 142,Region 2,City 23,P048,Product 48,Category 3,1,392.2,392.2,20,60.96
O04655,2025-05-04,C263,Customer 263,Region 2,City 24,P001,Product 1,Category 1,10,254.75,2547.5,0,184.77
O04656,2025-08-20,C089,Customer 89,Region 3,City 30,P090,Product 90,Category 15,5,299.19,1495.95,20,337.26
O04657,2025-11-23,C134,Customer 134,Region 2,City 15,P085,Product 85,Category 10,5,456.11,2280.55,5,391.6
O04658,2025-07-30,C060,Customer 60,Region 4,City 1,P081,Product 81,Category 6,8,112.74,901.92,15,131.36
O04659,2025-04-13,C158,Customer 158,Region 9,City 9,P080,Product 80,Category 5,4,322.73,1290.92,10,128.99
O04660,2025-10-29,C264,Customer 264,Region 2,City 25,P082,Product 82,Category 7,6,387.7,2326.2,0,530.79
O04661,2025-08-24,C166,Customer 166,Region 5,City 17,P012,Product 12,Category 12,4,453.15,1812.6,15,431.75
O04662,2025-07-31,C245,Customer 245,Region 3,City 6,P073,Product 73,Category 13,1,98.73,98.73,20,17.44
O04663,2025-11-05,C056,Customer 56,Region 10,City 27,P072,Product 72,Category 12,7,27.53,192.71,15,45.98
O04664,2025-08-18,C224,Customer 224,Region 6,City 15,P100,Product 100,Category 10,4,118.57,474.28,15,118.9
O04665,2025-11-15,C193,Customer 193,Region 4,City 14,P002,Product 2,Category 2,1,181.44,181.44,15,42.1
O04666,2025-11-19,C064,Customer 64,Region 2,City 5,P001,Product 1,Category 1,6,254.75,1528.5,20,425.68
O04667,2025-07-25,C067,Customer 67,Region 1,City 8,P078,Product 78,Category 3,5,382.56,1912.8,0,147.15
O04668,2025-03-31,C072,Customer 72,Region 9,City 13,P085,Product 85,Category 10,3,456.11,1368.33,0,390.15
O04669,2025-12-29,C025,Customer 25,Region 6,City 26,P079,Product 79,Category 4,7,47.04,329.28,20,21.68
O04670,2025-08-25,C152,Customer 152,Region 4,City 3,P065,Product 65,Category 5,5,194.4,972.0,5,77.51
O04671,2025-04-16,C081,Customer 81,Region 7,City 22,P099,Product 99,Category 9,7,154.71,1082.97,20,118.28
O04672,2025-12-25,C257,Customer 257,Region 6,City 18,P052,Product 52,Category 7,10,409.71,4097.1,15,1211.94
O04673,2025-11-20,C064,Customer 64,Region 2,City 5,P069,Product 69,Category 9,1,386.3,386.3,20,108.81
O04674,2025-05-27,C294,Customer 294,Region 9,City 25,P044,Product 44,Category 14,6,37.1,222.6,5,51.08
O04675,2025-11-17,C145,Customer 145,Region 10,City 26,P021,Product 21,Category 6,7,126.09,882.63,20,125.3
O04676,2025-05-16,C174,Customer 174,Region 10,City 25,P097,Product 97,Category 7,5,226.37,1131.85,20,122.35
O04677,2025-09-08,C118,Customer 118,Region 4,City 29,P026,Product 26,Category 11,10,474.87,4748.7,10,599.96
O04678,2025-02-01,C085,Customer 85,Region 3,City 26,P078,Product 78,Category 3,8,382.56,3060.48,20,572.96
O04679,2025-01-06,C069,Customer 69,Region 4,City 10,P070,Product 70,Category 10,10,231.01,2310.1,20,190.88
O04680,2025-09-18,C224,Customer 224,Region 6,City 15,P054,Product 54,Category 9,6,12.91,77.46,10,16.08
O04681,2025-09-19,C059,Customer 59,Region 10,City 30,P072,Product 72,Category 12,10,27.53,275.3,20,31.4
O04682,2025-10-20,C088,Customer 88,Region 5,City 29,P030,Product 30,Category 15,10,225.39,2253.9,20,128.22
O04683,2025-03-25,C265,Customer 265,Region 8,City 26,P082,Product 82,Category 7,4,387.7,1550.8,5,372.92
O04684,2025-12-21,C100,Customer 100,Region 1,City 11,P028,Product 28,Category 13,10,186.78,1867.8,15,346.78
O04685,2025-07-31,C239,Customer 239,Region 2,City 30,P032,Product 32,Category 2,6,246.16,1476.96,20,95.73
O04686,2025-08-08,C074,Customer 74,Region 7,City 15,P066,Product 66,Category 6,9,79.06,711.54,0,167.22
O04687,2025-04-11,C209,Customer 209,Region 10,City 30,P094,Product 94,Category 4,3,65.36,196.08,20,32.02
O04688,2025-10-03,C206,Customer 206,Region 7,City 27,P004,Product 4,Category 4,8,446.21,3569.68,20,889.22
O04689,2025-04-06,C167,Customer 167,Region 3,City 18,P014,Product 14,Category 14,8,159.28,1274.24,10,222.87
O04690,2025-08-01,C176,Customer 176,Region 3,City 27,P098,Product 98,Category 8,3,335.46,1006.38,0,79.95
O04691,2025-10-24,C293,Customer 293,Region 3,City 24,P020,Product 20,Category 5,10,261.28,2612.8,5,457.23
O04692,2025-05-21,C210,Customer 210,Region 7,City 1,P051,Product 51,Category 6,2,16.21,32.42,15,2.2
O04693,2025-08-20,C010,Customer 10,Region 6,City 11,P011,Product 11,Category 11,7,48.35,338.45,15,18.66
O04694,2025-11-21,C218,Customer 218,Region 4,City 9,P013,Product 13,Category 13,7,47.04,329.28,10,39.65
O04695,2025-06-12,C204,Customer 204,Region 3,City 25,P073,Product 73,Category 13,7,98.73,691.11,0,77.67
O04696,2025-07-09,C267,Customer 267,Region 5,City 28,P033,Product 33,Category 3,7,392.37,2746.59,10,283.89
O04697,2025-04-11,C039,Customer 39,Region 6,City 10,P018,Product 18,Category 3,10,218.78,2187.8,5,220.15
O04698,2025-05-05,C126,Customer 126,Region 7,City 7,P060,Product 60,Category 15,6,197.8,1186.8,5,213.76
O04699,2025-11-16,C060,Customer 60,Region 4,City 1,P005,Product 5,Category 5,5,86.73,433.65,10,23.36
O04700,2025-12-16,C219,Customer 219,Region 1,City 10,P068,Product 68,Category 8,3,366.31,1098.93,0,261.34
O04701,2025-09-26,C197,Customer 197,Region 10,City 18,P003,Product 3,Category 3,5,436.22,2181.1,10,431.87
O04702,2025-07-17,C228,Customer 228,Region 7,City 19,P080,Product 80,Category 5,1,322.73,322.73,15,72.9
O04703,2025-09-01,C017,Customer 17,Region 7,City 18,P021,Product 21,Category 6,4,126.09,504.36,20,137.9
O04704,2025-07-03,C005,Customer 5,Region 8,City 6,P039,Product 39,Category 9,2,489.97,979.94,0,280.54
O04705,2025-07-29,C079,Customer 79,Region 7,City 20,P084,Product 84,Category 9,8,410.58,3284.64,20,167.42
O04706,2025-04-20,C080,Customer 80,Region 8,City 21,P088,Product 88,Category 13,5,289.01,1445.05,0,127.59
O04707,2025-04-18,C260,Customer 260,Region 3,City 21,P082,Product 82,Category 7,8,387.7,3101.6,10,163.0
O04708,2025-08-30,C208,Customer 208,Region 9,City 29,P036,Product 36,Category 6,2,93.48,186.96,10,19.86
O04709,2025-07-18,C082,Customer 82,Region 6,City 23,P049,Product 49,Category 4,3,491.59,1474.77,15,115.05
O04710,2025-01-12,C043,Customer 43,Region 9,City 14,P041,Product 41,Category 11,10,267.12,2671.2,15,164.28
O04711,2025-10-28,C016,Customer 16,Region 1,City 17,P030,Product 30,Category 15,5,225.39,1126.95,5,195.0
O04712,2025-03-17,C235,Customer 235,Region 4,City 26,P067,Product 67,Category 7,9,245.24,2207.16,10,159.79
O04713,2025-04-28,C083,Customer 83,Region 1,City 24,P081,Product 81,Category 6,6,112.74,676.44,5,52.13
O04714,2025-01-18,C212,Customer 212,Region 5,City 3,P070,Product 70,Category 10,2,231.01,462.02,15,49.43
O04715,2025-05-23,C035,Customer 35,Region 1,City 6,P035,Product 35,Category 5,2,149.03,298.06,10,67.35
O04716,2025-12-09,C255,Customer 255,Region 9,City 16,P089,Product 89,Category 14,4,220.92,883.68,15,189.83
O04717,2025-11-02,C239,Customer 239,Region 2,City 30,P057,Product 57,Category 12,6,310.13,1860.78,10,467.45
O04718,2025-12-26,C148,Customer 148,Region 1,City 29,P084,Product 84,Category 9,2,410.58,821.16,15,95.37
O04719,2025-06-22,C164,Customer 164,Region 3,City 15,P008,Product 8,Category 8,5,252.32,1261.6,15,186.15
O04720,2025-07-10,C139,Customer 139,Region 8,City 20,P029,Product 29,Category 14,9,260.21,2341.89,15,120.37
O04721,2025-04-16,C055,Customer 55,Region 4,City 26,P098,Product 98,Category 8,5,335.46,1677.3,0,117.87
O04722,2025-01-09,C040,Customer 40,Region 3,City 11,P065,Product 65,Category 5,5,194.4,972.0,15,227.33
O04723,2025-03-20,C107,Customer 107,Region 5,City 18,P059,Product 59,Category 14,7,348.66,2440.62,10,347.21
O04724,2025-03-11,C236,Customer 236,Region 10,City 27,P098,Product 98,Category 8,3,335.46,1006.38,20,60.48
O04725,2025-09-13,C185,Customer 185,Region 10,City 6,P060,Product 60,Category 15,1,197.8,197.8,5,32.46
O04726,2025-10-17,C079,Customer 79,Region 7,City 20,P069,Product 69,Category 9,1,386.3,386.3,0,25.26
O04727,2025-07-02,C245,Customer 245,Region 3,City 6,P057,Product 57,Category 12,1,310.13,310.13,10,17.7
O04728,2025-09-21,C085,Customer 85,Region 3,City 26,P045,Product 45,Category 15,10,189.29,1892.9,20,439.43
O04729,2025-11-28,C049,Customer 49,Region 2,City 20,P049,Product 49,Category 4,2,491.59,983.18,10,168.4
O04730,2025-04-13,C038,Customer 38,Region 4,City 9,P090,Product 90,Category 15,9,299.19,2692.71,15,537.09
O04731,2025-11-09,C199,Customer 199,Region 8,City 20,P040,Product 40,Category 10,2,456.29,912.58,5,179.87
O04732,2025-11-14,C104,Customer 104,Region 4,City 15,P061,Product 61,Category 1,9,126.53,1138.77,0,193.61
O04733,2025-11-23,C127,Customer 127,Region 7,City 8,P080,Product 80,Category 5,7,322.73,2259.11,20,301.87
O04734,2025-04-07,C039,Customer 39,Region 6,City 10,P019,Product 19,Category 4,8,20.62,164.96,0,21.42
O04735,2025-03-28,C043,Customer 43,Region 9,City 14,P058,Product 58,Category 13,8,201.63,1613.04,5,385.16
O04736,2025-12-10,C051,Customer 51,Region 10,City 22,P089,Product 89,Category 14,9,220.92,1988.28,0,106.19
O04737,2025-05-06,C066,Customer 66,Region 5,City 7,P043,Product 43,Category 13,10,374.4,3744.0,5,823.53
O04738,2025-11-29,C029,Customer 29,Region 9,City 30,P016,Product 16,Category 1,9,29.92,269.28,5,17.67
O04739,2025-05-16,C102,Customer 102,Region 7,City 13,P004,Product 4,Category 4,6,446.21,2677.26,5,648.25
O04740,2025-01-04,C300,Customer 300,Region 5,City 1,P008,Product 8,Category 8,7,252.32,1766.24,5,263.07
O04741,2025-12-05,C244,Customer 244,Region 3,City 5,P078,Product 78,Category 3,4,382.56,1530.24,5,301.31
O04742,2025-06-17,C131,Customer 131,Region 7,City 12,P097,Product 97,Category 7,7,226.37,1584.59,5,106.82
O04743,2025-01-09,C125,Customer 125,Region 6,City 6,P090,Product 90,Category 15,10,299.19,2991.9,20,744.96
O04744,2025-06-23,C044,Customer 44,Region 2,City 15,P040,Product 40,Category 10,8,456.29,3650.32,10,823.67
O04745,2025-08-22,C265,Customer 265,Region 8,City 26,P038,Product 38,Category 8,4,30.8,123.2,5,8.22
O04746,2025-05-13,C273,Customer 273,Region 8,City 4,P033,Product 33,Category 3,1,392.37,392.37,0,90.41
O04747,2025-08-15,C031,Customer 31,Region 5,City 2,P075,Product 75,Category 15,10,418.32,4183.2,0,520.82
O04748,2025-02-27,C106,Customer 106,Region 2,City 17,P017,Product 17,Category 2,9,373.36,3360.24,10,402.44
O04749,2025-02-10,C021,Customer 21,Region 5,City 22,P048,Product 48,Category 3,9,392.2,3529.8,15,399.38
O04750,2025-11-18,C010,Customer 10,Region 6,City 11,P045,Product 45,Category 15,3,189.29,567.87,5,59.47
O04751,2025-11-24,C180,Customer 180,Region 3,City 1,P067,Product 67,Category 7,5,245.24,1226.2,20,195.43
O04752,2025-01-31,C151,Customer 151,Region 10,City 2,P033,Product 33,Category 3,7,392.37,2746.59,20,288.38
O04753,2025-03-30,C100,Customer 100,Region 1,City 11,P086,Product 86,Category 11,9,371.95,3347.55,0,264.82
O04754,2025-01-01,C196,Customer 196,Region 6,City 17,P038,Product 38,Category 8,9,30.8,277.2,10,64.45
O04755,2025-01-31,C124,Customer 124,Region 5,City 5,P032,Product 32,Category 2,8,246.16,1969.28,5,291.02
O04756,2025-04-25,C011,Customer 11,Region 6,City 12,P055,Product 55,Category 10,5,215.67,1078.35,15,59.86
O04757,2025-07-18,C299,Customer 299,Region 8,City 30,P035,Product 35,Category 5,7,149.03,1043.21,0,181.95
O04758,2025-12-19,C236,Customer 236,Region 10,City 27,P076,Product 76,Category 1,3,21.06,63.18,5,5.33
O04759,2025-04-13,C218,Customer 218,Region 4,City 9,P021,Product 21,Category 6,3,126.09,378.27,20,89.26
O04760,2025-11-26,C265,Customer 265,Region 8,City 26,P049,Product 49,Category 4,6,491.59,2949.54,5,202.46
O04761,2025-04-03,C150,Customer 150,Region 8,City 1,P066,Product 66,Category 6,5,79.06,395.3,5,112.83
O04762,2025-06-17,C274,Customer 274,Region 1,City 5,P015,Product 15,Category 15,7,366.97,2568.79,0,203.06
O04763,2025-03-15,C062,Customer 62,Region 8,City 3,P100,Product 100,Category 10,8,118.57,948.56,10,119.37
O04764,2025-10-29,C225,Customer 225,Region 7,City 16,P076,Product 76,Category 1,4,21.06,84.24,0,24.91
O04765,2025-10-22,C159,Customer 159,Region 9,City 10,P011,Product 11,Category 11,5,48.35,241.75,20,14.5
O04766,2025-06-30,C212,Customer 212,Region 5,City 3,P087,Product 87,Category 12,5,230.44,1152.2,10,105.43
O04767,2025-06-05,C141,Customer 141,Region 2,City 22,P070,Product 70,Category 10,8,231.01,1848.08,10,191.86
O04768,2025-06-09,C186,Customer 186,Region 8,City 7,P009,Product 9,Category 9,7,154.35,1080.45,20,190.81
O04769,2025-08-22,C104,Customer 104,Region 4,City 15,P033,Product 33,Category 3,1,392.37,392.37,5,35.29
O04770,2025-04-22,C250,Customer 250,Region 5,City 11,P010,Product 10,Category 10,1,293.01,293.01,20,50.88
O04771,2025-05-12,C028,Customer 28,Region 1,City 29,P035,Product 35,Category 5,2,149.03,298.06,15,47.93
O04772,2025-03-08,C042,Customer 42,Region 5,City 13,P047,Product 47,Category 2,4,198.11,792.44,0,127.76
O04773,2025-06-12,C200,Customer 200,Region 3,City 21,P068,Product 68,Category 8,10,366.31,3663.1,15,294.94
O04774,2025-01-07,C223,Customer 223,Region 3,City 14,P037,Product 37,Category 7,7,329.5,2306.5,0,371.1
O04775,2025-09-25,C090,Customer 90,Region 4,City 1,P091,Product 91,Category 1,7,338.65,2370.55,5,619.96
O04776,2025-06-06,C003,Customer 3,Region 9,City 4,P100,Product 100,Category 10,4,118.57,474.28,20,125.08
O04777,2025-05-04,C063,Customer 63,Region 9,City 4,P100,Product 100,Category 10,6,118.57,711.42,20,135.06
O04778,2025-11-28,C048,Customer 48,Region 10,City 19,P078,Product 78,Category 3,4,382.56,1530.24,5,152.06
O04779,2025-02-20,C293,Customer 293,Region 3,City 24,P035,Product 35,Category 5,10,149.03,1490.3,0,245.15
O04780,2025-08-16,C186,Customer 186,Region 8,City 7,P029,Product 29,Category 14,10,260.21,2602.1,0,310.53
O04781,2025-10-13,C298,Customer 298,Region 4,City 29,P047,Product 47,Category 2,3,198.11,594.33,5,166.25
O04782,2025-09-16,C211,Customer 211,Region 9,City 2,P041,Product 41,Category 11,3,267.12,801.36,0,56.94
O04783,2025-04-03,C170,Customer 170,Region 4,City 21,P064,Product 64,Category 4,5,445.94,2229.7,10,318.46
O04784,2025-09-18,C196,Customer 196,Region 6,City 17,P069,Product 69,Category 9,9,386.3,3476.7,15,527.47
O04785,2025-05-05,C040,Customer 40,Region 3,City 11,P052,Product 52,Category 7,1,409.71,409.71,20,75.52
O04786,2025-11-22,C128,Customer 128,Region 2,City 9,P008,Product 8,Category 8,5,252.32,1261.6,5,181.06
O04787,2025-01-04,C258,Customer 258,Region 5,City 19,P033,Product 33,Category 3,10,392.37,3923.7,15,1156.48
O04788,2025-04-02,C241,Customer 241,Region 6,City 2,P019,Product 19,Category 4,2,20.62,41.24,20,3.39
O04789,2025-11-21,C255,Customer 255,Region 9,City 16,P080,Product 80,Category 5,6,322.73,1936.38,10,314.42
O04790,2025-10-30,C072,Customer 72,Region 9,City 13,P049,Product 49,Category 4,8,491.59,3932.72,5,1144.96
O04791,2025-07-07,C206,Customer 206,Region 7,City 27,P034,Product 34,Category 4,6,389.34,2336.04,5,235.12
O04792,2025-08-21,C247,Customer 247,Region 6,City 8,P038,Product 38,Category 8,4,30.8,123.2,20,27.68
O04793,2025-07-29,C256,Customer 256,Region 10,City 17,P060,Product 60,Category 15,5,197.8,989.0,20,95.1
O04794,2025-12-24,C025,Customer 25,Region 6,City 26,P072,Product 72,Category 12,5,27.53,137.65,5,8.13
O04795,2025-04-21,C234,Customer 234,Region 8,City 25,P083,Product 83,Category 8,7,465.48,3258.36,15,916.88
O04796,2025-03-05,C041,Customer 41,Region 4,City 12,P075,Product 75,Category 15,7,418.32,2928.24,15,748.28
O04797,2025-10-17,C201,Customer 201,Region 4,City 22,P084,Product 84,Category 9,7,410.58,2874.06,0,730.63
O04798,2025-02-10,C106,Customer 106,Region 2,City 17,P031,Product 31,Category 1,7,69.9,489.3,5,65.96
O04799,2025-09-25,C175,Customer 175,Region 4,City 26,P024,Product 24,Category 9,6,73.05,438.3,5,98.98
O04800,2025-02-26,C109,Customer 109,Region 8,City 20,P006,Product 6,Category 6,7,65.37,457.59,15,66.65
O04801,2025-06-26,C191,Customer 191,Region 5,City 12,P057,Product 57,Category 12,10,310.13,3101.3,5,347.05
O04802,2025-06-09,C155,Customer 155,Region 3,City 6,P015,Product 15,Category 15,7,366.97,2568.79,5,173.16
O04803,2025-04-12,C020,Customer 20,Region 4,City 21,P005,Product 5,Category 5,6,86.73,520.38,15,133.81
O04804,2025-03-12,C197,Customer 197,Region 10,City 18,P070,Product 70,Category 10,5,231.01,1155.05,20,251.86
O04805,2025-06-30,C297,Customer 297,Region 8,City 28,P100,Product 100,Category 10,9,118.57,1067.13,20,162.45
O04806,2025-11-27,C079,Customer 79,Region 7,City 20,P092,Product 92,Category 2,6,134.34,806.04,15,89.16
O04807,2025-11-09,C043,Customer 43,Region 9,City 14,P093,Product 93,Category 3,8,53.85,430.8,15,51.61
O04808,2025-07-31,C177,Customer 177,Region 8,City 28,P023,Product 23,Category 8,1,444.27,444.27,15,56.31
O04809,2025-01-23,C191,Customer 191,Region 5,City 12,P010,Product 10,Category 10,4,293.01,1172.04,20,300.43
O04810,2025-03-03,C092,Customer 92,Region 2,City 3,P086,Product 86,Category 11,9,371.95,3347.55,10,839.37
O04811,2025-09-10,C253,Customer 253,Region 7,City 14,P058,Product 58,Category 13,7,201.63,1411.41,20,212.57
O04812,2025-06-08,C096,Customer 96,Region 4,City 7,P081,Product 81,Category 6,7,112.74,789.18,10,76.14
O04813,2025-08-14,C228,Customer 228,Region 7,City 19,P040,Product 40,Category 10,1,456.29,456.29,20,68.84
O04814,2025-07-19,C268,Customer 268,Region 8,City 29,P099,Product 99,Category 9,8,154.71,1237.68,5,177.52
O04815,2025-07-02,C219,Customer 219,Region 1,City 10,P057,Product 57,Category 12,9,310.13,2791.17,0,406.8
O04816,2025-12-05,C205,Customer 205,Region 6,City 26,P027,Product 27,Category 12,7,273.37,1913.59,15,552.08
O04817,2025-10-12,C217,Customer 217,Region 4,City 8,P060,Product 60,Category 15,8,197.8,1582.4,20,284.35
O04818,2025-05-19,C014,Customer 14,Region 7,City 15,P012,Product 12,Category 12,10,453.15,4531.5,20,335.18
O04819,2025-07-31,C043,Customer 43,Region 9,City 14,P099,Product 99,Category 9,6,154.71,928.26,10,112.48
O04820,2025-05-24,C074,Customer 74,Region 7,City 15,P072,Product 72,Category 12,8,27.53,220.24,5,59.01
O04821,2025-12-01,C229,Customer 229,Region 2,City 20,P094,Product 94,Category 4,4,65.36,261.44,10,76.76
O04822,2025-03-30,C107,Customer 107,Region 5,City 18,P013,Product 13,Category 13,6,47.04,282.24,20,42.74
O04823,2025-12-30,C143,Customer 143,Region 8,City 24,P022,Product 22,Category 7,5,474.2,2371.0,5,629.96
O04824,2025-09-12,C072,Customer 72,Region 9,City 13,P049,Product 49,Category 4,5,491.59,2457.95,5,370.64
O04825,2025-09-29,C220,Customer 220,Region 9,City 11,P061,Product 61,Category 1,7,126.53,885.71,15,166.05
O04826,2025-11-08,C074,Customer 74,Region 7,City 15,P098,Product 98,Category 8,10,335.46,3354.6,20,796.15
O04827,2025-05-15,C257,Customer 257,Region 6,City 18,P024,Product 24,Category 9,4,73.05,292.2,10,60.57
O04828,2025-11-02,C093,Customer 93,Region 8,City 4,P028,Product 28,Category 13,8,186.78,1494.24,20,361.68
O04829,2025-07-19,C010,Customer 10,Region 6,City 11,P016,Product 16,Category 1,1,29.92,29.92,10,5.67
O04830,2025-09-29,C270,Customer 270,Region 1,City 1,P056,Product 56,Category 11,7,261.99,1833.93,10,158.55
O04831,2025-01-07,C251,Customer 251,Region 1,City 12,P068,Product 68,Category 8,3,366.31,1098.93,0,155.87
O04832,2025-03-18,C226,Customer 226,Region 4,City 17,P068,Product 68,Category 8,4,366.31,1465.24,0,205.51
O04833,2025-04-02,C136,Customer 136,Region 5,City 17,P050,Product 50,Category 5,1,464.52,464.52,10,45.05
O04834,2025-07-06,C085,Customer 85,Region 3,City 26,P062,Product 62,Category 2,9,167.7,1509.3,5,111.4
O04835,2025-10-31,C292,Customer 292,Region 7,City 23,P089,Product 89,Category 14,10,220.92,2209.2,15,468.82
O04836,2025-03-28,C297,Customer 297,Region 8,City 28,P026,Product 26,Category 11,3,474.87,1424.61,20,329.52
O04837,2025-07-20,C213,Customer 213,Region 2,City 4,P001,Product 1,Category 1,8,254.75,2038.0,5,281.31
O04838,2025-01-06,C279,Customer 279,Region 9,City 10,P052,Product 52,Category 7,9,409.71,3687.39,5,337.05
O04839,2025-09-21,C025,Customer 25,Region 6,City 26,P095,Product 95,Category 5,9,177.16,1594.44,5,300.23
O04840,2025-11-06,C009,Customer 9,Region 7,City 10,P056,Product 56,Category 11,1,261.99,261.99,20,32.55
O04841,2025-08-08,C165,Customer 165,Region 9,City 16,P085,Product 85,Category 10,3,456.11,1368.33,5,256.1
O04842,2025-02-03,C216,Customer 216,Region 9,City 7,P066,Product 66,Category 6,9,79.06,711.54,20,143.53
O04843,2025-11-20,C143,Customer 143,Region 8,City 24,P048,Product 48,Category 3,1,392.2,392.2,15,104.88
O04844,2025-08-25,C039,Customer 39,Region 6,City 10,P011,Product 11,Category 11,1,48.35,48.35,20,7.42
O04845,2025-01-23,C061,Customer 61,Region 1,City 2,P050,Product 50,Category 5,4,464.52,1858.08,5,130.8
O04846,2025-06-21,C148,Customer 148,Region 1,City 29,P034,Product 34,Category 4,1,389.34,389.34,0,85.1
O04847,2025-09-08,C084,Customer 84,Region 9,City 25,P037,Product 37,Category 7,6,329.5,1977.0,15,333.91
O04848,2025-07-02,C267,Customer 267,Region 5,City 28,P037,Product 37,Category 7,6,329.5,1977.0,15,534.28
O04849,2025-10-24,C114,Customer 114,Region 5,City 25,P029,Product 29,Category 14,4,260.21,1040.84,0,116.86
O04850,2025-10-18,C277,Customer 277,Region 10,City 8,P032,Product 32,Category 2,9,246.16,2215.44,15,247.65
O04851,2025-06-19,C295,Customer 295,Region 2,City 26,P009,Product 9,Category 9,10,154.35,1543.5,0,308.92
O04852,2025-11-27,C165,Customer 165,Region 9,City 16,P012,Product 12,Category 12,5,453.15,2265.75,5,430.47
O04853,2025-10-29,C159,Customer 159,Region 9,City 10,P002,Product 2,Category 2,2,181.44,362.88,5,19.24
O04854,2025-03-22,C225,Customer 225,Region 7,City 16,P079,Product 79,Category 4,9,47.04,423.36,10,46.14
O04855,2025-04-19,C257,Customer 257,Region 6,City 18,P018,Product 18,Category 3,1,218.78,218.78,20,31.84
O04856,2025-08-09,C197,Customer 197,Region 10,City 18,P038,Product 38,Category 8,10,30.8,308.0,15,65.46
O04857,2025-04-17,C199,Customer 199,Region 8,City 20,P082,Product 82,Category 7,4,387.7,1550.8,0,458.54
O04858,2025-12-07,C224,Customer 224,Region 6,City 15,P069,Product 69,Category 9,8,386.3,3090.4,15,434.92
O04859,2025-03-06,C164,Customer 164,Region 3,City 15,P040,Product 40,Category 10,5,456.29,2281.45,5,154.35
O04860,2025-04-17,C034,Customer 34,Region 2,City 5,P071,Product 71,Category 11,2,289.19,578.38,20,36.58
O04861,2025-09-09,C173,Customer 173,Region 4,City 24,P084,Product 84,Category 9,10,410.58,4105.8,20,556.48
O04862,2025-11-12,C259,Customer 259,Region 7,City 20,P075,Product 75,Category 15,3,418.32,1254.96,15,318.26
O04863,2025-07-06,C047,Customer 47,Region 2,City 18,P080,Product 80,Category 5,10,322.73,3227.3,20,395.93
O04864,2025-12-19,C169,Customer 169,Region 1,City 20,P007,Product 7,Category 7,7,451.77,3162.39,10,797.26
O04865,2025-05-07,C169,Customer 169,Region 1,City 20,P031,Product 31,Category 1,1,69.9,69.9,0,19.76
O04866,2025-07-14,C041,Customer 41,Region 4,City 12,P070,Product 70,Category 10,3,231.01,693.03,15,79.19
O04867,2025-11-06,C295,Customer 295,Region 2,City 26,P035,Product 35,Category 5,8,149.03,1192.24,5,353.11
O04868,2025-08-21,C064,Customer 64,Region 2,City 5,P059,Product 59,Category 14,7,348.66,2440.62,0,480.5
O04869,2025-06-17,C015,Customer 15,Region 6,City 16,P060,Product 60,Category 15,5,197.8,989.0,0,115.69
O04870,2025-09-21,C005,Customer 5,Region 8,City 6,P098,Product 98,Category 8,1,335.46,335.46,15,33.72
O04871,2025-11-15,C237,Customer 237,Region 1,City 28,P004,Product 4,Category 4,1,446.21,446.21,0,27.22
O04872,2025-05-01,C283,Customer 283,Region 10,City 14,P041,Product 41,Category 11,10,267.12,2671.2,5,660.53
O04873,2025-03-28,C241,Customer 241,Region 6,City 2,P066,Product 66,Category 6,5,79.06,395.3,15,24.12
O04874,2025-09-16,C022,Customer 22,Region 2,City 23,P015,Product 15,Category 15,6,366.97,2201.82,10,307.92
O04875,2025-01-31,C059,Customer 59,Region 10,City 30,P068,Product 68,Category 8,7,366.31,2564.17,15,570.54
O04876,2025-12-05,C100,Customer 100,Region 1,City 11,P015,Product 15,Category 15,6,366.97,2201.82,20,622.27
O04877,2025-06-15,C267,Customer 267,Region 5,City 28,P059,Product 59,Category 14,9,348.66,3137.94,15,742.82
O04878,2025-07-01,C227,Customer 227,Region 9,City 18,P003,Product 3,Category 3,1,436.22,436.22,10,30.9
O04879,2025-12-02,C078,Customer 78,Region 8,City 19,P015,Product 15,Category 15,2,366.97,733.94,5,181.23
O04880,2025-11-06,C048,Customer 48,Region 10,City 19,P035,Product 35,Category 5,3,149.03,447.09,5,91.07
O04881,2025-08-16,C058,Customer 58,Region 4,City 29,P036,Product 36,Category 6,7,93.48,654.36,0,138.6
O04882,2025-11-12,C069,Customer 69,Region 4,City 10,P027,Product 27,Category 12,7,273.37,1913.59,0,343.65
O04883,2025-12-10,C022,Customer 22,Region 2,City 23,P035,Product 35,Category 5,10,149.03,1490.3,10,180.53
O04884,2025-09-01,C126,Customer 126,Region 7,City 7,P007,Product 7,Category 7,5,451.77,2258.85,10,521.64
O04885,2025-05-29,C261,Customer 261,Region 5,City 22,P005,Product 5,Category 5,10,86.73,867.3,20,160.24
O04886,2025-07-16,C130,Customer 130,Region 3,City 11,P026,Product 26,Category 11,6,474.87,2849.22,5,831.0
O04887,2025-12-30,C294,Customer 294,Region 9,City 25,P067,Product 67,Category 7,3,245.24,735.72,0,113.55
O04888,2025-11-21,C116,Customer 116,Region 1,City 27,P025,Product 25,Category 10,5,34.77,173.85,0,50.96
O04889,2025-04-20,C180,Customer 180,Region 3,City 1,P047,Product 47,Category 2,6,198.11,1188.66,20,62.79
O04890,2025-08-30,C177,Customer 177,Region 8,City 28,P100,Product 100,Category 10,9,118.57,1067.13,15,77.61
O04891,2025-08-14,C025,Customer 25,Region 6,City 26,P095,Product 95,Category 5,3,177.16,531.48,15,137.52
O04892,2025-08-06,C258,Customer 258,Region 5,City 19,P083,Product 83,Category 8,4,465.48,1861.92,10,243.09
O04893,2025-11-25,C056,Customer 56,Region 10,City 27,P066,Product 66,Category 6,6,79.06,474.36,0,67.77
O04894,2025-06-27,C033,Customer 33,Region 1,City 4,P007,Product 7,Category 7,9,451.77,4065.93,20,619.51
O04895,2025-07-14,C042,Customer 42,Region 5,City 13,P005,Product 5,Category 5,2,86.73,173.46,20,37.84
O04896,2025-10-02,C091,Customer 91,Region 8,City 2,P090,Product 90,Category 15,4,299.19,1196.76,0,200.6
O04897,2025-01-02,C002,Customer 2,Region 1,City 3,P003,Product 3,Category 3,1,436.22,436.22,0,95.21
O04898,2025-02-07,C129,Customer 129,Region 10,City 10,P059,Product 59,Category 14,1,348.66,348.66,10,99.53
O04899,2025-08-10,C268,Customer 268,Region 8,City 29,P021,Product 21,Category 6,1,126.09,126.09,5,30.99
O04900,2025-12-11,C198,Customer 198,Region 4,City 19,P075,Product 75,Category 15,1,418.32,418.32,5,55.76
O04901,2025-11-11,C116,Customer 116,Region 1,City 27,P013,Product 13,Category 13,2,47.04,94.08,5,24.62
O04902,2025-10-30,C112,Customer 112,Region 10,City 23,P044,Product 44,Category 14,7,37.1,259.7,20,34.81
O04903,2025-05-22,C206,Customer 206,Region 7,City 27,P085,Product 85,Category 10,1,456.11,456.11,5,40.29
O04904,2025-09-12,C123,Customer 123,Region 5,City 4,P059,Product 59,Category 14,9,348.66,3137.94,5,229.83
O04905,2025-07-06,C017,Customer 17,Region 7,City 18,P021,Product 21,Category 6,10,126.09,1260.9,15,357.3
O04906,2025-12-05,C137,Customer 137,Region 10,City 18,P031,Product 31,Category 1,10,69.9,699.0,5,93.9
O04907,2025-11-09,C215,Customer 215,Region 9,City 6,P036,Product 36,Category 6,7,93.48,654.36,0,69.9
O04908,2025-08-11,C211,Customer 211,Region 9,City 2,P076,Product 76,Category 1,5,21.06,105.3,0,28.83
O04909,2025-07-06,C201,Customer 201,Region 4,City 22,P085,Product 85,Category 10,3,456.11,1368.33,20,259.49
O04910,2025-03-15,C015,Customer 15,Region 6,City 16,P093,Product 93,Category 3,9,53.85,484.65,15,99.32
O04911,2025-01-02,C001,Customer 1,Region 10,City 2,P044,Product 44,Category 14,7,37.1,259.7,15,74.14
O04912,2025-07-11,C265,Customer 265,Region 8,City 26,P091,Product 91,Category 1,9,338.65,3047.85,20,686.19
O04913,2025-10-22,C050,Customer 50,Region 7,City 21,P027,Product 27,Category 12,6,273.37,1640.22,5,365.47
O04914,2025-10-31,C277,Customer 277,Region 10,City 8,P076,Product 76,Category 1,7,21.06,147.42,5,25.14
O04915,2025-06-02,C253,Customer 253,Region 7,City 14,P063,Product 63,Category 3,6,307.88,1847.28,15,227.17
O04916,2025-10-18,C244,Customer 244,Region 3,City 5,P037,Product 37,Category 7,10,329.5,3295.0,5,399.67
O04917,2025-12-06,C023,Customer 23,Region 8,City 24,P096,Product 96,Category 6,8,437.68,3501.44,20,635.82
O04918,2025-05-31,C071,Customer 71,Region 3,City 12,P004,Product 4,Category 4,9,446.21,4015.89,0,703.93
O04919,2025-01-08,C179,Customer 179,Region 5,City 30,P041,Product 41,Category 11,6,267.12,1602.72,0,92.92
O04920,2025-05-14,C158,Customer 158,Region 9,City 9,P012,Product 12,Category 12,9,453.15,4078.35,20,1176.24
O04921,2025-02-04,C242,Customer 242,Region 7,City 3,P098,Product 98,Category 8,9,335.46,3019.14,5,650.52
O04922,2025-12-16,C288,Customer 288,Region 8,City 19,P062,Product 62,Category 2,3,167.7,503.1,15,103.31
O04923,2025-01-19,C235,Customer 235,Region 4,City 26,P001,Product 1,Category 1,4,254.75,1019.0,0,229.02
O04924,2025-05-13,C046,Customer 46,Region 4,City 17,P012,Product 12,Category 12,9,453.15,4078.35,0,493.85
O04925,2025-10-08,C178,Customer 178,Region 3,City 29,P092,Product 92,Category 2,1,134.34,134.34,5,37.7
O04926,2025-03-25,C273,Customer 273,Region 8,City 4,P017,Product 17,Category 2,9,373.36,3360.24,0,491.2
O04927,2025-06-13,C143,Customer 143,Region 8,City 24,P062,Product 62,Category 2,3,167.7,503.1,10,142.01
O04928,2025-08-05,C198,Customer 198,Region 4,City 19,P019,Product 19,Category 4,3,20.62,61.86,15,14.85
O04929,2025-05-29,C186,Customer 186,Region 8,City 7,P002,Product 2,Category 2,3,181.44,544.32,15,87.53
O04930,2025-05-12,C141,Customer 141,Region 2,City 22,P020,Product 20,Category 5,5,261.28,1306.4,0,251.01
O04931,2025-10-19,C300,Customer 300,Region 5,City 1,P084,Product 84,Category 9,7,410.58,2874.06,15,700.45
O04932,2025-09-06,C231,Customer 231,Region 7,City 22,P001,Product 1,Category 1,4,254.75,1019.0,20,88.86
O04933,2025-01-07,C213,Customer 213,Region 2,City 4,P047,Product 47,Category 2,3,198.11,594.33,10,100.72
O04934,2025-03-26,C041,Customer 41,Region 4,City 12,P063,Product 63,Category 3,8,307.88,2463.04,5,153.08
O04935,2025-01-14,C002,Customer 2,Region 1,City 3,P055,Product 55,Category 10,2,215.67,431.34,0,93.99
O04936,2025-07-10,C004,Customer 4,Region 6,City 5,P076,Product 76,Category 1,6,21.06,126.36,20,23.58
O04937,2025-10-05,C166,Customer 166,Region 5,City 17,P052,Product 52,Category 7,1,409.71,409.71,15,56.64
O04938,2025-04-12,C274,Customer 274,Region 1,City 5,P015,Product 15,Category 15,1,366.97,366.97,20,46.88
O04939,2025-01-20,C232,Customer 232,Region 2,City 23,P069,Product 69,Category 9,5,386.3,1931.5,15,222.28
O04940,2025-09-15,C088,Customer 88,Region 5,City 29,P063,Product 63,Category 3,4,307.88,1231.52,15,313.13
O04941,2025-04-11,C075,Customer 75,Region 3,City 16,P034,Product 34,Category 4,3,389.34,1168.02,15,345.88
O04942,2025-08-12,C036,Customer 36,Region 9,City 7,P063,Product 63,Category 3,1,307.88,307.88,5,43.07
O04943,2025-06-06,C235,Customer 235,Region 4,City 26,P092,Product 92,Category 2,3,134.34,403.02,5,105.7
O04944,2025-11-26,C168,Customer 168,Region 7,City 19,P100,Product 100,Category 10,7,118.57,829.99,10,139.32
O04945,2025-04-10,C103,Customer 103,Region 3,City 14,P006,Product 6,Category 6,5,65.37,326.85,5,49.9
O04946,2025-11-09,C005,Customer 5,Region 8,City 6,P054,Product 54,Category 9,9,12.91,116.19,20,21.39
O04947,2025-02-17,C294,Customer 294,Region 9,City 25,P008,Product 8,Category 8,10,252.32,2523.2,0,584.49
O04948,2025-11-07,C269,Customer 269,Region 6,City 30,P044,Product 44,Category 14,7,37.1,259.7,20,66.88
O04949,2025-08-28,C271,Customer 271,Region 2,City 2,P001,Product 1,Category 1,2,254.75,509.5,0,39.31
O04950,2025-04-28,C013,Customer 13,Region 6,City 14,P087,Product 87,Category 12,10,230.44,2304.4,0,683.18
O04951,2025-07-04,C294,Customer 294,Region 9,City 25,P036,Product 36,Category 6,3,93.48,280.44,5,74.37
O04952,2025-08-17,C049,Customer 49,Region 2,City 20,P063,Product 63,Category 3,7,307.88,2155.16,5,349.07
O04953,2025-07-24,C164,Customer 164,Region 3,City 15,P014,Product 14,Category 14,5,159.28,796.4,10,71.96
O04954,2025-06-13,C098,Customer 98,Region 5,City 9,P064,Product 64,Category 4,5,445.94,2229.7,10,600.78
O04955,2025-02-11,C184,Customer 184,Region 1,City 5,P077,Product 77,Category 2,7,475.01,3325.07,20,959.01
O04956,2025-04-12,C006,Customer 6,Region 9,City 7,P100,Product 100,Category 10,2,118.57,237.14,20,69.76
O04957,2025-03-06,C080,Customer 80,Region 8,City 21,P060,Product 60,Category 15,9,197.8,1780.2,15,255.32
O04958,2025-08-15,C034,Customer 34,Region 2,City 5,P024,Product 24,Category 9,5,73.05,365.25,15,65.01
O04959,2025-07-29,C275,Customer 275,Region 9,City 6,P076,Product 76,Category 1,4,21.06,84.24,10,8.14
O04960,2025-01-27,C188,Customer 188,Region 2,City 9,P020,Product 20,Category 5,4,261.28,1045.12,5,207.91
O04961,2025-11-25,C025,Customer 25,Region 6,City 26,P083,Product 83,Category 8,1,465.48,465.48,15,76.04
O04962,2025-05-24,C226,Customer 226,Region 4,City 17,P007,Product 7,Category 7,10,451.77,4517.7,10,331.55
O04963,2025-03-06,C167,Customer 167,Region 3,City 18,P033,Product 33,Category 3,4,392.37,1569.48,0,164.42
O04964,2025-11-29,C260,Customer 260,Region 3,City 21,P035,Product 35,Category 5,2,149.03,298.06,10,27.78
O04965,2025-09-15,C256,Customer 256,Region 10,City 17,P080,Product 80,Category 5,10,322.73,3227.3,15,725.55
O04966,2025-07-01,C259,Customer 259,Region 7,City 20,P083,Product 83,Category 8,8,465.48,3723.84,0,876.79
O04967,2025-12-27,C005,Customer 5,Region 8,City 6,P005,Product 5,Category 5,3,86.73,260.19,20,58.29
O04968,2025-08-03,C047,Customer 47,Region 2,City 18,P058,Product 58,Category 13,4,201.63,806.52,5,138.21
O04969,2025-10-14,C147,Customer 147,Region 7,City 28,P041,Product 41,Category 11,2,267.12,534.24,0,135.39
O04970,2025-12-19,C047,Customer 47,Region 2,City 18,P095,Product 95,Category 5,2,177.16,354.32,20,75.96
O04971,2025-10-23,C182,Customer 182,Region 5,City 3,P056,Product 56,Category 11,8,261.99,2095.92,0,292.5
O04972,2025-07-03,C295,Customer 295,Region 2,City 26,P022,Product 22,Category 7,3,474.2,1422.6,5,257.34
O04973,2025-08-02,C148,Customer 148,Region 1,City 29,P095,Product 95,Category 5,1,177.16,177.16,15,20.05
O04974,2025-12-31,C157,Customer 157,Region 2,City 8,P076,Product 76,Category 1,10,21.06,210.6,15,43.25
O04975,2025-09-04,C289,Customer 289,Region 6,City 20,P004,Product 4,Category 4,9,446.21,4015.89,20,900.51
O04976,2025-04-01,C083,Customer 83,Region 1,City 24,P044,Product 44,Category 14,3,37.1,111.3,5,7.62
O04977,2025-05-25,C150,Customer 150,Region 8,City 1,P057,Product 57,Category 12,2,310.13,620.26,0,94.72
O04978,2025-05-11,C021,Customer 21,Region 5,City 22,P010,Product 10,Category 10,3,293.01,879.03,0,165.78
O04979,2025-02-11,C299,Customer 299,Region 8,City 30,P031,Product 31,Category 1,2,69.9,139.8,5,27.68
O04980,2025-03-15,C287,Customer 287,Region 1,City 18,P098,Product 98,Category 8,6,335.46,2012.76,20,373.13
O04981,2025-04-12,C070,Customer 70,Region 2,City 11,P037,Product 37,Category 7,6,329.5,1977.0,0,220.48
O04982,2025-11-14,C192,Customer 192,Region 3,City 13,P004,Product 4,Category 4,1,446.21,446.21,10,68.97
O04983,2025-12-23,C283,Customer 283,Region 10,City 14,P099,Product 99,Category 9,6,154.71,928.26,5,87.22
O04984,2025-07-21,C285,Customer 285,Region 3,City 16,P098,Product 98,Category 8,7,335.46,2348.22,20,505.35
O04985,2025-11-01,C104,Customer 104,Region 4,City 15,P019,Product 19,Category 4,5,20.62,103.1,0,10.69
O04986,2025-01-19,C012,Customer 12,Region 1,City 13,P002,Product 2,Category 2,9,181.44,1632.96,10,248.38
O04987,2025-06-24,C125,Customer 125,Region 6,City 6,P044,Product 44,Category 14,4,37.1,148.4,10,23.74
O04988,2025-03-19,C123,Customer 123,Region 5,City 4,P082,Product 82,Category 7,9,387.7,3489.3,5,348.97
O04989,2025-02-24,C049,Customer 49,Region 2,City 20,P047,Product 47,Category 2,4,198.11,792.44,20,79.54
O04990,2025-07-06,C212,Customer 212,Region 5,City 3,P002,Product 2,Category 2,10,181.44,1814.4,20,539.46
O04991,2025-11-30,C051,Customer 51,Region 10,City 22,P091,Product 91,Category 1,8,338.65,2709.2,10,643.37
O04992,2025-11-27,C116,Customer 116,Region 1,City 27,P064,Product 64,Category 4,2,445.94,891.88,15,240.16
O04993,2025-06-13,C101,Customer 101,Region 7,City 12,P040,Product 40,Category 10,10,456.29,4562.9,0,295.86
O04994,2025-07-19,C044,Customer 44,Region 2,City 15,P071,Product 71,Category 11,9,289.19,2602.71,15,312.37
O04995,2025-09-10,C143,Customer 143,Region 8,City 24,P053,Product 53,Category 8,10,434.3,4343.0,20,1147.61
O04996,2025-01-20,C226,Customer 226,Region 4,City 17,P011,Product 11,Category 11,10,48.35,483.5,0,110.75
O04997,2025-08-03,C011,Customer 11,Region 6,City 12,P031,Product 31,Category 1,9,69.9,629.1,20,86.88
O04998,2025-09-12,C163,Customer 163,Region 5,City 14,P051,Product 51,Category 6,5,16.21,81.05,10,5.03
O04999,2025-06-21,C261,Customer 261,Region 5,City 22,P017,Product 17,Category 2,8,373.36,2986.88,15,421.89
O05000,2025-01-15,C001,Customer 1,Region 10,City 2,P030,Product 30,Category 15,2,225.39,450.78,5,87.6
