OrderID,CustomerID,ProductID,OrderDate,Quantity,SalesAmount,Discount,Profit
O00001,C011,P089,2025-06-08,2,441.84,0,97.93
O00002,C106,P093,2025-07-05,10,538.5,20,27.02
O00003,C145,P004,2025-06-03,6,2677.26,15,283.09
O00004,C183,P049,2025-10-13,2,983.18,20,60.93
O00005,C259,P066,2025-09-15,5,395.3,0,20.94
O00006,C191,P010,2025-04-08,9,2637.09,15,786.7
O00007,C074,P028,2025-06-26,10,1867.8,0,244.81
O00008,C198,P077,2025-04-05,1,475.01,5,43.17
O00009,C074,P085,2025-06-18,8,3648.88,0,884.67
O00010,C137,P093,2025-03-15,1,53.85,15,14.92
O00011,C278,P018,2025-05-11,5,1093.9,20,297.99
O00012,C074,P082,2025-10-01,9,3489.3,20,387.23
O00013,C177,P069,2025-01-19,2,772.6,5,93.38
O00014,C269,P025,2025-05-21,9,312.93,0,39.16
O00015,C159,P045,2025-07-10,1,189.29,15,20.06
O00016,C233,P004,2025-08-26,3,1338.63,0,350.53
O00017,C255,P069,2025-07-07,2,772.6,10,83.62
O00018,C071,P049,2025-05-17,8,3932.72,20,1109.51
O00019,C150,P072,2025-08-23,7,192.71,5,27.3
O00020,C068,P043,2025-01-04,5,1872.0,20,557.87
O00021,C286,P065,2025-01-22,5,972.0,5,190.46
O00022,C285,P019,2025-05-25,10,206.2,0,48.78
O00023,C235,P093,2025-05-01,4,215.4,15,43.1
O00024,C148,P027,2025-08-29,2,546.74,15,113.86
O00025,C227,P030,2025-02-09,5,1126.95,20,121.53
O00026,C102,P011,2025-12-18,3,145.05,20,31.0
O00027,C118,P088,2025-05-14,2,578.02,15,103.2
O00028,C076,P079,2025-11-09,9,423.36,5,42.77
O00029,C131,P025,2025-04-02,10,347.7,5,78.82
O00030,C049,P037,2025-10-13,2,659.0,15,150.0
O00031,C290,P080,2025-09-13,3,968.19,0,166.99
O00032,C081,P003,2025-03-17,1,436.22,5,67.01
O00033,C199,P022,2025-02-07,9,4267.8,20,397.64
O00034,C156,P084,2025-06-23,4,1642.32,20,113.99
O00035,C117,P100,2025-03-29,7,829.99,5,241.29
O00036,C033,P031,2025-12-04,3,209.7,0,11.31
O00037,C175,P091,2025-11-15,4,1354.6,20,378.4
O00038,C158,P056,2025-08-24,3,785.97,10,128.66
O00039,C260,P017,2025-10-03,5,1866.8,15,454.23
O00040,C181,P040,2025-09-05,9,4106.61,5,981.11
O00041,C210,P038,2025-06-26,10,308.0,20,89.83
O00042,C135,P058,2025-04-11,6,1209.78,5,116.41
O00043,C128,P082,2025-01-26,3,1163.1,20,328.07
O00044,C124,P094,2025-03-02,2,130.72,20,8.85
O00045,C036,P073,2025-09-23,4,394.92,0,85.89
O00046,C223,P093,2025-07-17,5,269.25,20,68.8
O00047,C204,P032,2025-07-28,1,246.16,5,60.99
O00048,C155,P086,2025-11-06,6,2231.7,20,593.33
O00049,C021,P083,2025-01-05,1,465.48,5,54.3
O00050,C153,P050,2025-10-13,3,1393.56,5,352.51
O00051,C030,P057,2025-05-11,1,310.13,10,36.99
O00052,C133,P067,2025-12-17,10,2452.4,5,427.34
O00053,C271,P064,2025-11-25,3,1337.82,0,273.61
O00054,C118,P034,2025-10-14,10,3893.4,10,349.06
O00055,C067,P099,2025-01-11,7,1082.97,20,314.65
O00056,C152,P049,2025-09-05,7,3441.13,5,204.09
O00057,C121,P098,2025-10-13,9,3019.14,15,900.05
O00058,C260,P092,2025-07-11,10,1343.4,20,243.11
O00059,C172,P095,2025-11-13,2,354.32,0,44.3
O00060,C114,P003,2025-07-05,7,3053.54,5,184.05
O00061,C045,P015,2025-02-18,8,2935.76,10,284.51
O00062,C035,P096,2025-08-31,1,437.68,10,107.72
O00063,C049,P057,2025-08-08,1,310.13,20,51.73
O00064,C082,P015,2025-01-16,9,3302.73,5,502.03
O00065,C096,P023,2025-12-22,1,444.27,15,129.87
O00066,C109,P099,2025-03-01,8,1237.68,5,283.03
O00067,C275,P091,2025-01-21,10,3386.5,5,692.59
O00068,C238,P095,2025-06-25,9,1594.44,5,149.66
O00069,C128,P055,2025-06-11,9,1941.03,15,389.89
O00070,C082,P093,2025-04-21,6,323.1,15,50.83
O00071,C006,P078,2025-04-28,6,2295.36,0,319.5
O00072,C252,P056,2025-09-12,8,2095.92,20,269.62
O00073,C242,P090,2025-06-22,5,1495.95,0,118.53
O00074,C100,P009,2025-01-16,6,926.1,20,62.38
O00075,C077,P001,2025-05-08,5,1273.75,10,70.7
O00076,C251,P050,2025-04-18,6,2787.12,5,182.64
O00077,C171,P089,2025-10-28,1,220.92,0,45.28
O00078,C014,P025,2025-10-24,9,312.93,5,75.82
O00079,C033,P014,2025-06-30,1,159.28,15,14.52
O00080,C174,P093,2025-12-02,4,215.4,5,56.93
O00081,C291,P079,2025-10-11,2,94.08,15,24.65
O00082,C218,P039,2025-07-01,6,2939.82,15,212.75
O00083,C026,P080,2025-10-17,4,1290.92,15,117.88
O00084,C027,P050,2025-11-27,5,2322.6,20,188.94
O00085,C097,P014,2025-05-26,6,955.68,0,262.46
O00086,C116,P063,2025-03-23,6,1847.28,5,254.42
O00087,C267,P089,2025-09-17,9,1988.28,5,366.66
O00088,C211,P100,2025-03-07,3,355.71,0,35.49
O00089,C218,P058,2025-06-13,3,604.89,15,126.84
O00090,C124,P073,2025-04-26,10,987.3,5,55.12
O00091,C038,P017,2025-12-15,8,2986.88,10,240.77
O00092,C272,P001,2025-09-30,8,2038.0,10,490.96
O00093,C005,P037,2025-08-03,4,1318.0,15,276.63
O00094,C243,P098,2025-08-30,3,1006.38,10,61.88
O00095,C012,P026,2025-04-09,8,3798.96,10,432.41
O00096,C015,P024,2025-06-04,7,511.35,20,135.42
O00097,C115,P005,2025-06-20,7,607.11,15,137.99
O00098,C163,P052,2025-01-04,8,3277.68,10,627.84
O00099,C282,P073,2025-06-28,9,888.57,0,153.29
O00100,C026,P031,2025-05-10,7,489.3,0,90.56
O00101,C243,P089,2025-09-29,6,1325.52,0,141.11
O00102,C052,P040,2025-11-28,9,4106.61,20,307.24
O00103,C042,P085,2025-03-08,2,912.22,15,143.11
O00104,C040,P052,2025-04-29,6,2458.26,0,316.93
O00105,C276,P032,2025-08-22,9,2215.44,20,287.45
O00106,C179,P040,2025-09-20,9,4106.61,20,665.83
O00107,C244,P003,2025-11-14,7,3053.54,0,536.03
O00108,C146,P062,2025-10-18,1,167.7,15,28.34
O00109,C185,P082,2025-01-22,8,3101.6,5,198.19
O00110,C253,P065,2025-06-09,8,1555.2,5,441.08
O00111,C106,P031,2025-10-12,1,69.9,0,3.85
O00112,C270,P056,2025-08-10,7,1833.93,20,310.55
O00113,C039,P060,2025-12-16,6,1186.8,15,90.01
O00114,C225,P044,2025-08-29,4,148.4,20,41.76
O00115,C009,P085,2025-09-03,5,2280.55,5,636.91
O00116,C095,P063,2025-02-26,4,1231.52,5,150.7
O00117,C093,P081,2025-12-01,3,338.22,0,89.24
O00118,C048,P031,2025-06-25,6,419.4,10,35.08
O00119,C006,P064,2025-07-02,2,891.88,10,198.79
O00120,C046,P017,2025-08-20,3,1120.08,20,213.52
O00121,C268,P071,2025-12-13,1,289.19,15,23.73
O00122,C286,P037,2025-09-14,7,2306.5,20,591.29
O00123,C119,P042,2025-11-07,7,2918.93,20,853.46
O00124,C295,P050,2025-12-08,5,2322.6,10,313.61
O00125,C173,P066,2025-08-29,10,790.6,20,61.47
O00126,C149,P037,2025-03-06,9,2965.5,20,278.59
O00127,C033,P068,2025-10-25,6,2197.86,10,439.78
O00128,C213,P031,2025-11-09,5,349.5,20,67.85
O00129,C042,P057,2025-11-21,9,2791.17,5,805.34
O00130,C247,P019,2025-02-06,7,144.34,0,16.57
O00131,C166,P008,2025-07-24,5,1261.6,10,112.52
O00132,C296,P004,2025-01-17,7,3123.47,15,482.84
O00133,C258,P059,2025-04-30,4,1394.64,5,72.84
O00134,C274,P049,2025-09-22,4,1966.36,5,387.08
O00135,C073,P003,2025-05-11,3,1308.66,5,227.72
O00136,C234,P041,2025-05-26,5,1335.6,0,259.05
O00137,C296,P002,2025-07-03,6,1088.64,0,325.65
O00138,C097,P060,2025-04-29,1,197.8,10,46.38
O00139,C270,P081,2025-01-12,4,450.96,15,129.64
O00140,C113,P084,2025-04-04,3,1231.74,10,83.46
O00141,C275,P011,2025-04-30,3,145.05,5,14.97
O00142,C171,P083,2025-12-27,1,465.48,5,33.81
O00143,C038,P054,2025-08-20,2,25.82,15,2.5
O00144,C070,P049,2025-09-01,3,1474.77,10,373.08
O00145,C187,P040,2025-03-05,2,912.58,10,204.68
O00146,C221,P048,2025-06-11,7,2745.4,15,205.4
O00147,C078,P020,2025-02-13,6,1567.68,10,353.43
O00148,C262,P025,2025-07-19,9,312.93,5,87.79
O00149,C013,P018,2025-03-19,9,1969.02,15,465.71
O00150,C284,P073,2025-08-23,6,592.38,15,39.88
O00151,C106,P078,2025-12-12,2,765.12,10,104.16
O00152,C093,P025,2025-08-11,1,34.77,0,3.8
O00153,C287,P002,2025-02-27,8,1451.52,0,305.09
O00154,C001,P067,2025-11-30,7,1716.68,10,398.26
O00155,C062,P089,2025-04-25,5,1104.6,0,297.5
O00156,C246,P020,2025-06-22,8,2090.24,10,586.88
O00157,C106,P010,2025-01-03,9,2637.09,0,254.03
O00158,C021,P066,2025-03-19,9,711.54,10,168.9
O00159,C154,P078,2025-09-29,3,1147.68,15,66.91
O00160,C125,P029,2025-12-05,1,260.21,0,72.84
O00161,C250,P061,2025-06-04,10,1265.3,20,264.22
O00162,C112,P072,2025-08-28,10,275.3,15,37.85
O00163,C165,P002,2025-04-09,9,1632.96,5,392.58
O00164,C286,P032,2025-02-20,10,2461.6,15,133.37
O00165,C253,P100,2025-07-04,3,355.71,15,41.62
O00166,C171,P032,2025-04-16,1,246.16,20,16.22
O00167,C060,P097,2025-08-17,3,679.11,10,198.4
O00168,C271,P002,2025-08-15,10,1814.4,15,311.31
O00169,C052,P095,2025-12-04,10,1771.6,10,439.77
O00170,C293,P011,2025-02-07,7,338.45,15,82.35
O00171,C049,P064,2025-07-03,10,4459.4,0,418.83
O00172,C215,P074,2025-12-22,3,873.21,5,185.08
O00173,C035,P005,2025-06-20,8,693.84,0,199.58
O00174,C088,P039,2025-03-15,4,1959.88,20,105.28
O00175,C087,P083,2025-08-30,6,2792.88,10,249.04
O00176,C235,P034,2025-02-03,3,1168.02,10,318.66
O00177,C038,P069,2025-11-01,10,3863.0,20,723.53
O00178,C253,P021,2025-10-06,4,504.36,10,149.81
O00179,C297,P081,2025-11-03,5,563.7,20,139.37
O00180,C006,P087,2025-06-05,2,460.88,0,85.77
O00181,C257,P100,2025-05-02,9,1067.13,15,242.84
O00182,C253,P082,2025-05-27,5,1938.5,10,178.4
O00183,C049,P053,2025-04-29,4,1737.2,20,330.31
O00184,C126,P060,2025-10-23,8,1582.4,15,133.41
O00185,C221,P023,2025-03-01,3,1332.81,0,248.68
O00186,C030,P094,2025-01-19,9,588.24,20,76.17
O00187,C300,P096,2025-09-26,6,2626.08,0,698.43
O00188,C065,P096,2025-07-03,9,3939.12,5,1072.29
O00189,C237,P049,2025-03-25,2,983.18,0,110.3
O00190,C129,P047,2025-07-25,2,396.22,10,73.29
O00191,C137,P027,2025-10-07,6,1640.22,5,293.76
O00192,C092,P005,2025-09-16,8,693.84,10,50.11
O00193,C019,P073,2025-10-11,4,394.92,0,84.23
O00194,C274,P041,2025-03-26,10,2671.2,20,598.75
O00195,C080,P085,2025-04-05,6,2736.66,15,435.31
O00196,C087,P053,2025-06-05,7,3040.1,0,478.93
O00197,C287,P004,2025-07-05,2,892.42,0,219.44
O00198,C181,P074,2025-01-22,6,1746.42,5,295.14
O00199,C049,P064,2025-12-13,7,3121.58,5,221.6
O00200,C083,P017,2025-01-29,6,2240.16,20,280.03
O00201,C043,P047,2025-03-20,6,1188.66,20,294.76
O00202,C211,P057,2025-12-26,6,1860.78,0,212.74
O00203,C136,P063,2025-06-04,5,1539.4,0,141.93
O00204,C247,P073,2025-07-19,10,987.3,20,121.09
O00205,C113,P085,2025-12-06,5,2280.55,10,117.51
O00206,C159,P027,2025-05-23,9,2460.33,10,716.0
O00207,C242,P042,2025-12-04,5,2084.95,5,225.27
O00208,C005,P061,2025-06-28,4,506.12,0,25.52
O00209,C191,P069,2025-01-25,5,1931.5,5,458.98
O00210,C230,P039,2025-10-22,9,4409.73,10,584.33
O00211,C143,P072,2025-01-09,3,82.59,20,19.05
O00212,C105,P083,2025-09-05,1,465.48,15,114.72
O00213,C118,P015,2025-01-27,4,1467.88,10,359.01
O00214,C011,P066,2025-03-27,9,711.54,10,81.58
O00215,C031,P009,2025-01-07,4,617.4,15,44.68
O00216,C110,P099,2025-07-10,3,464.13,0,81.79
O00217,C196,P018,2025-12-16,2,437.56,20,106.74
O00218,C072,P087,2025-09-16,8,1843.52,10,356.81
O00219,C040,P017,2025-10-20,4,1493.44,15,81.72
O00220,C024,P022,2025-06-21,1,474.2,15,105.22
O00221,C048,P002,2025-03-01,7,1270.08,0,360.49
O00222,C114,P086,2025-06-15,10,3719.5,20,1054.89
O00223,C005,P059,2025-11-23,8,2789.28,20,458.51
O00224,C240,P068,2025-08-30,5,1831.55,0,226.01
O00225,C151,P018,2025-10-31,4,875.12,10,96.87
O00226,C189,P052,2025-10-18,10,4097.1,0,442.79
O00227,C144,P090,2025-07-16,1,299.19,0,57.1
O00228,C095,P028,2025-08-01,5,933.9,5,117.62
O00229,C249,P023,2025-01-28,1,444.27,15,23.9
O00230,C166,P088,2025-06-10,8,2312.08,0,573.5
O00231,C186,P052,2025-04-08,2,819.42,10,93.69
O00232,C293,P076,2025-02-05,8,168.48,0,27.8
O00233,C204,P062,2025-06-01,3,503.1,10,132.04
O00234,C281,P083,2025-12-15,10,4654.8,10,376.18
O00235,C171,P034,2025-01-25,5,1946.7,15,123.4
O00236,C061,P056,2025-03-23,2,523.98,20,44.39
O00237,C264,P067,2025-06-24,2,490.48,20,57.8
O00238,C178,P010,2025-09-30,1,293.01,5,67.69
O00239,C062,P052,2025-09-17,4,1638.84,5,249.95
O00240,C182,P002,2025-12-04,10,1814.4,5,153.46
O00241,C032,P055,2025-05-29,6,1294.02,10,292.26
O00242,C248,P068,2025-07-13,8,2930.48,5,519.17
O00243,C215,P061,2025-09-03,5,632.65,15,181.51
O00244,C058,P012,2025-04-07,4,1812.6,10,95.31
O00245,C284,P048,2025-10-31,6,2353.2,20,537.32
O00246,C135,P016,2025-04-25,9,269.28,5,33.71
O00247,C136,P078,2025-05-18,9,3443.04,20,839.59
O00248,C043,P048,2025-01-31,4,1568.8,0,342.83
O00249,C107,P013,2025-04-27,8,376.32,5,42.92
O00250,C200,P061,2025-09-19,10,1265.3,5,184.47
O00251,C107,P072,2025-08-17,4,110.12,20,25.31
O00252,C054,P013,2025-08-21,10,470.4,5,50.47
O00253,C278,P099,2025-07-09,1,154.71,20,33.23
O00254,C286,P024,2025-08-05,3,219.15,5,19.94
O00255,C219,P057,2025-05-22,3,930.39,10,72.94
O00256,C089,P009,2025-07-04,1,154.35,0,34.57
O00257,C073,P054,2025-06-04,7,90.37,0,7.78
O00258,C239,P057,2025-09-25,8,2481.04,15,458.84
O00259,C091,P021,2025-02-22,4,504.36,15,31.48
O00260,C066,P017,2025-02-27,5,1866.8,10,281.04
O00261,C204,P035,2025-06-14,3,447.09,15,86.22
O00262,C139,P043,2025-11-20,6,2246.4,10,210.81
O00263,C297,P026,2025-06-24,4,1899.48,15,465.18
O00264,C031,P080,2025-11-06,4,1290.92,20,75.69
O00265,C049,P037,2025-06-13,3,988.5,10,139.56
O00266,C193,P021,2025-03-07,9,1134.81,5,81.49
O00267,C046,P077,2025-05-23,2,950.02,20,155.8
O00268,C186,P061,2025-05-25,4,506.12,10,34.6
O00269,C100,P028,2025-06-17,9,1681.02,15,132.46
O00270,C181,P044,2025-01-30,6,222.6,10,15.81
O00271,C214,P039,2025-10-19,6,2939.82,5,433.97
O00272,C170,P083,2025-04-04,1,465.48,15,46.49
O00273,C058,P026,2025-07-06,6,2849.22,15,736.95
O00274,C015,P038,2025-01-25,9,277.2,10,17.18
O00275,C192,P097,2025-07-01,4,905.48,0,242.94
O00276,C084,P008,2025-02-04,3,756.96,15,202.11
O00277,C075,P042,2025-07-07,4,1667.96,0,384.45
O00278,C277,P090,2025-03-12,5,1495.95,0,319.36
O00279,C207,P024,2025-12-27,2,146.1,15,17.32
O00280,C100,P007,2025-06-18,9,4065.93,15,925.74
O00281,C187,P078,2025-06-25,10,3825.6,15,697.55
O00282,C179,P088,2025-02-15,6,1734.06,20,489.46
O00283,C138,P006,2025-02-11,8,522.96,15,155.38
O00284,C250,P087,2025-05-21,6,1382.64,5,129.27
O00285,C275,P097,2025-05-07,10,2263.7,0,474.44
O00286,C276,P094,2025-05-12,9,588.24,20,52.64
O00287,C100,P023,2025-07-01,8,3554.16,10,872.84
O00288,C123,P009,2025-09-07,9,1389.15,10,391.87
O00289,C105,P071,2025-09-26,2,578.38,0,140.11
O00290,C240,P015,2025-10-19,7,2568.79,20,628.65
O00291,C174,P045,2025-12-05,8,1514.32,15,147.87
O00292,C267,P083,2025-12-08,7,3258.36,0,747.56
O00293,C141,P018,2025-04-28,6,1312.68,15,310.02
O00294,C191,P004,2025-07-28,2,892.42,15,185.77
O00295,C032,P075,2025-03-24,4,1673.28,15,111.95
O00296,C101,P089,2025-03-04,2,441.84,0,42.01
O00297,C161,P001,2025-02-01,3,764.25,10,152.61
O00298,C277,P061,2025-03-22,8,1012.24,20,228.03
O00299,C107,P034,2025-01-06,8,3114.72,10,804.69
O00300,C012,P020,2025-08-31,6,1567.68,20,264.39
O00301,C036,P066,2025-09-28,5,395.3,0,42.26
O00302,C149,P048,2025-11-01,5,1961.0,5,462.85
O00303,C084,P009,2025-09-22,4,617.4,20,88.78
O00304,C085,P068,2025-03-01,3,1098.93,10,251.84
O00305,C182,P056,2025-05-06,5,1309.95,0,240.27
O00306,C159,P048,2025-03-22,9,3529.8,5,190.32
O00307,C131,P098,2025-06-08,4,1341.84,15,147.97
O00308,C253,P064,2025-12-14,8,3567.52,20,791.91
O00309,C181,P046,2025-06-14,3,126.27,20,16.27
O00310,C056,P098,2025-11-29,10,3354.6,5,638.18
O00311,C251,P056,2025-11-01,1,261.99,5,27.69
O00312,C060,P088,2025-06-14,5,1445.05,10,187.64
O00313,C262,P011,2025-07-23,7,338.45,15,69.85
O00314,C229,P026,2025-10-30,10,4748.7,15,1339.99
O00315,C216,P043,2025-05-27,5,1872.0,0,375.06
O00316,C239,P056,2025-04-10,7,1833.93,15,468.22
O00317,C046,P093,2025-07-30,8,430.8,20,51.97
O00318,C105,P025,2025-11-11,9,312.93,20,61.66
O00319,C081,P017,2025-07-13,3,1120.08,20,139.18
O00320,C118,P097,2025-10-21,3,679.11,0,135.04
O00321,C013,P061,2025-01-07,2,253.06,0,31.19
O00322,C212,P084,2025-08-28,6,2463.48,10,276.19
O00323,C266,P078,2025-02-06,10,3825.6,15,386.6
O00324,C182,P024,2025-10-08,10,730.5,5,215.23
O00325,C114,P093,2025-01-28,1,53.85,5,14.75
O00326,C170,P011,2025-01-28,3,145.05,15,39.39
O00327,C142,P019,2025-05-06,5,103.1,15,15.92
O00328,C299,P018,2025-06-10,3,656.34,10,101.76
O00329,C230,P034,2025-03-11,7,2725.38,0,144.18
O00330,C200,P052,2025-12-05,2,819.42,10,81.39
O00331,C064,P011,2025-10-02,5,241.75,5,66.08
O00332,C298,P091,2025-05-04,3,1015.95,10,253.11
O00333,C249,P091,2025-02-08,1,338.65,15,69.22
O00334,C221,P029,2025-03-27,10,2602.1,15,461.65
O00335,C133,P035,2025-06-12,3,447.09,0,128.92
O00336,C183,P022,2025-10-07,7,3319.4,10,511.91
O00337,C056,P034,2025-10-13,6,2336.04,10,204.57
O00338,C058,P009,2025-03-10,1,154.35,15,41.26
O00339,C088,P072,2025-05-14,7,192.71,15,19.09
O00340,C086,P093,2025-09-19,7,376.95,15,58.31
O00341,C290,P092,2025-01-20,4,537.36,0,48.53
O00342,C194,P035,2025-03-19,4,596.12,15,164.8
O00343,C109,P067,2025-12-29,10,2452.4,15,311.74
O00344,C209,P095,2025-03-19,6,1062.96,15,77.3
O00345,C158,P051,2025-07-30,4,64.84,0,8.29
O00346,C277,P073,2025-10-20,8,789.84,0,199.04
O00347,C014,P004,2025-06-12,8,3569.68,20,645.75
O00348,C170,P064,2025-12-24,2,891.88,15,225.57
O00349,C175,P100,2025-09-11,9,1067.13,15,317.61
O00350,C276,P086,2025-09-12,6,2231.7,20,286.57
O00351,C126,P069,2025-12-29,4,1545.2,20,210.25
O00352,C003,P070,2025-02-20,10,2310.1,10,422.41
O00353,C098,P019,2025-11-04,5,103.1,10,18.47
O00354,C218,P006,2025-08-12,1,65.37,10,9.12
O00355,C135,P099,2025-11-01,10,1547.1,5,84.96
O00356,C279,P003,2025-05-15,6,2617.32,10,292.53
O00357,C298,P061,2025-10-14,3,379.59,10,72.86
O00358,C035,P079,2025-01-11,4,188.16,15,41.37
O00359,C191,P094,2025-06-21,9,588.24,0,97.15
O00360,C276,P100,2025-10-20,9,1067.13,10,197.58
O00361,C130,P001,2025-04-25,2,509.5,0,51.53
O00362,C158,P046,2025-09-17,8,336.72,20,28.27
O00363,C030,P007,2025-08-08,4,1807.08,10,514.94
O00364,C264,P077,2025-01-22,5,2375.05,5,217.89
O00365,C151,P089,2025-02-07,6,1325.52,20,241.05
O00366,C295,P044,2025-06-09,2,74.2,15,8.77
O00367,C067,P027,2025-04-26,7,1913.59,5,261.85
O00368,C041,P093,2025-09-28,2,107.7,15,7.02
O00369,C232,P065,2025-12-02,1,194.4,0,51.7
O00370,C209,P056,2025-08-12,1,261.99,20,30.29
O00371,C020,P001,2025-03-29,8,2038.0,0,332.64
O00372,C036,P099,2025-07-22,2,309.42,20,47.55
O00373,C129,P043,2025-08-25,7,2620.8,0,310.03
O00374,C117,P067,2025-07-14,10,2452.4,15,351.06
O00375,C172,P018,2025-09-26,4,875.12,15,75.81
O00376,C213,P078,2025-10-09,4,1530.24,0,212.81
O00377,C073,P089,2025-12-23,9,1988.28,5,329.84
O00378,C175,P078,2025-07-21,6,2295.36,20,510.51
O00379,C154,P008,2025-06-01,5,1261.6,10,263.18
O00380,C051,P065,2025-12-09,10,1944.0,5,500.61
O00381,C073,P057,2025-03-25,1,310.13,15,92.85
O00382,C287,P025,2025-06-19,9,312.93,15,82.17
O00383,C265,P024,2025-01-05,5,365.25,5,100.91
O00384,C179,P082,2025-07-07,3,1163.1,5,319.14
O00385,C086,P045,2025-04-13,9,1703.61,5,263.97
O00386,C157,P029,2025-12-18,8,2081.68,5,579.27
O00387,C103,P044,2025-03-12,6,222.6,5,47.44
O00388,C191,P024,2025-10-10,7,511.35,5,135.18
O00389,C270,P049,2025-02-17,1,491.59,5,136.33
O00390,C148,P084,2025-10-13,6,2463.48,0,308.27
O00391,C248,P094,2025-11-06,1,65.36,0,3.33
O00392,C190,P079,2025-12-30,7,329.28,15,94.6
O00393,C197,P075,2025-03-28,10,4183.2,0,336.51
O00394,C139,P047,2025-09-21,1,198.11,15,47.85
O00395,C297,P001,2025-02-06,8,2038.0,15,430.65
O00396,C122,P034,2025-02-23,6,2336.04,0,293.41
O00397,C236,P044,2025-11-24,10,371.0,0,96.69
O00398,C056,P076,2025-08-30,5,105.3,15,24.16
O00399,C110,P080,2025-06-04,3,968.19,10,125.4
O00400,C110,P038,2025-12-21,3,92.4,5,19.31
O00401,C258,P098,2025-07-10,10,3354.6,10,329.23
O00402,C241,P046,2025-09-21,5,210.45,5,32.85
O00403,C107,P096,2025-01-23,2,875.36,5,183.22
O00404,C193,P085,2025-05-01,2,912.22,20,103.27
O00405,C032,P012,2025-08-30,10,4531.5,20,273.5
O00406,C221,P024,2025-10-04,3,219.15,0,18.22
O00407,C117,P007,2025-09-24,8,3614.16,5,850.14
O00408,C262,P024,2025-11-17,5,365.25,10,96.33
O00409,C250,P049,2025-07-21,2,983.18,15,94.83
O00410,C171,P070,2025-08-25,6,1386.06,15,232.8
O00411,C272,P050,2025-04-03,9,4180.68,5,855.79
O00412,C190,P071,2025-05-24,3,867.57,10,137.92
O00413,C079,P024,2025-02-24,6,438.3,0,130.83
O00414,C257,P095,2025-02-27,5,885.8,15,229.66
O00415,C010,P086,2025-08-28,3,1115.85,5,66.84
O00416,C274,P007,2025-04-01,1,451.77,5,128.84
O00417,C271,P092,2025-12-21,6,806.04,20,196.63
O00418,C099,P059,2025-10-30,6,2091.96,15,374.08
O00419,C277,P008,2025-03-25,10,2523.2,15,130.74
O00420,C179,P008,2025-07-23,2,504.64,20,150.89
O00421,C008,P067,2025-05-15,10,2452.4,10,505.71
O00422,C067,P033,2025-05-25,10,3923.7,0,1170.35
O00423,C074,P017,2025-02-06,5,1866.8,20,102.23
O00424,C014,P061,2025-03-23,7,885.71,10,211.09
O00425,C034,P033,2025-10-22,8,3138.96,0,438.86
O00426,C064,P012,2025-09-20,5,2265.75,20,170.23
O00427,C028,P086,2025-03-01,1,371.95,0,87.06
O00428,C174,P045,2025-01-05,9,1703.61,5,148.29
O00429,C048,P053,2025-05-02,3,1302.9,0,227.69
O00430,C206,P012,2025-12-25,10,4531.5,0,352.92
O00431,C273,P073,2025-10-19,9,888.57,20,264.73
O00432,C265,P046,2025-12-28,2,84.18,15,10.25
O00433,C221,P091,2025-12-22,7,2370.55,5,384.24
O00434,C005,P100,2025-11-05,3,355.71,5,30.2
O00435,C261,P074,2025-06-17,6,1746.42,10,491.4
O00436,C249,P010,2025-03-12,9,2637.09,20,631.5
O00437,C199,P053,2025-05-06,9,3908.7,5,456.02
O00438,C020,P091,2025-02-20,9,3047.85,15,728.26
O00439,C065,P083,2025-09-03,9,4189.32,0,1187.81
O00440,C108,P007,2025-11-04,6,2710.62,5,682.79
O00441,C004,P007,2025-09-28,3,1355.31,10,185.99
O00442,C164,P083,2025-12-13,2,930.96,20,223.55
O00443,C180,P085,2025-08-16,8,3648.88,15,1067.47
O00444,C095,P005,2025-10-07,2,173.46,0,45.67
O00445,C054,P055,2025-11-26,1,215.67,0,55.93
O00446,C252,P058,2025-08-18,2,403.26,5,80.5
O00447,C153,P049,2025-09-12,5,2457.95,15,428.73
O00448,C207,P022,2025-01-25,4,1896.8,20,253.92
O00449,C144,P050,2025-11-29,6,2787.12,0,375.98
O00450,C037,P024,2025-10-01,4,292.2,10,46.6
O00451,C073,P063,2025-10-31,8,2463.04,20,549.87
O00452,C208,P098,2025-08-28,8,2683.68,10,478.97
O00453,C174,P073,2025-03-14,5,493.65,15,59.5
O00454,C271,P071,2025-10-23,9,2602.71,15,424.06
O00455,C139,P001,2025-07-24,2,509.5,20,51.91
O00456,C291,P057,2025-01-04,6,1860.78,5,469.15
O00457,C226,P029,2025-04-26,6,1561.26,10,462.21
O00458,C156,P058,2025-03-03,3,604.89,20,37.52
O00459,C077,P025,2025-07-10,4,139.08,5,41.6
O00460,C108,P013,2025-09-21,2,94.08,15,23.99
O00461,C009,P070,2025-04-11,7,1617.07,10,156.1
O00462,C027,P042,2025-09-18,9,3752.91,0,766.49
O00463,C222,P017,2025-01-19,2,746.72,0,202.53
O00464,C221,P047,2025-06-22,1,198.11,10,32.13
O00465,C130,P051,2025-03-13,2,32.42,0,5.69
O00466,C224,P027,2025-04-29,5,1366.85,15,380.09
O00467,C058,P050,2025-10-05,1,464.52,15,59.12
O00468,C271,P093,2025-06-20,8,430.8,5,84.62
O00469,C097,P042,2025-11-18,6,2501.94,15,473.38
O00470,C224,P066,2025-08-09,10,790.6,10,66.18
O00471,C107,P037,2025-04-04,3,988.5,15,212.98
O00472,C296,P091,2025-01-26,8,2709.2,20,543.42
O00473,C130,P040,2025-01-05,7,3194.03,10,337.37
O00474,C195,P008,2025-07-18,6,1513.92,10,432.76
O00475,C126,P097,2025-04-21,9,2037.33,20,120.22
O00476,C168,P013,2025-03-23,6,282.24,15,58.78
O00477,C024,P071,2025-04-23,10,2891.9,15,172.09
O00478,C185,P051,2025-05-19,8,129.68,0,26.99
O00479,C155,P065,2025-04-06,4,777.6,20,225.02
O00480,C024,P040,2025-05-17,8,3650.32,10,755.47
O00481,C189,P077,2025-06-19,3,1425.03,20,98.56
O00482,C284,P091,2025-05-13,1,338.65,0,91.08
O00483,C092,P086,2025-09-07,7,2603.65,5,308.86
O00484,C069,P016,2025-12-28,8,239.36,0,30.89
O00485,C165,P032,2025-09-12,2,492.32,15,118.79
O00486,C251,P057,2025-08-16,4,1240.52,10,352.33
O00487,C120,P030,2025-07-07,1,225.39,0,66.19
O00488,C125,P006,2025-12-09,2,130.74,20,29.45
O00489,C120,P082,2025-11-02,1,387.7,5,102.82
O00490,C022,P074,2025-12-09,9,2619.63,20,736.19
O00491,C218,P018,2025-09-01,8,1750.24,0,384.16
O00492,C084,P100,2025-10-15,4,474.28,15,134.85
O00493,C261,P070,2025-12-27,5,1155.05,0,198.81
O00494,C224,P070,2025-02-10,7,1617.07,0,380.24
O00495,C072,P033,2025-03-22,8,3138.96,10,598.88
O00496,C247,P078,2025-07-06,8,3060.48,5,784.69
O00497,C012,P046,2025-11-06,3,126.27,15,33.04
O00498,C298,P072,2025-11-01,6,165.18,20,23.69
O00499,C178,P003,2025-08-17,1,436.22,5,116.53
O00500,C036,P039,2025-07-30,4,1959.88,5,282.89
O00501,C092,P018,2025-06-12,3,656.34,10,179.31
O00502,C139,P055,2025-11-23,8,1725.36,15,155.4
O00503,C161,P017,2025-07-29,1,373.36,5,103.79
O00504,C009,P010,2025-12-22,9,2637.09,0,532.75
O00505,C232,P057,2025-09-28,7,2170.91,15,379.66
O00506,C200,P012,2025-01-02,9,4078.35,10,1198.27
O00507,C087,P041,2025-12-03,3,801.36,0,146.82
O00508,C060,P006,2025-08-31,1,65.37,15,13.24
O00509,C169,P036,2025-08-24,4,373.92,0,100.13
O00510,C011,P046,2025-02-22,2,84.18,10,19.48
O00511,C188,P085,2025-07-12,9,4104.99,15,698.81
O00512,C068,P027,2025-10-10,8,2186.96,5,120.63
O00513,C274,P083,2025-04-28,6,2792.88,15,259.23
O00514,C166,P027,2025-02-03,8,2186.96,5,278.72
O00515,C049,P002,2025-06-27,9,1632.96,15,326.99
O00516,C105,P055,2025-10-20,7,1509.69,5,124.58
O00517,C299,P066,2025-01-27,3,237.18,0,38.59
O00518,C041,P035,2025-04-21,4,596.12,10,135.67
O00519,C027,P098,2025-09-21,3,1006.38,15,272.07
O00520,C258,P012,2025-02-23,3,1359.45,10,282.3
O00521,C129,P018,2025-05-13,6,1312.68,20,202.81
O00522,C234,P089,2025-01-11,8,1767.36,15,338.23
O00523,C014,P026,2025-07-05,5,2374.35,15,442.5
O00524,C274,P003,2025-11-22,3,1308.66,15,279.28
O00525,C079,P031,2025-04-14,4,279.6,15,50.64
O00526,C279,P055,2025-11-04,4,862.68,20,152.19
O00527,C030,P031,2025-02-18,4,279.6,0,40.36
O00528,C284,P085,2025-08-26,6,2736.66,0,362.29
O00529,C127,P020,2025-05-02,2,522.56,20,132.36
O00530,C133,P003,2025-11-30,1,436.22,15,22.88
O00531,C214,P073,2025-04-11,6,592.38,5,166.2
O00532,C082,P043,2025-03-12,3,1123.2,10,80.18
O00533,C038,P072,2025-01-06,9,247.77,0,43.05
O00534,C178,P028,2025-08-12,5,933.9,5,207.41
O00535,C170,P020,2025-02-23,3,783.84,0,121.09
O00536,C192,P020,2025-10-27,6,1567.68,5,122.52
O00537,C181,P064,2025-09-03,1,445.94,15,69.48
O00538,C224,P024,2025-05-28,6,438.3,0,120.87
O00539,C281,P042,2025-03-05,1,416.99,15,102.99
O00540,C169,P038,2025-06-05,2,61.6,5,4.0
O00541,C240,P056,2025-12-11,10,2619.9,0,157.62
O00542,C089,P091,2025-10-06,4,1354.6,0,104.7
O00543,C294,P043,2025-05-07,9,3369.6,5,437.5
O00544,C213,P074,2025-05-29,1,291.07,10,49.2
O00545,C008,P083,2025-02-11,8,3723.84,0,930.33
O00546,C243,P029,2025-07-04,6,1561.26,0,207.64
O00547,C071,P066,2025-10-29,1,79.06,15,10.57
O00548,C199,P086,2025-09-12,4,1487.8,5,396.4
O00549,C188,P070,2025-03-06,10,2310.1,15,579.92
O00550,C140,P040,2025-07-15,1,456.29,0,98.13
O00551,C096,P041,2025-10-03,5,1335.6,15,171.34
O00552,C298,P093,2025-11-10,6,323.1,0,36.42
O00553,C088,P046,2025-12-17,2,84.18,5,22.56
O00554,C133,P052,2025-01-19,10,4097.1,10,1219.73
O00555,C243,P024,2025-02-10,4,292.2,0,41.58
O00556,C282,P085,2025-05-18,1,456.11,10,50.86
O00557,C291,P053,2025-05-11,2,868.6,20,69.77
O00558,C292,P029,2025-12-06,2,520.42,15,142.93
O00559,C227,P062,2025-06-28,4,670.8,15,33.69
O00560,C170,P082,2025-11-22,3,1163.1,0,278.27
O00561,C285,P071,2025-03-09,10,2891.9,0,542.48
O00562,C212,P100,2025-06-02,4,474.28,20,77.35
O00563,C216,P096,2025-01-07,6,2626.08,5,407.89
O00564,C231,P043,2025-06-28,2,748.8,5,177.08
O00565,C089,P093,2025-10-02,3,161.55,20,24.64
O00566,C036,P050,2025-02-11,9,4180.68,20,920.11
O00567,C170,P032,2025-08-10,6,1476.96,20,306.18
O00568,C055,P023,2025-12-06,1,444.27,5,46.21
O00569,C049,P014,2025-03-12,2,318.56,10,75.18
O00570,C272,P008,2025-06-06,9,2270.88,0,182.43
O00571,C034,P090,2025-08-01,7,2094.33,10,152.36
O00572,C106,P061,2025-09-02,1,126.53,5,33.48
O00573,C036,P061,2025-08-07,4,506.12,20,147.99
O00574,C265,P100,2025-07-20,7,829.99,15,191.63
O00575,C280,P090,2025-04-29,3,897.57,0,135.45
O00576,C040,P018,2025-06-01,9,1969.02,5,122.65
O00577,C298,P027,2025-05-18,2,546.74,5,122.08
O00578,C114,P071,2025-04-27,4,1156.76,10,222.58
O00579,C127,P007,2025-12-03,5,2258.85,20,161.73
O00580,C094,P029,2025-07-10,4,1040.84,15,102.68
O00581,C276,P037,2025-09-15,1,329.5,15,21.98
O00582,C008,P095,2025-08-20,6,1062.96,10,117.21
O00583,C115,P077,2025-09-08,5,2375.05,5,582.47
O00584,C111,P003,2025-08-02,1,436.22,5,109.06
O00585,C099,P031,2025-07-24,3,209.7,15,22.29
O00586,C257,P049,2025-10-24,4,1966.36,10,193.8
O00587,C039,P045,2025-09-19,8,1514.32,15,156.75
O00588,C009,P020,2025-07-28,1,261.28,0,70.85
O00589,C193,P078,2025-05-30,4,1530.24,20,292.44
O00590,C241,P063,2025-09-28,7,2155.16,0,202.51
O00591,C207,P022,2025-09-01,3,1422.6,5,156.4
O00592,C204,P033,2025-03-17,1,392.37,0,103.04
O00593,C167,P035,2025-08-03,9,1341.27,0,110.47
O00594,C266,P059,2025-11-25,9,3137.94,15,181.07
O00595,C160,P082,2025-03-09,4,1550.8,15,427.23
O00596,C083,P064,2025-10-30,4,1783.76,20,474.03
O00597,C170,P047,2025-07-24,6,1188.66,0,171.13
O00598,C226,P018,2025-01-30,8,1750.24,0,495.65
O00599,C121,P097,2025-02-08,2,452.74,15,115.32
O00600,C014,P082,2025-12-05,6,2326.2,15,297.19
O00601,C052,P011,2025-02-07,3,145.05,20,24.93
O00602,C133,P002,2025-07-21,5,907.2,15,87.7
O00603,C051,P039,2025-05-14,4,1959.88,20,502.04
O00604,C252,P086,2025-11-13,3,1115.85,0,63.71
O00605,C061,P084,2025-10-29,9,3695.22,15,601.45
O00606,C279,P018,2025-02-12,10,2187.8,5,114.52
O00607,C062,P004,2025-01-09,4,1784.84,10,282.25
O00608,C290,P060,2025-12-03,9,1780.2,10,355.69
O00609,C263,P100,2025-05-21,6,711.42,20,190.0
O00610,C041,P035,2025-10-22,4,596.12,10,50.84
O00611,C067,P051,2025-03-16,1,16.21,15,1.52
O00612,C250,P007,2025-04-09,10,4517.7,20,1068.41
O00613,C161,P075,2025-11-21,9,3764.88,20,401.12
O00614,C148,P097,2025-11-30,5,1131.85,0,141.63
O00615,C242,P025,2025-01-11,2,69.54,0,15.4
O00616,C059,P075,2025-12-08,1,418.32,0,110.18
O00617,C282,P095,2025-10-01,1,177.16,5,36.55
O00618,C062,P016,2025-02-25,2,59.84,20,4.42
O00619,C260,P072,2025-04-21,8,220.24,5,45.82
O00620,C257,P027,2025-06-20,10,2733.7,15,779.46
O00621,C170,P002,2025-01-18,9,1632.96,10,415.03
O00622,C240,P080,2025-07-07,10,3227.3,5,241.71
O00623,C094,P042,2025-02-13,5,2084.95,5,351.66
O00624,C053,P100,2025-03-20,7,829.99,10,238.58
O00625,C053,P046,2025-09-01,1,42.09,10,5.8
O00626,C167,P072,2025-03-11,6,165.18,5,30.58
O00627,C117,P002,2025-08-26,8,1451.52,15,322.23
O00628,C139,P054,2025-02-03,9,116.19,0,15.77
O00629,C146,P054,2025-03-26,5,64.55,20,14.54
O00630,C129,P096,2025-02-24,7,3063.76,15,473.28
O00631,C102,P077,2025-12-09,5,2375.05,10,330.13
O00632,C239,P052,2025-07-22,5,2048.55,15,423.45
O00633,C007,P072,2025-01-20,5,137.65,15,40.67
O00634,C290,P072,2025-10-26,8,220.24,0,11.06
O00635,C013,P053,2025-07-04,2,868.6,5,179.78
O00636,C248,P014,2025-03-22,2,318.56,15,91.82
O00637,C279,P093,2025-04-20,9,484.65,10,48.51
O00638,C283,P058,2025-06-27,1,201.63,15,24.15
O00639,C075,P063,2025-10-16,7,2155.16,5,443.39
O00640,C196,P015,2025-11-22,3,1100.91,5,279.1
O00641,C251,P079,2025-03-21,6,282.24,5,18.86
O00642,C192,P044,2025-09-12,4,148.4,10,39.68
O00643,C069,P038,2025-07-17,5,154.0,15,37.98
O00644,C030,P032,2025-02-07,5,1230.8,15,77.13
O00645,C297,P051,2025-09-17,3,48.63,10,5.62
O00646,C108,P038,2025-02-21,1,30.8,20,2.28
O00647,C169,P024,2025-02-21,6,438.3,5,73.23
O00648,C241,P029,2025-12-21,4,1040.84,15,289.11
O00649,C038,P022,2025-08-10,1,474.2,20,70.16
O00650,C005,P091,2025-04-27,1,338.65,15,78.48
O00651,C022,P021,2025-01-30,4,504.36,15,146.25
O00652,C241,P021,2025-11-15,9,1134.81,10,105.04
O00653,C181,P079,2025-09-06,3,141.12,15,18.06
O00654,C219,P098,2025-11-23,5,1677.3,5,421.77
O00655,C192,P091,2025-12-11,2,677.3,0,139.44
O00656,C235,P038,2025-12-23,7,215.6,15,43.46
O00657,C158,P061,2025-05-31,1,126.53,20,23.04
O00658,C193,P003,2025-12-02,6,2617.32,20,772.94
O00659,C151,P034,2025-11-16,2,778.68,5,66.37
O00660,C114,P036,2025-09-06,8,747.84,5,197.9
O00661,C263,P021,2025-03-15,9,1134.81,0,201.57
O00662,C043,P087,2025-03-03,6,1382.64,15,140.32
O00663,C171,P011,2025-12-24,1,48.35,0,7.48
O00664,C051,P080,2025-02-26,7,2259.11,10,267.59
O00665,C233,P014,2025-08-15,8,1274.24,0,232.25
O00666,C258,P020,2025-04-12,1,261.28,5,34.04
O00667,C176,P031,2025-08-21,7,489.3,15,68.71
O00668,C116,P058,2025-07-28,8,1613.04,15,240.71
O00669,C274,P065,2025-06-08,2,388.8,5,37.52
O00670,C238,P021,2025-01-14,8,1008.72,15,141.82
O00671,C149,P098,2025-08-24,8,2683.68,0,287.44
O00672,C039,P041,2025-04-17,9,2404.08,0,548.88
O00673,C207,P025,2025-11-29,5,173.85,10,15.09
O00674,C171,P056,2025-11-14,7,1833.93,15,360.85
O00675,C130,P007,2025-05-29,5,2258.85,15,218.79
O00676,C029,P083,2025-05-12,5,2327.4,0,417.9
O00677,C278,P051,2025-01-12,6,97.26,0,26.69
O00678,C174,P087,2025-02-08,6,1382.64,10,101.82
O00679,C078,P044,2025-08-15,6,222.6,0,63.82
O00680,C085,P034,2025-02-05,9,3504.06,0,377.51
O00681,C114,P028,2025-08-31,7,1307.46,10,104.92
O00682,C203,P059,2025-08-18,7,2440.62,0,321.52
O00683,C055,P039,2025-04-20,7,3429.79,5,268.95
O00684,C222,P098,2025-05-24,3,1006.38,15,167.81
O00685,C117,P069,2025-11-11,10,3863.0,10,636.58
O00686,C199,P016,2025-09-24,7,209.44,0,46.55
O00687,C128,P064,2025-10-09,2,891.88,0,119.9
O00688,C254,P047,2025-03-29,8,1584.88,0,159.98
O00689,C226,P032,2025-11-08,5,1230.8,20,126.27
O00690,C089,P070,2025-09-06,10,2310.1,20,533.01
O00691,C288,P044,2025-07-24,6,222.6,20,14.86
O00692,C269,P065,2025-10-05,2,388.8,15,76.84
O00693,C216,P025,2025-05-22,7,243.39,10,28.27
O00694,C053,P002,2025-02-17,7,1270.08,20,113.25
O00695,C195,P044,2025-02-16,3,111.3,5,13.63
O00696,C087,P021,2025-06-23,8,1008.72,0,212.95
O00697,C008,P065,2025-02-12,3,583.2,0,59.51
O00698,C296,P025,2025-01-14,8,278.16,10,56.32
O00699,C131,P062,2025-07-11,8,1341.6,0,223.67
O00700,C112,P078,2025-02-20,8,3060.48,10,189.59
O00701,C095,P067,2025-03-14,7,1716.68,15,332.74
O00702,C216,P016,2025-12-08,5,149.6,20,34.85
O00703,C112,P071,2025-02-02,2,578.38,20,65.21
O00704,C120,P028,2025-11-15,9,1681.02,20,470.84
O00705,C224,P094,2025-07-04,2,130.72,10,34.86
O00706,C225,P085,2025-10-21,5,2280.55,5,324.39
O00707,C132,P035,2025-03-19,6,894.18,20,155.43
O00708,C069,P047,2025-04-13,5,990.55,5,239.45
O00709,C100,P032,2025-05-09,9,2215.44,15,328.52
O00710,C204,P038,2025-04-21,4,123.2,20,29.53
O00711,C185,P070,2025-11-06,4,924.04,15,118.23
O00712,C203,P027,2025-03-25,9,2460.33,20,728.18
O00713,C069,P050,2025-05-21,2,929.04,5,113.22
O00714,C240,P073,2025-06-03,3,296.19,10,18.9
O00715,C194,P040,2025-12-09,1,456.29,15,122.49
O00716,C117,P027,2025-11-04,7,1913.59,0,121.65
O00717,C183,P093,2025-10-16,1,53.85,5,12.0
O00718,C106,P035,2025-11-07,1,149.03,20,44.19
O00719,C190,P003,2025-12-26,9,3925.98,5,369.07
O00720,C003,P005,2025-05-13,8,693.84,0,100.86
O00721,C263,P090,2025-09-08,4,1196.76,5,276.01
O00722,C148,P019,2025-01-25,8,164.96,20,19.42
O00723,C154,P002,2025-09-26,8,1451.52,5,203.3
O00724,C235,P010,2025-10-03,6,1758.06,20,149.46
O00725,C271,P009,2025-08-19,4,617.4,0,94.57
O00726,C249,P033,2025-12-30,4,1569.48,20,449.47
O00727,C244,P069,2025-09-23,10,3863.0,5,659.21
O00728,C238,P052,2025-02-07,2,819.42,5,160.07
O00729,C191,P018,2025-03-13,6,1312.68,15,121.08
O00730,C221,P098,2025-06-02,6,2012.76,5,226.42
O00731,C027,P071,2025-11-13,3,867.57,0,107.26
O00732,C168,P089,2025-10-20,3,662.76,20,148.91
O00733,C045,P031,2025-05-14,9,629.1,5,40.03
O00734,C039,P042,2025-06-10,6,2501.94,5,292.02
O00735,C299,P063,2025-07-23,4,1231.52,20,225.94
O00736,C292,P068,2025-10-21,2,732.62,5,164.06
O00737,C144,P013,2025-12-29,4,188.16,20,48.43
O00738,C028,P063,2025-07-17,3,923.64,5,197.07
O00739,C017,P026,2025-04-22,5,2374.35,0,372.26
O00740,C178,P087,2025-06-08,5,1152.2,10,77.13
O00741,C146,P012,2025-03-14,10,4531.5,20,237.12
O00742,C206,P038,2025-09-18,10,308.0,0,87.57
O00743,C043,P065,2025-04-20,1,194.4,20,36.93
O00744,C159,P031,2025-08-03,7,489.3,5,31.82
O00745,C282,P054,2025-04-10,10,129.1,15,17.06
O00746,C086,P006,2025-10-03,2,130.74,20,16.9
O00747,C293,P079,2025-06-02,3,141.12,15,8.92
O00748,C207,P011,2025-09-04,2,96.7,0,13.97
O00749,C278,P054,2025-05-14,9,116.19,0,11.85
O00750,C278,P073,2025-02-02,4,394.92,0,37.68
O00751,C185,P061,2025-03-16,2,253.06,0,31.26
O00752,C150,P035,2025-06-27,5,745.15,15,187.74
O00753,C168,P097,2025-07-11,7,1584.59,15,444.27
O00754,C248,P085,2025-10-15,6,2736.66,20,704.31
O00755,C110,P097,2025-03-07,6,1358.22,10,378.06
O00756,C283,P020,2025-11-21,5,1306.4,20,127.81
O00757,C225,P006,2025-08-23,4,261.48,20,45.42
O00758,C114,P006,2025-02-27,3,196.11,15,26.91
O00759,C214,P095,2025-03-25,4,708.64,10,141.67
O00760,C144,P066,2025-11-03,4,316.24,0,49.55
O00761,C143,P072,2025-05-10,5,137.65,5,25.98
O00762,C153,P017,2025-11-22,1,373.36,15,72.83
O00763,C043,P037,2025-03-17,10,3295.0,20,943.23
O00764,C109,P084,2025-01-15,7,2874.06,20,205.88
O00765,C171,P030,2025-01-01,2,450.78,20,57.45
O00766,C268,P095,2025-02-14,10,1771.6,5,356.36
O00767,C066,P091,2025-05-14,3,1015.95,20,190.37
O00768,C258,P097,2025-01-23,2,452.74,20,123.45
O00769,C140,P087,2025-07-05,8,1843.52,0,524.08
O00770,C044,P010,2025-10-04,2,586.02,20,45.32
O00771,C201,P013,2025-09-04,4,188.16,20,43.75
O00772,C077,P003,2025-11-20,4,1744.88,15,352.03
O00773,C010,P002,2025-11-28,10,1814.4,5,369.33
O00774,C286,P011,2025-04-25,10,483.5,10,26.13
O00775,C109,P076,2025-09-12,8,168.48,20,44.06
O00776,C109,P010,2025-08-21,6,1758.06,5,232.1
O00777,C243,P006,2025-07-05,3,196.11,20,25.14
O00778,C138,P038,2025-01-27,6,184.8,10,26.17
O00779,C052,P025,2025-12-18,3,104.31,5,8.32
O00780,C226,P014,2025-12-17,4,637.12,10,137.85
O00781,C007,P052,2025-04-28,6,2458.26,20,623.78
O00782,C114,P036,2025-11-20,1,93.48,5,13.91
O00783,C215,P010,2025-03-04,7,2051.07,15,229.42
O00784,C132,P054,2025-03-06,5,64.55,10,4.87
O00785,C288,P047,2025-12-02,5,990.55,5,107.81
O00786,C022,P047,2025-10-27,2,396.22,15,37.85
O00787,C101,P006,2025-09-08,4,261.48,15,62.08
O00788,C274,P077,2025-10-08,3,1425.03,5,355.14
O00789,C234,P019,2025-12-16,5,103.1,0,21.15
O00790,C012,P098,2025-01-17,10,3354.6,15,588.11
O00791,C051,P033,2025-01-14,1,392.37,10,92.7
O00792,C211,P050,2025-07-18,2,929.04,20,99.88
O00793,C036,P048,2025-07-22,3,1176.6,5,153.15
O00794,C007,P029,2025-07-25,3,780.63,0,111.44
O00795,C177,P005,2025-01-19,3,260.19,15,15.2
O00796,C107,P028,2025-08-30,9,1681.02,0,165.59
O00797,C285,P027,2025-06-06,4,1093.48,10,303.89
O00798,C036,P021,2025-05-13,1,126.09,5,18.57
O00799,C013,P050,2025-12-10,10,4645.2,15,771.43
O00800,C262,P025,2025-05-07,10,347.7,20,32.19
O00801,C283,P097,2025-12-10,5,1131.85,15,178.08
O00802,C265,P025,2025-11-30,6,208.62,0,34.26
O00803,C038,P063,2025-08-30,4,1231.52,5,68.33
O00804,C180,P084,2025-03-29,1,410.58,15,47.85
O00805,C087,P044,2025-05-21,7,259.7,20,66.64
O00806,C050,P062,2025-06-20,3,503.1,15,93.31
O00807,C148,P076,2025-07-27,8,168.48,0,26.16
O00808,C087,P004,2025-03-30,3,1338.63,20,293.7
O00809,C198,P073,2025-01-27,4,394.92,5,80.9
O00810,C118,P069,2025-01-01,6,2317.8,15,564.17
O00811,C109,P072,2025-10-19,9,247.77,20,53.29
O00812,C124,P076,2025-01-06,8,168.48,5,21.4
O00813,C016,P088,2025-03-01,8,2312.08,15,490.67
O00814,C107,P041,2025-09-19,2,534.24,5,55.49
O00815,C142,P090,2025-03-16,3,897.57,5,229.64
O00816,C236,P033,2025-07-11,9,3531.33,20,322.26
O00817,C116,P043,2025-02-07,4,1497.6,15,304.29
O00818,C300,P094,2025-05-10,8,522.88,15,110.94
O00819,C262,P008,2025-06-28,9,2270.88,5,565.46
O00820,C032,P026,2025-01-17,2,949.74,15,91.28
O00821,C291,P077,2025-06-19,10,4750.1,15,1194.46
O00822,C064,P056,2025-08-13,3,785.97,0,77.36
O00823,C269,P010,2025-09-02,10,2930.1,5,285.64
O00824,C275,P088,2025-06-28,6,1734.06,15,250.74
O00825,C164,P038,2025-10-13,10,308.0,10,79.98
O00826,C283,P058,2025-01-17,8,1613.04,10,142.63
O00827,C260,P097,2025-02-14,8,1810.96,5,529.38
O00828,C095,P086,2025-10-18,5,1859.75,0,150.36
O00829,C024,P048,2025-03-12,6,2353.2,0,325.64
O00830,C109,P053,2025-01-15,2,868.6,5,150.21
O00831,C007,P079,2025-11-06,1,47.04,10,10.1
O00832,C286,P077,2025-08-29,5,2375.05,0,634.01
O00833,C280,P088,2025-11-20,9,2601.09,10,725.21
O00834,C231,P029,2025-11-15,9,2341.89,0,280.43
O00835,C261,P050,2025-01-08,2,929.04,5,247.38
O00836,C059,P046,2025-11-04,2,84.18,15,17.05
O00837,C216,P039,2025-08-31,10,4899.7,5,1313.42
O00838,C005,P076,2025-10-20,2,42.12,10,11.45
O00839,C099,P054,2025-05-10,9,116.19,5,32.99
O00840,C196,P007,2025-10-09,5,2258.85,0,372.39
O00841,C073,P031,2025-01-04,3,209.7,10,37.35
O00842,C096,P002,2025-05-11,3,544.32,10,78.94
O00843,C300,P076,2025-02-13,1,21.06,5,1.93
O00844,C184,P054,2025-01-12,9,116.19,20,32.17
O00845,C067,P037,2025-12-05,9,2965.5,0,544.06
O00846,C027,P041,2025-04-19,3,801.36,5,85.62
O00847,C166,P032,2025-09-16,4,984.64,10,83.69
O00848,C073,P089,2025-04-04,5,1104.6,5,229.35
O00849,C229,P011,2025-07-25,3,145.05,10,43.27
O00850,C260,P090,2025-01-01,5,1495.95,15,281.53
O00851,C180,P087,2025-10-28,7,1613.08,20,188.41
O00852,C296,P019,2025-10-30,5,103.1,10,29.86
O00853,C130,P038,2025-11-03,1,30.8,15,5.75
O00854,C205,P090,2025-06-11,8,2393.52,10,575.65
O00855,C210,P039,2025-12-17,3,1469.91,15,271.11
O00856,C106,P020,2025-12-26,7,1828.96,15,453.83
O00857,C281,P082,2025-02-16,2,775.4,15,121.97
O00858,C193,P093,2025-09-21,7,376.95,15,80.18
O00859,C206,P005,2025-03-24,1,86.73,10,14.9
O00860,C189,P088,2025-07-02,1,289.01,0,49.78
O00861,C062,P080,2025-04-04,1,322.73,0,39.27
O00862,C015,P016,2025-07-26,5,149.6,10,13.74
O00863,C271,P071,2025-10-14,5,1445.95,5,368.79
O00864,C258,P044,2025-06-21,6,222.6,10,26.72
O00865,C279,P037,2025-12-24,10,3295.0,15,553.87
O00866,C222,P025,2025-07-05,5,173.85,20,20.46
O00867,C227,P063,2025-07-29,7,2155.16,15,209.36
O00868,C079,P047,2025-06-27,9,1782.99,15,94.99
O00869,C017,P099,2025-02-15,2,309.42,10,53.01
O00870,C073,P050,2025-07-12,4,1858.08,15,393.35
O00871,C162,P026,2025-08-07,8,3798.96,5,475.99
O00872,C006,P051,2025-01-15,8,129.68,5,20.05
O00873,C264,P029,2025-05-23,7,1821.47,15,222.36
O00874,C185,P036,2025-04-26,4,373.92,5,34.28
O00875,C156,P002,2025-07-15,9,1632.96,15,457.68
O00876,C257,P043,2025-07-19,1,374.4,10,84.48
O00877,C132,P008,2025-06-14,10,2523.2,0,522.3
O00878,C230,P070,2025-01-08,7,1617.07,10,467.47
O00879,C036,P033,2025-12-04,1,392.37,10,99.89
O00880,C053,P045,2025-11-30,5,946.45,0,175.15
O00881,C065,P100,2025-04-05,5,592.85,15,128.0
O00882,C085,P074,2025-10-28,2,582.14,5,160.85
O00883,C299,P014,2025-03-23,6,955.68,20,132.07
O00884,C096,P055,2025-06-09,8,1725.36,5,138.2
O00885,C023,P065,2025-05-26,8,1555.2,10,314.84
O00886,C230,P099,2025-03-27,1,154.71,10,15.7
O00887,C182,P026,2025-11-14,10,4748.7,20,1078.12
O00888,C101,P090,2025-03-24,9,2692.71,20,449.51
O00889,C256,P069,2025-03-31,5,1931.5,5,167.44
O00890,C127,P094,2025-04-15,6,392.16,5,56.25
O00891,C049,P077,2025-08-17,2,950.02,15,263.48
O00892,C128,P037,2025-10-25,6,1977.0,5,518.82
O00893,C058,P009,2025-06-05,1,154.35,10,22.66
O00894,C297,P022,2025-09-26,1,474.2,5,87.61
O00895,C062,P019,2025-06-30,8,164.96,15,33.93
O00896,C273,P035,2025-11-25,9,1341.27,10,169.82
O00897,C074,P039,2025-03-12,4,1959.88,15,112.49
O00898,C285,P015,2025-10-11,8,2935.76,10,625.13
O00899,C195,P054,2025-11-19,10,129.1,5,8.13
O00900,C159,P040,2025-08-18,1,456.29,5,23.0
O00901,C143,P014,2025-04-16,5,796.4,5,210.5
O00902,C296,P051,2025-11-25,7,113.47,10,21.05
O00903,C202,P049,2025-12-30,9,4424.31,20,692.12
O00904,C258,P074,2025-04-06,4,1164.28,10,308.69
O00905,C059,P100,2025-05-17,8,948.56,5,175.39
O00906,C019,P064,2025-03-28,1,445.94,5,77.62
O00907,C036,P097,2025-08-09,7,1584.59,10,465.06
O00908,C046,P002,2025-09-22,3,544.32,5,123.34
O00909,C018,P063,2025-01-11,6,1847.28,5,237.15
O00910,C113,P066,2025-02-24,3,237.18,0,38.33
O00911,C221,P072,2025-08-26,10,275.3,0,38.94
O00912,C239,P091,2025-12-06,2,677.3,5,163.05
O00913,C259,P089,2025-10-27,4,883.68,15,236.76
O00914,C283,P064,2025-07-09,3,1337.82,15,159.09
O00915,C243,P047,2025-02-07,10,1981.1,5,378.28
O00916,C034,P012,2025-10-04,9,4078.35,10,622.6
O00917,C087,P029,2025-01-19,6,1561.26,20,338.07
O00918,C211,P076,2025-01-16,9,189.54,15,35.28
O00919,C155,P003,2025-07-11,5,2181.1,0,257.3
O00920,C092,P061,2025-07-22,2,253.06,5,12.69
O00921,C149,P077,2025-02-27,10,4750.1,5,971.17
O00922,C290,P004,2025-12-14,9,4015.89,5,415.72
O00923,C146,P086,2025-04-12,6,2231.7,0,288.64
O00924,C224,P057,2025-06-12,5,1550.65,10,247.87
O00925,C123,P075,2025-07-25,1,418.32,10,67.87
O00926,C055,P085,2025-10-09,2,912.22,10,205.79
O00927,C260,P024,2025-01-01,10,730.5,15,166.84
O00928,C241,P013,2025-06-18,7,329.28,5,34.13
O00929,C285,P043,2025-08-08,10,3744.0,0,974.95
O00930,C227,P005,2025-09-07,10,867.3,10,103.64
O00931,C212,P096,2025-12-24,2,875.36,10,109.59
O00932,C040,P082,2025-02-28,3,1163.1,20,76.28
O00933,C175,P019,2025-12-06,4,82.48,5,7.19
O00934,C202,P096,2025-06-27,2,875.36,0,242.92
O00935,C097,P019,2025-10-15,8,164.96,20,40.19
O00936,C088,P051,2025-12-23,7,113.47,5,9.74
O00937,C146,P046,2025-10-29,2,84.18,10,15.18
O00938,C129,P015,2025-11-11,10,3669.7,10,517.79
O00939,C299,P072,2025-03-06,9,247.77,10,45.77
O00940,C177,P006,2025-05-01,3,196.11,5,58.06
O00941,C057,P071,2025-01-06,3,867.57,5,107.02
O00942,C163,P065,2025-03-23,6,1166.4,10,245.91
O00943,C240,P074,2025-06-21,6,1746.42,5,434.59
O00944,C170,P004,2025-10-21,3,1338.63,15,182.02
O00945,C196,P020,2025-10-28,1,261.28,20,62.31
O00946,C205,P084,2025-12-28,5,2052.9,20,286.83
O00947,C220,P087,2025-06-15,4,921.76,5,271.85
O00948,C297,P018,2025-01-21,9,1969.02,10,193.58
O00949,C150,P085,2025-05-28,10,4561.1,0,665.44
O00950,C115,P090,2025-03-29,1,299.19,10,50.65
O00951,C265,P052,2025-05-27,10,4097.1,0,367.16
O00952,C111,P091,2025-10-31,6,2031.9,20,145.38
O00953,C212,P022,2025-10-21,7,3319.4,10,328.58
O00954,C080,P060,2025-01-27,10,1978.0,0,469.92
O00955,C294,P062,2025-07-20,3,503.1,20,36.95
O00956,C240,P054,2025-01-01,5,64.55,20,4.49
O00957,C153,P069,2025-10-05,8,3090.4,20,562.03
O00958,C013,P087,2025-08-28,7,1613.08,5,409.29
O00959,C265,P077,2025-03-07,4,1900.04,15,136.75
O00960,C291,P015,2025-02-07,2,733.94,5,163.13
O00961,C156,P042,2025-07-19,8,3335.92,0,976.8
O00962,C252,P038,2025-08-08,5,154.0,20,11.36
O00963,C028,P078,2025-10-20,6,2295.36,5,519.79
O00964,C096,P062,2025-09-15,10,1677.0,0,460.3
O00965,C192,P045,2025-09-20,3,567.87,10,47.62
O00966,C216,P023,2025-05-01,9,3998.43,20,441.18
O00967,C113,P085,2025-12-20,4,1824.44,10,371.83
O00968,C115,P088,2025-10-30,10,2890.1,0,821.03
O00969,C162,P048,2025-12-04,9,3529.8,0,378.4
O00970,C265,P022,2025-08-07,2,948.4,20,204.94
O00971,C049,P091,2025-11-05,7,2370.55,5,341.39
O00972,C243,P072,2025-03-06,6,165.18,20,43.46
O00973,C223,P082,2025-03-26,2,775.4,10,112.55
O00974,C270,P052,2025-06-19,9,3687.39,5,746.64
O00975,C131,P066,2025-04-14,2,158.12,15,18.8
O00976,C050,P016,2025-11-26,2,59.84,20,17.78
O00977,C150,P027,2025-04-22,1,273.37,5,40.94
O00978,C109,P012,2025-07-29,7,3172.05,5,247.72
O00979,C106,P047,2025-06-20,5,990.55,5,151.11
O00980,C024,P074,2025-03-17,3,873.21,10,241.63
O00981,C293,P034,2025-04-05,5,1946.7,15,337.13
O00982,C277,P029,2025-04-17,9,2341.89,0,140.15
O00983,C296,P092,2025-06-21,2,268.68,10,77.2
O00984,C129,P054,2025-04-13,5,64.55,0,16.47
O00985,C127,P046,2025-01-29,9,378.81,15,92.47
O00986,C280,P024,2025-03-13,2,146.1,15,18.44
O00987,C037,P005,2025-10-17,1,86.73,0,6.52
O00988,C141,P092,2025-07-17,5,671.7,20,60.89
O00989,C097,P003,2025-08-26,5,2181.1,0,160.19
O00990,C123,P044,2025-08-12,8,296.8,5,42.62
O00991,C174,P048,2025-09-04,1,392.2,10,101.54
O00992,C083,P057,2025-03-01,10,3101.3,10,344.57
O00993,C276,P007,2025-05-28,5,2258.85,5,359.89
O00994,C129,P084,2025-05-20,7,2874.06,5,525.05
O00995,C257,P012,2025-11-23,8,3625.2,5,715.18
O00996,C085,P018,2025-04-01,3,656.34,10,86.92
O00997,C144,P099,2025-02-10,9,1392.39,5,138.17
O00998,C124,P072,2025-12-04,1,27.53,10,4.31
O00999,C222,P010,2025-11-24,6,1758.06,10,497.88
O01000,C240,P077,2025-04-01,7,3325.07,15,255.74
O01001,C016,P050,2025-09-05,4,1858.08,0,188.3
O01002,C277,P007,2025-02-05,1,451.77,5,70.3
O01003,C209,P042,2025-10-09,9,3752.91,20,902.72
O01004,C011,P062,2025-07-19,6,1006.2,0,211.62
O01005,C079,P062,2025-12-16,2,335.4,0,47.35
O01006,C058,P037,2025-05-14,5,1647.5,5,449.63
O01007,C131,P039,2025-03-12,1,489.97,20,77.94
O01008,C093,P070,2025-12-04,7,1617.07,10,431.79
O01009,C224,P097,2025-11-12,9,2037.33,0,588.47
O01010,C263,P073,2025-11-22,7,691.11,5,74.46
O01011,C277,P094,2025-01-03,4,261.44,20,76.7
O01012,C031,P052,2025-04-23,1,409.71,15,86.2
O01013,C017,P090,2025-11-27,2,598.38,5,105.67
O01014,C029,P064,2025-07-21,1,445.94,0,60.25
O01015,C179,P022,2025-12-28,4,1896.8,5,292.64
O01016,C012,P075,2025-07-30,1,418.32,10,37.31
O01017,C180,P046,2025-10-14,2,84.18,15,5.37
O01018,C132,P005,2025-05-02,5,433.65,0,128.35
O01019,C065,P012,2025-10-20,9,4078.35,10,737.3
O01020,C055,P077,2025-10-15,5,2375.05,0,164.7
O01021,C053,P067,2025-03-13,8,1961.92,15,179.9
O01022,C055,P099,2025-06-04,7,1082.97,5,183.97
O01023,C083,P028,2025-06-03,9,1681.02,0,264.13
O01024,C162,P038,2025-01-14,10,308.0,5,50.37
O01025,C102,P015,2025-11-17,3,1100.91,20,286.03
O01026,C022,P030,2025-03-13,2,450.78,10,51.0
O01027,C107,P039,2025-11-18,5,2449.85,15,149.1
O01028,C068,P030,2025-01-09,2,450.78,10,85.61
O01029,C012,P095,2025-02-01,1,177.16,20,48.66
O01030,C239,P100,2025-08-03,9,1067.13,5,315.59
O01031,C080,P079,2025-08-25,5,235.2,15,55.08
O01032,C140,P063,2025-09-05,6,1847.28,10,508.15
O01033,C005,P008,2025-05-13,6,1513.92,20,281.32
O01034,C199,P022,2025-09-25,3,1422.6,15,408.17
O01035,C227,P078,2025-12-21,1,382.56,10,98.7
O01036,C251,P051,2025-12-26,1,16.21,15,2.18
O01037,C252,P031,2025-03-17,5,349.5,15,38.09
O01038,C104,P015,2025-09-07,8,2935.76,5,611.61
O01039,C076,P017,2025-03-22,10,3733.6,5,630.57
O01040,C259,P012,2025-06-28,1,453.15,10,67.02
O01041,C134,P030,2025-03-11,7,1577.73,10,386.67
O01042,C247,P048,2025-04-07,6,2353.2,0,153.58
O01043,C171,P049,2025-10-23,4,1966.36,20,369.24
O01044,C166,P094,2025-11-09,4,261.44,0,33.14
O01045,C293,P050,2025-04-22,10,4645.2,0,550.49
O01046,C004,P089,2025-10-24,10,2209.2,10,652.8
O01047,C148,P082,2025-06-19,4,1550.8,5,382.95
O01048,C059,P036,2025-09-14,10,934.8,5,218.39
O01049,C132,P018,2025-10-09,6,1312.68,15,78.04
O01050,C095,P016,2025-10-11,9,269.28,20,67.68
O01051,C086,P023,2025-03-30,3,1332.81,0,109.39
O01052,C089,P099,2025-03-27,9,1392.39,5,179.2
O01053,C267,P093,2025-04-12,9,484.65,15,139.56
O01054,C066,P002,2025-06-05,2,362.88,15,29.31
O01055,C281,P020,2025-07-08,1,261.28,20,38.11
O01056,C001,P061,2025-09-27,9,1138.77,15,174.36
O01057,C142,P065,2025-04-14,7,1360.8,5,404.57
O01058,C193,P060,2025-10-31,6,1186.8,15,178.31
O01059,C243,P097,2025-10-12,4,905.48,10,85.77
O01060,C127,P069,2025-09-21,7,2704.1,5,259.54
O01061,C177,P075,2025-05-23,6,2509.92,15,466.28
O01062,C217,P028,2025-12-27,4,747.12,10,68.68
O01063,C295,P035,2025-03-22,8,1192.24,0,339.61
O01064,C033,P015,2025-09-21,10,3669.7,15,550.69
O01065,C255,P047,2025-11-18,2,396.22,10,110.73
O01066,C150,P019,2025-05-07,3,61.86,0,13.29
O01067,C276,P042,2025-07-19,4,1667.96,0,207.21
O01068,C047,P006,2025-10-18,2,130.74,15,15.62
O01069,C008,P092,2025-12-23,2,268.68,10,59.19
O01070,C246,P003,2025-07-23,6,2617.32,5,165.86
O01071,C144,P033,2025-04-06,2,784.74,15,230.12
O01072,C056,P015,2025-12-22,4,1467.88,5,158.86
O01073,C170,P083,2025-10-17,10,4654.8,20,713.44
O01074,C111,P043,2025-05-04,5,1872.0,10,308.36
O01075,C124,P016,2025-06-30,7,209.44,15,21.2
O01076,C108,P028,2025-09-29,10,1867.8,10,535.37
O01077,C113,P041,2025-10-04,4,1068.48,0,274.85
O01078,C232,P061,2025-01-10,3,379.59,15,97.25
O01079,C245,P048,2025-06-14,10,3922.0,15,620.14
O01080,C204,P055,2025-02-17,4,862.68,20,189.77
O01081,C123,P022,2025-08-22,8,3793.6,20,617.13
O01082,C263,P044,2025-02-24,3,111.3,10,32.36
O01083,C100,P012,2025-07-31,3,1359.45,0,382.57
O01084,C255,P048,2025-07-28,5,1961.0,15,132.77
O01085,C260,P092,2025-03-01,8,1074.72,5,305.26
O01086,C056,P031,2025-09-06,6,419.4,20,113.39
O01087,C167,P066,2025-03-05,6,474.36,5,36.42
O01088,C067,P062,2025-10-22,3,503.1,0,113.11
O01089,C273,P016,2025-05-27,5,149.6,5,18.9
O01090,C204,P063,2025-06-04,7,2155.16,5,460.96
O01091,C187,P040,2025-10-09,5,2281.45,0,614.5
O01092,C023,P075,2025-06-16,9,3764.88,5,716.63
O01093,C151,P083,2025-04-21,10,4654.8,20,274.17
O01094,C283,P036,2025-10-05,2,186.96,15,44.62
O01095,C268,P011,2025-12-19,2,96.7,5,17.01
O01096,C107,P072,2025-04-05,4,110.12,15,9.29
O01097,C033,P071,2025-10-18,2,578.38,5,106.46
O01098,C276,P080,2025-11-26,5,1613.65,20,129.69
O01099,C280,P011,2025-09-12,4,193.4,5,33.51
O01100,C095,P083,2025-05-11,1,465.48,10,39.85
O01101,C155,P044,2025-10-29,4,148.4,0,42.98
O01102,C086,P093,2025-01-24,5,269.25,10,63.93
O01103,C035,P015,2025-06-01,4,1467.88,15,216.56
O01104,C047,P043,2025-09-17,2,748.8,0,87.76
O01105,C140,P079,2025-11-22,10,470.4,10,87.98
O01106,C185,P085,2025-04-06,2,912.22,15,45.67
O01107,C017,P001,2025-09-10,8,2038.0,5,499.41
O01108,C250,P099,2025-01-23,1,154.71,15,10.95
O01109,C163,P012,2025-02-09,3,1359.45,20,283.25
O01110,C211,P010,2025-04-02,8,2344.08,10,371.25
O01111,C093,P036,2025-11-03,2,186.96,0,31.49
O01112,C240,P004,2025-05-16,10,4462.1,15,923.72
O01113,C127,P029,2025-12-09,5,1301.05,15,111.56
O01114,C268,P084,2025-08-16,2,821.16,15,113.11
O01115,C160,P068,2025-11-01,10,3663.1,20,748.53
O01116,C218,P055,2025-01-12,6,1294.02,15,168.26
O01117,C282,P029,2025-01-21,2,520.42,10,117.38
O01118,C173,P034,2025-06-01,3,1168.02,5,178.94
O01119,C291,P067,2025-10-19,9,2207.16,20,347.79
O01120,C176,P089,2025-05-24,8,1767.36,5,110.4
O01121,C003,P084,2025-07-07,9,3695.22,5,690.46
O01122,C274,P045,2025-07-10,4,757.16,15,166.9
O01123,C170,P069,2025-07-25,8,3090.4,5,261.04
O01124,C153,P039,2025-05-01,5,2449.85,20,490.22
O01125,C004,P047,2025-01-06,4,792.44,0,157.22
O01126,C060,P051,2025-06-30,6,97.26,20,13.92
O01127,C141,P085,2025-08-30,5,2280.55,10,125.4
O01128,C158,P079,2025-04-07,9,423.36,20,27.82
O01129,C201,P003,2025-03-08,4,1744.88,15,339.38
O01130,C282,P052,2025-09-21,8,3277.68,5,503.99
O01131,C278,P001,2025-03-05,7,1783.25,10,137.03
O01132,C086,P050,2025-06-22,8,3716.16,10,524.15
O01133,C006,P063,2025-12-18,2,615.76,10,112.91
O01134,C298,P017,2025-09-22,3,1120.08,15,128.78
O01135,C065,P012,2025-05-19,2,906.3,10,76.17
O01136,C259,P068,2025-08-31,7,2564.17,0,728.61
O01137,C005,P076,2025-04-29,6,126.36,5,32.48
O01138,C176,P076,2025-05-03,4,84.24,10,21.87
O01139,C025,P073,2025-05-02,10,987.3,10,170.9
O01140,C295,P086,2025-09-02,6,2231.7,20,499.6
O01141,C252,P013,2025-10-21,8,376.32,0,77.0
O01142,C284,P048,2025-09-13,6,2353.2,15,611.99
O01143,C183,P019,2025-06-15,10,206.2,0,24.1
O01144,C141,P086,2025-07-26,2,743.9,10,161.16
O01145,C116,P022,2025-10-11,2,948.4,15,80.65
O01146,C270,P035,2025-03-21,6,894.18,0,106.56
O01147,C221,P074,2025-01-15,4,1164.28,15,163.14
O01148,C098,P005,2025-01-29,10,867.3,0,77.6
O01149,C294,P071,2025-12-10,9,2602.71,15,180.93
O01150,C156,P072,2025-07-21,3,82.59,20,7.62
O01151,C020,P028,2025-04-14,5,933.9,5,63.3
O01152,C047,P068,2025-01-13,2,732.62,0,174.75
O01153,C287,P063,2025-12-26,8,2463.04,15,413.52
O01154,C290,P028,2025-09-07,1,186.78,10,33.42
O01155,C052,P016,2025-07-11,1,29.92,0,6.82
O01156,C031,P031,2025-07-23,7,489.3,15,74.47
O01157,C129,P075,2025-06-21,2,836.64,0,168.93
O01158,C024,P042,2025-05-04,10,4169.9,15,222.7
O01159,C218,P092,2025-11-02,4,537.36,10,116.49
O01160,C220,P090,2025-08-21,10,2991.9,20,403.87
O01161,C046,P089,2025-03-25,7,1546.44,5,341.63
O01162,C159,P016,2025-03-24,9,269.28,15,23.66
O01163,C195,P064,2025-04-18,2,891.88,15,220.64
O01164,C119,P055,2025-11-21,3,647.01,0,193.36
O01165,C179,P075,2025-08-04,2,836.64,5,66.64
O01166,C072,P015,2025-06-06,1,366.97,5,96.68
O01167,C224,P077,2025-03-17,8,3800.08,15,489.36
O01168,C186,P059,2025-05-22,5,1743.3,0,492.74
O01169,C167,P061,2025-01-14,8,1012.24,20,296.49
O01170,C264,P024,2025-07-17,3,219.15,0,43.43
O01171,C061,P030,2025-01-24,5,1126.95,10,220.61
O01172,C216,P023,2025-06-07,1,444.27,10,55.73
O01173,C075,P014,2025-09-12,7,1114.96,20,154.81
O01174,C204,P075,2025-10-20,10,4183.2,10,564.71
O01175,C264,P039,2025-10-01,7,3429.79,0,438.93
O01176,C185,P061,2025-10-30,3,379.59,5,101.49
O01177,C114,P026,2025-01-29,2,949.74,5,216.24
O01178,C071,P078,2025-10-21,2,765.12,5,119.74
O01179,C273,P010,2025-09-30,9,2637.09,5,675.47
O01180,C240,P077,2025-06-12,6,2850.06,10,552.99
O01181,C269,P043,2025-01-22,3,1123.2,5,163.62
O01182,C125,P045,2025-01-01,5,946.45,10,258.02
O01183,C096,P024,2025-05-08,2,146.1,15,27.76
O01184,C095,P081,2025-10-04,6,676.44,15,133.83
O01185,C198,P064,2025-01-22,2,891.88,0,172.84
O01186,C031,P088,2025-04-26,2,578.02,0,126.16
O01187,C159,P087,2025-09-09,8,1843.52,5,412.19
O01188,C001,P032,2025-09-01,6,1476.96,20,93.81
O01189,C025,P046,2025-03-30,9,378.81,20,91.19
O01190,C186,P063,2025-04-03,3,923.64,15,100.98
O01191,C025,P071,2025-04-04,9,2602.71,15,201.31
O01192,C100,P020,2025-01-15,6,1567.68,0,184.7
O01193,C196,P036,2025-02-15,5,467.4,15,130.87
O01194,C087,P030,2025-11-13,7,1577.73,15,311.39
O01195,C265,P089,2025-02-08,9,1988.28,0,132.25
O01196,C014,P091,2025-03-31,2,677.3,0,160.44
O01197,C274,P059,2025-11-16,2,697.32,0,111.43
O01198,C173,P022,2025-03-08,1,474.2,0,71.73
O01199,C060,P062,2025-09-21,7,1173.9,20,72.31
O01200,C177,P035,2025-06-06,10,1490.3,5,441.4
O01201,C218,P007,2025-02-11,10,4517.7,20,773.6
O01202,C107,P036,2025-12-06,2,186.96,20,13.11
O01203,C209,P098,2025-11-12,10,3354.6,5,946.27
O01204,C085,P072,2025-02-23,7,192.71,10,57.04
O01205,C289,P055,2025-10-27,5,1078.35,20,271.83
O01206,C033,P033,2025-06-08,2,784.74,15,185.65
O01207,C120,P004,2025-06-02,4,1784.84,0,173.35
O01208,C244,P011,2025-06-23,5,241.75,0,52.24
O01209,C154,P011,2025-12-20,4,193.4,15,15.89
O01210,C193,P036,2025-11-09,4,373.92,15,78.15
O01211,C122,P093,2025-11-22,3,161.55,10,44.39
O01212,C090,P010,2025-10-21,1,293.01,20,15.11
O01213,C164,P032,2025-10-01,10,2461.6,20,173.57
O01214,C202,P039,2025-08-05,1,489.97,10,50.35
O01215,C177,P093,2025-03-30,7,376.95,20,49.45
O01216,C058,P014,2025-01-25,2,318.56,5,31.28
O01217,C173,P017,2025-06-29,6,2240.16,10,643.87
O01218,C078,P044,2025-05-15,7,259.7,5,57.03
O01219,C126,P070,2025-08-10,10,2310.1,10,270.98
O01220,C165,P014,2025-05-20,5,796.4,5,193.2
O01221,C124,P013,2025-09-28,4,188.16,20,26.1
O01222,C142,P099,2025-08-03,6,928.26,15,51.75
O01223,C081,P089,2025-08-05,8,1767.36,20,517.75
O01224,C164,P004,2025-02-14,7,3123.47,20,249.61
O01225,C292,P050,2025-08-12,2,929.04,0,158.17
O01226,C051,P061,2025-02-07,8,1012.24,15,219.71
O01227,C183,P022,2025-05-23,7,3319.4,20,330.4
O01228,C131,P053,2025-12-07,5,2171.5,5,169.03
O01229,C076,P033,2025-01-03,5,1961.85,10,497.8
O01230,C165,P034,2025-06-10,6,2336.04,20,581.89
O01231,C205,P049,2025-08-27,2,983.18,10,129.58
O01232,C024,P076,2025-10-22,1,21.06,15,4.89
O01233,C042,P047,2025-06-05,1,198.11,10,58.33
O01234,C017,P020,2025-04-01,2,522.56,15,100.2
O01235,C255,P033,2025-10-22,3,1177.11,10,200.9
O01236,C292,P029,2025-08-24,3,780.63,20,202.94
O01237,C030,P081,2025-01-28,2,225.48,10,41.64
O01238,C161,P055,2025-08-13,4,862.68,5,109.7
O01239,C155,P041,2025-10-04,10,2671.2,10,719.42
O01240,C203,P007,2025-10-15,8,3614.16,10,610.92
O01241,C064,P048,2025-05-31,9,3529.8,0,437.07
O01242,C082,P085,2025-06-04,3,1368.33,5,321.8
O01243,C008,P013,2025-06-28,8,376.32,10,74.65
O01244,C022,P087,2025-10-02,7,1613.08,20,171.67
O01245,C190,P026,2025-06-22,1,474.87,15,122.34
O01246,C223,P070,2025-01-19,4,924.04,0,57.78
O01247,C021,P099,2025-12-10,3,464.13,15,101.28
O01248,C253,P012,2025-10-27,10,4531.5,10,552.87
O01249,C180,P054,2025-03-03,6,77.46,0,16.03
O01250,C137,P034,2025-01-13,9,3504.06,5,327.55
O01251,C100,P019,2025-05-21,1,20.62,5,4.3
O01252,C225,P089,2025-09-13,3,662.76,20,133.02
O01253,C057,P023,2025-12-18,7,3109.89,15,710.89
O01254,C288,P020,2025-08-29,4,1045.12,10,57.48
O01255,C043,P043,2025-09-29,2,748.8,10,202.95
O01256,C158,P078,2025-09-06,8,3060.48,5,347.11
O01257,C259,P037,2025-06-05,9,2965.5,5,745.9
O01258,C106,P089,2025-06-18,1,220.92,5,34.26
O01259,C247,P060,2025-04-19,9,1780.2,0,415.37
O01260,C009,P072,2025-09-18,5,137.65,5,36.98
O01261,C017,P055,2025-02-18,3,647.01,15,51.91
O01262,C230,P039,2025-12-29,4,1959.88,15,308.7
O01263,C165,P010,2025-03-23,10,2930.1,15,382.4
O01264,C298,P070,2025-08-04,3,693.03,15,189.23
O01265,C175,P034,2025-05-20,8,3114.72,15,516.0
O01266,C259,P052,2025-05-15,8,3277.68,0,338.43
O01267,C185,P071,2025-04-21,4,1156.76,10,286.63
O01268,C040,P067,2025-01-05,8,1961.92,5,553.68
O01269,C172,P044,2025-12-10,4,148.4,20,41.68
O01270,C223,P004,2025-11-05,4,1784.84,20,489.09
O01271,C083,P099,2025-08-25,7,1082.97,10,107.91
O01272,C153,P089,2025-07-22,10,2209.2,10,461.45
O01273,C283,P016,2025-09-18,6,179.52,10,13.97
O01274,C136,P052,2025-10-05,7,2867.97,15,578.07
O01275,C162,P100,2025-04-03,3,355.71,0,42.96
O01276,C103,P015,2025-06-05,5,1834.85,20,282.64
O01277,C037,P050,2025-07-09,1,464.52,15,112.62
O01278,C138,P094,2025-12-12,8,522.88,0,48.28
O01279,C231,P073,2025-03-10,6,592.38,15,93.7
O01280,C288,P040,2025-10-10,7,3194.03,20,635.85
O01281,C235,P071,2025-03-14,2,578.38,20,34.5
O01282,C256,P057,2025-09-19,6,1860.78,15,316.75
O01283,C006,P047,2025-09-22,9,1782.99,0,113.11
O01284,C181,P001,2025-10-14,3,764.25,15,110.84
O01285,C229,P058,2025-05-12,1,201.63,15,34.42
O01286,C154,P044,2025-03-10,9,333.9,5,90.5
O01287,C204,P009,2025-09-03,9,1389.15,20,81.72
O01288,C221,P095,2025-07-11,7,1240.12,20,208.6
O01289,C298,P017,2025-05-28,5,1866.8,10,443.78
O01290,C114,P059,2025-03-08,6,2091.96,20,622.78
O01291,C037,P009,2025-12-05,10,1543.5,15,430.38
O01292,C128,P070,2025-07-13,7,1617.07,15,354.25
O01293,C267,P036,2025-06-17,4,373.92,20,25.46
O01294,C154,P020,2025-01-16,4,1045.12,5,200.5
O01295,C201,P008,2025-10-11,3,756.96,5,148.93
O01296,C186,P002,2025-04-02,10,1814.4,15,302.94
O01297,C125,P085,2025-10-04,5,2280.55,0,663.32
O01298,C107,P090,2025-06-23,8,2393.52,0,545.74
O01299,C267,P012,2025-09-30,7,3172.05,0,661.72
O01300,C051,P097,2025-11-19,10,2263.7,5,528.56
O01301,C105,P060,2025-12-28,10,1978.0,10,538.03
O01302,C073,P006,2025-02-13,6,392.22,5,23.72
O01303,C132,P034,2025-07-31,6,2336.04,15,170.83
O01304,C118,P026,2025-06-12,1,474.87,5,129.65
O01305,C092,P015,2025-03-31,5,1834.85,15,488.3
O01306,C211,P072,2025-09-02,1,27.53,10,3.51
O01307,C294,P029,2025-03-03,1,260.21,10,77.11
O01308,C055,P099,2025-04-19,8,1237.68,20,150.24
O01309,C185,P042,2025-12-12,7,2918.93,10,623.4
O01310,C178,P029,2025-01-16,8,2081.68,20,326.08
O01311,C139,P020,2025-12-10,4,1045.12,5,61.99
O01312,C113,P088,2025-05-17,10,2890.1,0,491.73
O01313,C050,P085,2025-10-04,9,4104.99,5,466.93
O01314,C113,P028,2025-01-30,5,933.9,5,98.36
O01315,C260,P055,2025-08-19,4,862.68,10,233.92
O01316,C299,P038,2025-03-19,6,184.8,15,41.11
O01317,C235,P004,2025-07-10,9,4015.89,5,1007.39
O01318,C027,P014,2025-02-13,3,477.84,0,64.83
O01319,C008,P026,2025-06-07,6,2849.22,15,606.95
O01320,C002,P071,2025-12-04,7,2024.33,15,283.24
O01321,C172,P054,2025-12-25,6,77.46,15,21.49
O01322,C026,P064,2025-12-11,7,3121.58,20,720.68
O01323,C114,P094,2025-03-07,10,653.6,10,168.53
O01324,C076,P059,2025-06-25,1,348.66,5,26.67
O01325,C245,P037,2025-07-20,6,1977.0,20,564.52
O01326,C058,P087,2025-05-08,8,1843.52,15,492.71
O01327,C278,P025,2025-07-25,7,243.39,5,64.4
O01328,C107,P081,2025-07-05,6,676.44,0,180.0
O01329,C044,P098,2025-03-11,1,335.46,5,63.25
O01330,C174,P031,2025-09-20,9,629.1,5,142.47
O01331,C210,P067,2025-09-23,9,2207.16,10,155.62
O01332,C269,P003,2025-05-27,8,3489.76,10,465.78
O01333,C007,P073,2025-04-18,5,493.65,15,54.82
O01334,C255,P097,2025-08-29,1,226.37,10,52.26
O01335,C056,P038,2025-07-21,1,30.8,10,7.65
O01336,C095,P082,2025-04-05,2,775.4,15,148.72
O01337,C136,P087,2025-05-05,1,230.44,20,29.1
O01338,C223,P006,2025-04-07,1,65.37,0,8.57
O01339,C252,P057,2025-03-27,4,1240.52,20,242.54
O01340,C190,P070,2025-03-22,1,231.01,10,20.32
O01341,C225,P032,2025-10-28,8,1969.28,5,160.1
O01342,C267,P009,2025-06-24,7,1080.45,20,276.26
O01343,C144,P003,2025-09-21,1,436.22,15,97.83
O01344,C131,P095,2025-02-16,5,885.8,20,214.55
O01345,C123,P043,2025-12-10,10,3744.0,15,803.92
O01346,C145,P004,2025-11-17,3,1338.63,10,228.35
O01347,C082,P091,2025-05-27,10,3386.5,15,669.66
O01348,C255,P023,2025-12-07,5,2221.35,20,452.68
O01349,C206,P092,2025-01-18,10,1343.4,15,163.27
O01350,C251,P010,2025-11-07,1,293.01,10,43.23
O01351,C156,P004,2025-01-25,5,2231.05,0,142.5
O01352,C099,P061,2025-05-28,7,885.71,10,178.11
O01353,C072,P016,2025-02-04,1,29.92,20,4.19
O01354,C036,P019,2025-11-07,6,123.72,20,7.83
O01355,C235,P027,2025-01-03,1,273.37,0,39.17
O01356,C042,P039,2025-07-24,2,979.94,0,98.66
O01357,C039,P087,2025-07-25,10,2304.4,5,436.09
O01358,C031,P080,2025-03-30,5,1613.65,10,119.97
O01359,C272,P016,2025-07-22,1,29.92,0,3.89
O01360,C083,P016,2025-03-23,3,89.76,15,22.94
O01361,C024,P029,2025-06-18,5,1301.05,10,352.21
O01362,C005,P050,2025-04-11,7,3251.64,20,939.01
O01363,C271,P054,2025-12-30,8,103.28,0,8.15
O01364,C143,P067,2025-07-16,9,2207.16,0,313.27
O01365,C062,P090,2025-11-02,4,1196.76,20,253.4
O01366,C185,P033,2025-11-04,3,1177.11,20,251.07
O01367,C006,P091,2025-12-21,4,1354.6,20,402.6
O01368,C179,P014,2025-09-08,8,1274.24,15,334.87
O01369,C290,P019,2025-03-03,10,206.2,5,53.08
O01370,C045,P055,2025-12-14,5,1078.35,15,302.29
O01371,C009,P042,2025-10-21,8,3335.92,5,187.52
O01372,C262,P059,2025-07-05,7,2440.62,0,322.87
O01373,C200,P052,2025-11-10,9,3687.39,20,735.38
O01374,C297,P025,2025-12-04,1,34.77,10,10.26
O01375,C120,P063,2025-07-08,6,1847.28,20,297.37
O01376,C271,P012,2025-10-05,9,4078.35,10,847.46
O01377,C026,P021,2025-08-12,9,1134.81,5,156.97
O01378,C021,P064,2025-07-01,1,445.94,20,103.75
O01379,C219,P085,2025-12-31,5,2280.55,5,615.46
O01380,C281,P079,2025-01-08,9,423.36,10,92.27
O01381,C238,P020,2025-05-13,6,1567.68,0,225.93
O01382,C249,P100,2025-08-11,8,948.56,0,48.73
O01383,C176,P055,2025-05-14,2,431.34,0,120.71
O01384,C268,P081,2025-04-20,4,450.96,10,33.32
O01385,C235,P060,2025-08-08,5,989.0,5,202.23
O01386,C084,P032,2025-06-18,9,2215.44,5,183.79
O01387,C257,P091,2025-05-11,6,2031.9,15,519.45
O01388,C292,P092,2025-09-07,5,671.7,20,155.72
O01389,C092,P042,2025-10-16,4,1667.96,0,427.6
O01390,C264,P062,2025-04-06,6,1006.2,10,232.65
O01391,C166,P007,2025-06-07,7,3162.39,20,526.79
O01392,C275,P069,2025-09-09,5,1931.5,0,498.04
O01393,C123,P003,2025-07-23,9,3925.98,10,939.55
O01394,C167,P078,2025-09-15,9,3443.04,5,958.27
O01395,C043,P002,2025-05-22,2,362.88,5,55.33
O01396,C113,P066,2025-08-19,7,553.42,10,115.82
O01397,C299,P073,2025-01-29,8,789.84,10,83.47
O01398,C096,P007,2025-06-30,1,451.77,20,53.43
O01399,C008,P099,2025-07-22,1,154.71,0,26.25
O01400,C184,P058,2025-07-27,8,1613.04,5,97.56
O01401,C296,P019,2025-07-21,10,206.2,10,58.83
O01402,C098,P081,2025-12-12,9,1014.66,0,240.15
O01403,C090,P061,2025-03-28,3,379.59,10,110.96
O01404,C063,P006,2025-06-26,9,588.33,20,124.85
O01405,C078,P033,2025-09-25,9,3531.33,15,212.6
O01406,C196,P003,2025-10-16,7,3053.54,5,354.82
O01407,C252,P026,2025-12-29,7,3324.09,15,338.95
O01408,C207,P085,2025-04-30,9,4104.99,20,990.33
O01409,C257,P033,2025-09-14,4,1569.48,20,401.89
O01410,C062,P045,2025-08-13,10,1892.9,5,488.85
O01411,C287,P058,2025-04-23,1,201.63,15,49.21
O01412,C120,P076,2025-01-06,3,63.18,10,10.64
O01413,C037,P081,2025-10-09,6,676.44,5,111.6
O01414,C040,P094,2025-08-14,1,65.36,10,9.47
O01415,C242,P041,2025-02-18,10,2671.2,0,211.34
O01416,C041,P021,2025-08-23,3,378.27,10,103.53
O01417,C279,P030,2025-03-30,6,1352.34,5,240.31
O01418,C106,P011,2025-08-24,8,386.8,0,113.46
O01419,C126,P023,2025-02-24,3,1332.81,0,146.23
O01420,C142,P065,2025-12-27,7,1360.8,15,354.96
O01421,C045,P008,2025-01-21,10,2523.2,0,299.89
O01422,C275,P010,2025-11-04,1,293.01,5,18.45
O01423,C107,P052,2025-11-30,1,409.71,15,96.05
O01424,C273,P020,2025-06-19,2,522.56,20,153.12
O01425,C019,P074,2025-11-23,9,2619.63,20,345.26
O01426,C237,P058,2025-03-10,6,1209.78,15,113.81
O01427,C179,P046,2025-06-28,3,126.27,5,13.96
O01428,C133,P055,2025-04-26,4,862.68,20,191.34
O01429,C045,P089,2025-01-04,1,220.92,10,37.35
O01430,C221,P048,2025-04-28,1,392.2,10,86.49
O01431,C213,P085,2025-04-02,5,2280.55,5,665.24
O01432,C178,P059,2025-05-15,2,697.32,5,182.94
O01433,C016,P043,2025-05-31,7,2620.8,20,445.71
O01434,C063,P012,2025-08-27,4,1812.6,5,224.77
O01435,C249,P030,2025-03-22,4,901.56,0,191.37
O01436,C283,P007,2025-10-17,9,4065.93,15,605.74
O01437,C147,P007,2025-06-19,10,4517.7,5,560.35
O01438,C085,P099,2025-09-11,9,1392.39,15,370.59
O01439,C018,P067,2025-09-21,6,1471.44,20,389.45
O01440,C239,P097,2025-12-30,5,1131.85,20,210.09
O01441,C101,P093,2025-10-01,9,484.65,0,56.51
O01442,C236,P003,2025-10-30,9,3925.98,20,397.66
O01443,C015,P065,2025-04-16,6,1166.4,20,280.61
O01444,C038,P055,2025-03-25,5,1078.35,20,196.79
O01445,C070,P008,2025-02-03,1,252.32,0,44.92
O01446,C177,P092,2025-09-13,10,1343.4,15,125.22
O01447,C218,P034,2025-05-13,6,2336.04,15,301.1
O01448,C139,P085,2025-10-13,10,4561.1,0,619.82
O01449,C124,P072,2025-02-21,1,27.53,5,7.74
O01450,C258,P023,2025-04-07,6,2665.62,20,569.91
O01451,C011,P015,2025-04-26,1,366.97,10,40.6
O01452,C118,P002,2025-05-14,6,1088.64,20,310.95
O01453,C131,P066,2025-06-27,7,553.42,5,39.06
O01454,C234,P068,2025-05-29,5,1831.55,5,324.57
O01455,C185,P030,2025-09-17,8,1803.12,10,346.71
O01456,C222,P006,2025-02-19,4,261.48,0,45.26
O01457,C056,P083,2025-02-24,5,2327.4,5,294.61
O01458,C021,P002,2025-10-26,4,725.76,10,91.13
O01459,C046,P005,2025-12-06,6,520.38,0,68.25
O01460,C097,P008,2025-05-26,8,2018.56,15,255.0
O01461,C195,P009,2025-11-30,9,1389.15,10,111.03
O01462,C028,P095,2025-02-03,8,1417.28,15,155.32
O01463,C028,P002,2025-08-16,9,1632.96,20,284.61
O01464,C118,P041,2025-03-17,4,1068.48,10,156.9
O01465,C071,P083,2025-10-10,2,930.96,5,202.15
O01466,C113,P048,2025-11-02,10,3922.0,10,271.3
O01467,C199,P045,2025-02-28,10,1892.9,15,186.94
O01468,C253,P064,2025-07-15,5,2229.7,0,312.29
O01469,C083,P096,2025-08-26,10,4376.8,10,1294.03
O01470,C102,P031,2025-08-08,2,139.8,10,39.54
O01471,C135,P053,2025-08-02,8,3474.4,20,347.31
O01472,C118,P076,2025-10-27,4,84.24,10,21.86
O01473,C107,P091,2025-12-19,5,1693.25,5,274.02
O01474,C148,P075,2025-08-04,7,2928.24,5,595.26
O01475,C191,P006,2025-12-05,4,261.48,20,42.84
O01476,C124,P025,2025-02-26,6,208.62,15,26.89
O01477,C147,P078,2025-09-30,9,3443.04,0,239.06
O01478,C018,P006,2025-03-31,1,65.37,5,5.15
O01479,C161,P100,2025-12-01,1,118.57,5,32.53
O01480,C176,P053,2025-09-12,5,2171.5,10,364.3
O01481,C291,P022,2025-10-08,4,1896.8,5,516.04
O01482,C230,P020,2025-09-17,9,2351.52,5,550.62
O01483,C167,P054,2025-12-18,1,12.91,5,3.49
O01484,C065,P031,2025-03-21,9,629.1,10,41.34
O01485,C148,P078,2025-07-18,8,3060.48,20,401.1
O01486,C202,P037,2025-04-13,1,329.5,10,81.74
O01487,C135,P048,2025-05-13,7,2745.4,15,418.87
O01488,C098,P065,2025-09-21,10,1944.0,10,418.19
O01489,C029,P098,2025-06-12,6,2012.76,5,233.03
O01490,C296,P090,2025-03-01,2,598.38,20,109.87
O01491,C092,P059,2025-04-18,1,348.66,5,20.94
O01492,C112,P056,2025-02-25,1,261.99,0,68.34
O01493,C006,P060,2025-05-17,7,1384.6,0,224.71
O01494,C104,P086,2025-04-04,4,1487.8,20,275.18
O01495,C118,P036,2025-05-08,4,373.92,15,90.09
O01496,C255,P049,2025-05-13,6,2949.54,20,768.16
O01497,C111,P051,2025-04-30,2,32.42,15,4.43
O01498,C155,P037,2025-03-22,3,988.5,0,187.44
O01499,C180,P070,2025-04-29,10,2310.1,10,148.61
O01500,C094,P100,2025-09-25,9,1067.13,20,173.33
O01501,C228,P087,2025-08-18,1,230.44,5,50.02
O01502,C268,P073,2025-07-20,10,987.3,20,270.87
O01503,C183,P053,2025-02-12,9,3908.7,10,270.9
O01504,C155,P005,2025-10-11,1,86.73,20,23.7
O01505,C105,P001,2025-04-02,10,2547.5,15,395.9
O01506,C258,P010,2025-01-06,10,2930.1,5,668.39
O01507,C291,P009,2025-10-29,1,154.35,5,31.53
O01508,C019,P078,2025-03-02,2,765.12,15,145.8
O01509,C141,P077,2025-06-20,7,3325.07,5,617.14
O01510,C093,P056,2025-01-04,10,2619.9,5,477.71
O01511,C052,P009,2025-02-18,1,154.35,10,24.13
O01512,C210,P095,2025-09-11,4,708.64,0,71.18
O01513,C032,P072,2025-07-03,4,110.12,20,28.2
O01514,C171,P063,2025-08-29,3,923.64,20,243.94
O01515,C196,P036,2025-11-05,1,93.48,10,10.73
O01516,C049,P061,2025-06-18,8,1012.24,10,147.98
O01517,C286,P072,2025-08-12,8,220.24,5,15.26
O01518,C128,P032,2025-06-10,8,1969.28,15,104.11
O01519,C184,P016,2025-08-26,2,59.84,0,12.02
O01520,C246,P020,2025-04-18,8,2090.24,20,550.3
O01521,C018,P018,2025-08-15,8,1750.24,10,225.38
O01522,C219,P076,2025-11-10,3,63.18,10,4.29
O01523,C097,P030,2025-05-24,10,2253.9,5,473.19
O01524,C040,P029,2025-07-27,1,260.21,20,13.3
O01525,C014,P049,2025-10-17,7,3441.13,20,1025.85
O01526,C090,P013,2025-02-17,2,94.08,10,9.33
O01527,C242,P027,2025-12-30,9,2460.33,20,429.62
O01528,C183,P044,2025-08-07,3,111.3,10,8.09
O01529,C265,P045,2025-02-06,9,1703.61,15,376.46
O01530,C139,P031,2025-11-16,6,419.4,20,57.6
O01531,C165,P094,2025-11-20,4,261.44,15,69.13
O01532,C180,P047,2025-12-25,2,396.22,20,37.66
O01533,C085,P086,2025-07-28,1,371.95,10,64.02
O01534,C086,P006,2025-03-06,1,65.37,10,5.12
O01535,C186,P014,2025-07-06,9,1433.52,5,317.74
O01536,C292,P076,2025-01-07,7,147.42,0,16.36
O01537,C086,P016,2025-11-16,7,209.44,20,47.19
O01538,C242,P051,2025-11-15,6,97.26,15,24.12
O01539,C151,P065,2025-08-23,10,1944.0,15,447.15
O01540,C117,P040,2025-07-19,1,456.29,0,114.71
O01541,C039,P073,2025-01-04,4,394.92,10,59.58
O01542,C023,P039,2025-10-18,9,4409.73,10,547.34
O01543,C168,P004,2025-05-20,2,892.42,15,129.76
O01544,C123,P040,2025-09-22,5,2281.45,15,204.55
O01545,C143,P098,2025-03-12,3,1006.38,5,81.3
O01546,C191,P033,2025-03-14,5,1961.85,5,224.78
O01547,C243,P045,2025-08-15,2,378.58,15,26.06
O01548,C033,P055,2025-10-22,2,431.34,10,84.38
O01549,C111,P073,2025-05-19,3,296.19,20,58.62
O01550,C282,P023,2025-08-24,6,2665.62,15,583.94
O01551,C048,P070,2025-05-14,8,1848.08,15,254.04
O01552,C098,P024,2025-04-21,8,584.4,20,130.74
O01553,C113,P087,2025-08-27,7,1613.08,0,119.37
O01554,C126,P066,2025-07-21,7,553.42,5,80.54
O01555,C082,P041,2025-01-28,2,534.24,15,90.38
O01556,C210,P034,2025-06-11,10,3893.4,10,810.1
O01557,C275,P004,2025-02-15,9,4015.89,0,665.59
O01558,C120,P012,2025-05-09,7,3172.05,5,717.36
O01559,C203,P010,2025-07-30,3,879.03,15,250.63
O01560,C242,P021,2025-10-30,3,378.27,10,35.93
O01561,C148,P079,2025-09-14,9,423.36,20,65.25
O01562,C021,P093,2025-04-06,3,161.55,15,16.64
O01563,C250,P021,2025-10-26,9,1134.81,20,188.0
O01564,C012,P062,2025-08-11,10,1677.0,10,211.22
O01565,C135,P050,2025-11-08,1,464.52,15,29.28
O01566,C045,P057,2025-07-06,8,2481.04,10,431.36
O01567,C060,P021,2025-01-14,3,378.27,15,24.68
O01568,C160,P039,2025-02-07,3,1469.91,5,176.9
O01569,C221,P015,2025-08-09,6,2201.82,10,417.05
O01570,C218,P097,2025-08-03,6,1358.22,5,379.96
O01571,C034,P056,2025-03-18,9,2357.91,15,176.23
O01572,C072,P029,2025-05-11,1,260.21,0,54.01
O01573,C023,P052,2025-08-13,9,3687.39,15,199.57
O01574,C170,P054,2025-06-24,3,38.73,0,2.1
O01575,C023,P010,2025-08-19,5,1465.05,0,237.48
O01576,C115,P064,2025-11-25,6,2675.64,5,694.44
O01577,C092,P005,2025-01-30,3,260.19,5,37.21
O01578,C019,P074,2025-02-15,4,1164.28,5,177.63
O01579,C047,P054,2025-04-21,9,116.19,15,10.61
O01580,C043,P051,2025-01-17,3,48.63,5,11.57
O01581,C220,P019,2025-12-25,3,61.86,15,15.06
O01582,C246,P055,2025-12-28,5,1078.35,20,113.97
O01583,C219,P042,2025-08-01,9,3752.91,15,426.23
O01584,C141,P028,2025-11-20,8,1494.24,5,297.8
O01585,C196,P042,2025-03-13,9,3752.91,10,1099.06
O01586,C163,P059,2025-05-05,6,2091.96,5,173.16
O01587,C275,P015,2025-04-15,5,1834.85,10,178.99
O01588,C208,P084,2025-01-15,3,1231.74,20,343.3
O01589,C028,P050,2025-11-15,1,464.52,5,102.01
O01590,C047,P037,2025-08-28,4,1318.0,0,232.9
O01591,C260,P097,2025-06-10,1,226.37,20,62.12
O01592,C117,P078,2025-11-16,7,2677.92,15,713.85
O01593,C124,P054,2025-02-23,10,129.1,0,33.85
O01594,C117,P091,2025-03-20,3,1015.95,0,182.45
O01595,C111,P059,2025-09-25,4,1394.64,10,165.82
O01596,C291,P003,2025-06-20,5,2181.1,10,391.19
O01597,C232,P087,2025-07-11,1,230.44,20,59.03
O01598,C122,P026,2025-02-04,6,2849.22,0,718.87
O01599,C181,P042,2025-07-20,9,3752.91,20,441.26
O01600,C033,P035,2025-12-26,10,1490.3,15,228.72
O01601,C080,P066,2025-12-22,2,158.12,10,42.33
O01602,C046,P047,2025-06-14,7,1386.77,10,119.06
O01603,C096,P069,2025-01-10,2,772.6,10,75.58
O01604,C263,P069,2025-06-08,3,1158.9,0,159.44
O01605,C018,P030,2025-08-26,8,1803.12,20,382.6
O01606,C091,P076,2025-08-29,6,126.36,20,25.06
O01607,C056,P075,2025-09-08,2,836.64,10,134.15
O01608,C230,P077,2025-09-10,4,1900.04,0,419.04
O01609,C190,P069,2025-05-21,1,386.3,15,58.85
O01610,C252,P025,2025-08-18,9,312.93,10,82.66
O01611,C207,P014,2025-03-18,2,318.56,10,73.99
O01612,C084,P045,2025-03-03,8,1514.32,20,358.08
O01613,C125,P029,2025-09-06,5,1301.05,20,87.1
O01614,C268,P042,2025-07-22,5,2084.95,10,553.7
O01615,C005,P056,2025-01-25,7,1833.93,5,359.86
O01616,C218,P010,2025-05-05,9,2637.09,5,594.47
O01617,C018,P060,2025-08-14,8,1582.4,0,378.38
O01618,C291,P078,2025-09-09,3,1147.68,10,114.53
O01619,C083,P045,2025-07-31,6,1135.74,5,319.42
O01620,C155,P046,2025-05-07,10,420.9,5,64.19
O01621,C228,P044,2025-04-11,9,333.9,0,46.38
O01622,C002,P096,2025-04-05,9,3939.12,20,638.77
O01623,C206,P006,2025-07-28,1,65.37,10,6.46
O01624,C195,P060,2025-10-09,1,197.8,10,52.43
O01625,C277,P096,2025-10-04,10,4376.8,15,379.16
O01626,C024,P081,2025-09-22,9,1014.66,5,150.28
O01627,C055,P020,2025-09-13,3,783.84,5,164.49
O01628,C242,P075,2025-05-27,7,2928.24,0,778.98
O01629,C012,P010,2025-03-25,9,2637.09,15,525.75
O01630,C253,P071,2025-12-15,4,1156.76,10,134.28
O01631,C242,P014,2025-04-27,5,796.4,20,169.77
O01632,C160,P088,2025-04-24,1,289.01,10,59.81
O01633,C236,P022,2025-07-09,7,3319.4,5,638.46
O01634,C223,P076,2025-09-14,9,189.54,15,40.13
O01635,C222,P026,2025-03-19,4,1899.48,20,549.97
O01636,C044,P070,2025-04-03,7,1617.07,10,203.21
O01637,C280,P066,2025-08-17,3,237.18,20,24.64
O01638,C005,P024,2025-02-18,2,146.1,0,22.08
O01639,C060,P089,2025-01-09,5,1104.6,0,324.69
O01640,C010,P023,2025-12-26,1,444.27,15,122.76
O01641,C272,P065,2025-08-08,6,1166.4,20,280.52
O01642,C050,P075,2025-11-29,4,1673.28,15,217.81
O01643,C033,P088,2025-01-03,6,1734.06,0,503.31
O01644,C084,P079,2025-02-03,4,188.16,0,29.72
O01645,C182,P090,2025-08-21,5,1495.95,5,236.52
O01646,C219,P024,2025-01-02,1,73.05,20,16.83
O01647,C289,P042,2025-06-20,3,1250.97,5,121.58
O01648,C268,P078,2025-05-02,8,3060.48,15,543.58
O01649,C095,P023,2025-03-18,1,444.27,5,107.12
O01650,C258,P069,2025-03-03,9,3476.7,0,862.51
O01651,C141,P048,2025-08-19,3,1176.6,20,255.92
O01652,C174,P060,2025-07-25,9,1780.2,15,440.18
O01653,C190,P060,2025-07-29,7,1384.6,5,151.39
O01654,C195,P075,2025-02-10,4,1673.28,20,227.8
O01655,C004,P003,2025-03-31,1,436.22,0,60.18
O01656,C113,P087,2025-04-15,1,230.44,15,57.66
O01657,C063,P075,2025-02-19,1,418.32,10,22.68
O01658,C071,P090,2025-05-09,2,598.38,20,162.55
O01659,C029,P024,2025-09-24,4,292.2,10,24.32
O01660,C202,P069,2025-03-25,2,772.6,5,120.81
O01661,C143,P056,2025-11-30,7,1833.93,5,228.81
O01662,C126,P095,2025-06-24,2,354.32,10,58.22
O01663,C181,P015,2025-03-07,5,1834.85,10,280.09
O01664,C123,P051,2025-02-24,2,32.42,10,9.3
O01665,C194,P096,2025-10-12,9,3939.12,20,321.0
O01666,C197,P003,2025-11-13,3,1308.66,5,79.05
O01667,C014,P030,2025-01-28,2,450.78,10,55.13
O01668,C216,P072,2025-06-12,4,110.12,15,26.85
O01669,C256,P083,2025-08-07,5,2327.4,10,590.08
O01670,C147,P020,2025-05-11,5,1306.4,5,211.58
O01671,C128,P054,2025-08-01,3,38.73,20,2.22
O01672,C022,P071,2025-01-11,3,867.57,20,116.42
O01673,C293,P002,2025-03-24,10,1814.4,0,452.43
O01674,C246,P030,2025-11-08,7,1577.73,0,193.0
O01675,C138,P006,2025-06-01,6,392.22,5,42.29
O01676,C093,P068,2025-03-30,2,732.62,0,61.97
O01677,C036,P098,2025-12-29,6,2012.76,5,312.66
O01678,C061,P005,2025-08-24,6,520.38,15,95.01
O01679,C250,P087,2025-11-25,3,691.32,20,130.91
O01680,C009,P074,2025-05-07,6,1746.42,10,172.1
O01681,C265,P003,2025-03-12,6,2617.32,15,223.82
O01682,C117,P079,2025-12-14,2,94.08,10,14.48
O01683,C257,P070,2025-06-15,7,1617.07,20,121.87
O01684,C139,P071,2025-02-26,8,2313.52,15,654.12
O01685,C246,P056,2025-06-12,1,261.99,10,17.49
O01686,C118,P005,2025-02-12,3,260.19,15,29.94
O01687,C277,P036,2025-01-06,9,841.32,10,149.34
O01688,C191,P075,2025-07-06,6,2509.92,5,485.53
O01689,C093,P063,2025-11-20,3,923.64,20,135.91
O01690,C211,P090,2025-07-19,2,598.38,15,58.76
O01691,C179,P066,2025-10-01,7,553.42,0,101.51
O01692,C135,P059,2025-03-27,7,2440.62,5,559.48
O01693,C118,P093,2025-09-17,5,269.25,10,51.61
O01694,C034,P069,2025-01-16,2,772.6,10,54.44
O01695,C029,P087,2025-12-03,4,921.76,20,116.14
O01696,C061,P006,2025-10-15,9,588.33,0,71.83
O01697,C053,P006,2025-04-28,9,588.33,15,88.52
O01698,C274,P034,2025-10-19,10,3893.4,10,954.77
O01699,C039,P063,2025-04-27,7,2155.16,15,109.87
O01700,C267,P065,2025-02-03,1,194.4,0,16.47
O01701,C098,P011,2025-03-31,6,290.1,10,41.42
O01702,C127,P075,2025-09-02,3,1254.96,5,224.49
O01703,C094,P057,2025-08-12,8,2481.04,0,496.63
O01704,C142,P002,2025-02-28,2,362.88,20,56.4
O01705,C048,P063,2025-07-02,10,3078.8,0,636.84
O01706,C219,P035,2025-05-27,8,1192.24,5,323.06
O01707,C103,P099,2025-11-10,5,773.55,10,222.54
O01708,C300,P032,2025-10-12,8,1969.28,20,141.69
O01709,C247,P001,2025-08-10,7,1783.25,15,252.95
O01710,C241,P099,2025-04-29,7,1082.97,10,150.74
O01711,C080,P051,2025-07-16,3,48.63,10,13.84
O01712,C014,P001,2025-09-28,7,1783.25,15,503.76
O01713,C266,P027,2025-09-28,5,1366.85,0,306.84
O01714,C077,P067,2025-03-06,1,245.24,20,29.72
O01715,C179,P072,2025-01-31,1,27.53,15,5.32
O01716,C085,P018,2025-08-16,5,1093.9,5,111.38
O01717,C008,P065,2025-08-24,2,388.8,5,22.65
O01718,C148,P091,2025-09-24,6,2031.9,5,299.37
O01719,C139,P092,2025-03-14,2,268.68,0,52.69
O01720,C057,P040,2025-06-20,2,912.58,0,147.87
O01721,C104,P024,2025-06-07,10,730.5,15,88.04
O01722,C182,P098,2025-10-26,2,670.92,20,161.68
O01723,C226,P023,2025-12-30,1,444.27,15,75.2
O01724,C272,P066,2025-02-20,5,395.3,15,60.58
O01725,C195,P052,2025-01-08,5,2048.55,5,408.36
O01726,C144,P098,2025-09-12,8,2683.68,10,611.54
O01727,C065,P019,2025-08-26,4,82.48,5,14.87
O01728,C270,P055,2025-10-13,2,431.34,5,62.97
O01729,C272,P041,2025-11-02,10,2671.2,10,611.31
O01730,C188,P013,2025-05-06,9,423.36,20,30.04
O01731,C282,P041,2025-05-13,10,2671.2,15,609.91
O01732,C245,P083,2025-03-01,2,930.96,10,220.19
O01733,C039,P030,2025-07-17,6,1352.34,0,369.92
O01734,C060,P011,2025-03-01,3,145.05,20,24.79
O01735,C153,P035,2025-12-03,3,447.09,20,87.55
O01736,C154,P018,2025-08-15,10,2187.8,15,153.58
O01737,C074,P044,2025-07-24,9,333.9,20,95.72
O01738,C171,P096,2025-11-02,2,875.36,0,233.63
O01739,C085,P090,2025-08-26,5,1495.95,15,196.29
O01740,C005,P096,2025-11-21,6,2626.08,10,515.21
O01741,C293,P057,2025-03-20,5,1550.65,0,358.07
O01742,C087,P097,2025-03-24,3,679.11,5,119.31
O01743,C257,P034,2025-03-12,1,389.34,15,88.16
O01744,C004,P089,2025-03-18,8,1767.36,10,497.17
O01745,C290,P100,2025-02-07,7,829.99,0,85.03
O01746,C166,P003,2025-01-29,6,2617.32,10,720.13
O01747,C254,P090,2025-01-31,6,1795.14,15,332.18
O01748,C260,P036,2025-05-13,1,93.48,5,8.2
O01749,C060,P054,2025-05-28,6,77.46,5,20.33
O01750,C159,P074,2025-02-12,7,2037.49,20,559.01
O01751,C028,P047,2025-05-03,2,396.22,20,26.71
O01752,C285,P071,2025-05-17,10,2891.9,15,839.48
O01753,C132,P062,2025-02-01,10,1677.0,15,487.72
O01754,C167,P031,2025-07-30,6,419.4,20,59.36
O01755,C098,P019,2025-09-20,10,206.2,20,53.7
O01756,C120,P077,2025-12-04,7,3325.07,20,171.0
O01757,C268,P078,2025-07-01,3,1147.68,0,145.29
O01758,C270,P022,2025-06-17,7,3319.4,10,557.51
O01759,C278,P030,2025-04-30,6,1352.34,5,325.35
O01760,C145,P002,2025-06-11,6,1088.64,15,302.41
O01761,C255,P022,2025-05-12,2,948.4,5,243.98
O01762,C268,P067,2025-07-07,9,2207.16,5,553.06
O01763,C279,P040,2025-02-24,3,1368.87,5,184.84
O01764,C191,P062,2025-10-02,10,1677.0,20,302.79
O01765,C282,P038,2025-08-14,3,92.4,0,6.84
O01766,C262,P033,2025-01-08,2,784.74,10,181.76
O01767,C201,P013,2025-07-21,3,141.12,0,36.39
O01768,C265,P046,2025-02-23,3,126.27,20,20.51
O01769,C080,P052,2025-10-06,8,3277.68,20,173.69
O01770,C238,P061,2025-03-23,3,379.59,5,113.22
O01771,C051,P013,2025-09-19,5,235.2,0,37.31
O01772,C019,P054,2025-11-05,6,77.46,0,5.63
O01773,C012,P071,2025-09-01,8,2313.52,10,439.1
O01774,C003,P020,2025-01-22,3,783.84,0,134.34
O01775,C285,P062,2025-09-04,2,335.4,15,40.84
O01776,C211,P086,2025-11-26,10,3719.5,15,859.83
O01777,C263,P051,2025-03-08,6,97.26,10,6.63
O01778,C160,P065,2025-06-10,4,777.6,20,214.92
O01779,C258,P068,2025-04-18,7,2564.17,5,198.54
O01780,C180,P028,2025-02-19,4,747.12,15,171.8
O01781,C270,P050,2025-10-29,5,2322.6,15,607.69
O01782,C078,P061,2025-07-26,5,632.65,5,47.08
O01783,C155,P015,2025-03-24,7,2568.79,5,203.25
O01784,C020,P088,2025-07-13,9,2601.09,0,484.55
O01785,C293,P050,2025-06-17,2,929.04,10,272.69
O01786,C196,P004,2025-01-24,2,892.42,0,257.5
O01787,C172,P060,2025-12-02,1,197.8,20,29.17
O01788,C214,P074,2025-03-15,1,291.07,10,46.11
O01789,C038,P058,2025-05-13,1,201.63,5,13.77
O01790,C215,P048,2025-09-22,2,784.4,0,187.87
O01791,C002,P008,2025-04-01,10,2523.2,0,704.82
O01792,C070,P096,2025-03-08,10,4376.8,10,604.34
O01793,C086,P055,2025-03-12,9,1941.03,20,178.8
O01794,C245,P064,2025-07-11,2,891.88,15,45.93
O01795,C028,P084,2025-08-09,7,2874.06,10,659.99
O01796,C116,P089,2025-05-08,10,2209.2,0,497.9
O01797,C148,P093,2025-05-21,2,107.7,5,20.45
O01798,C148,P019,2025-10-25,8,164.96,10,20.78
O01799,C069,P017,2025-08-07,9,3360.24,10,263.94
O01800,C084,P021,2025-07-19,4,504.36,15,29.79
O01801,C084,P072,2025-12-23,9,247.77,15,66.3
O01802,C030,P011,2025-04-20,6,290.1,15,41.82
O01803,C230,P062,2025-12-29,10,1677.0,15,260.53
O01804,C034,P080,2025-12-20,2,645.46,10,160.72
O01805,C061,P080,2025-02-25,5,1613.65,0,223.41
O01806,C299,P041,2025-05-15,3,801.36,0,60.93
O01807,C216,P037,2025-09-21,9,2965.5,10,656.0
O01808,C147,P092,2025-11-28,4,537.36,20,147.41
O01809,C102,P074,2025-06-16,3,873.21,20,84.55
O01810,C151,P047,2025-01-14,3,594.33,0,48.11
O01811,C161,P042,2025-02-08,6,2501.94,20,574.91
O01812,C262,P089,2025-03-23,3,662.76,15,135.89
O01813,C015,P018,2025-08-08,1,218.78,0,11.15
O01814,C286,P061,2025-07-24,10,1265.3,0,315.95
O01815,C081,P027,2025-02-17,2,546.74,15,99.02
O01816,C297,P001,2025-02-14,7,1783.25,10,464.22
O01817,C196,P029,2025-03-21,5,1301.05,10,191.81
O01818,C164,P001,2025-12-11,7,1783.25,10,482.06
O01819,C242,P005,2025-11-08,6,520.38,15,88.4
O01820,C032,P050,2025-11-13,1,464.52,5,74.26
O01821,C268,P079,2025-04-24,5,235.2,20,28.61
O01822,C084,P044,2025-11-02,10,371.0,0,72.96
O01823,C146,P064,2025-03-24,9,4013.46,10,1091.82
O01824,C108,P100,2025-12-17,5,592.85,20,71.04
O01825,C221,P053,2025-08-31,10,4343.0,10,915.23
O01826,C115,P045,2025-05-07,2,378.58,15,71.23
O01827,C291,P063,2025-01-29,1,307.88,0,86.73
O01828,C284,P004,2025-11-27,1,446.21,0,102.25
O01829,C229,P057,2025-05-14,6,1860.78,0,259.48
O01830,C247,P048,2025-06-15,8,3137.6,20,877.87
O01831,C064,P006,2025-05-07,4,261.48,10,74.36
O01832,C077,P022,2025-04-20,8,3793.6,10,555.53
O01833,C298,P033,2025-04-18,4,1569.48,20,112.79
O01834,C261,P042,2025-10-08,10,4169.9,5,642.34
O01835,C145,P073,2025-07-04,3,296.19,5,68.06
O01836,C144,P079,2025-07-20,6,282.24,5,62.37
O01837,C280,P083,2025-06-22,1,465.48,15,72.58
O01838,C293,P049,2025-05-20,9,4424.31,20,375.68
O01839,C232,P082,2025-09-20,8,3101.6,20,762.33
O01840,C154,P061,2025-05-31,4,506.12,10,146.77
O01841,C098,P057,2025-04-20,5,1550.65,0,233.83
O01842,C203,P076,2025-02-28,7,147.42,15,21.7
O01843,C201,P029,2025-07-01,4,1040.84,5,310.25
O01844,C216,P024,2025-06-24,7,511.35,15,102.05
O01845,C139,P002,2025-02-10,6,1088.64,15,262.05
O01846,C272,P061,2025-06-17,2,253.06,10,21.77
O01847,C263,P056,2025-09-03,1,261.99,15,69.93
O01848,C142,P025,2025-12-03,9,312.93,20,66.07
O01849,C043,P025,2025-03-21,4,139.08,10,38.45
O01850,C145,P093,2025-02-28,3,161.55,0,12.37
O01851,C298,P013,2025-09-05,10,470.4,5,34.55
O01852,C112,P042,2025-01-12,4,1667.96,15,280.96
O01853,C079,P061,2025-12-23,7,885.71,20,213.02
O01854,C246,P084,2025-02-08,5,2052.9,15,227.4
O01855,C110,P034,2025-12-03,6,2336.04,15,573.88
O01856,C125,P070,2025-03-16,3,693.03,0,186.95
O01857,C292,P054,2025-01-12,6,77.46,20,14.58
O01858,C217,P045,2025-07-27,4,757.16,0,156.34
O01859,C226,P076,2025-01-06,4,84.24,15,11.68
O01860,C127,P014,2025-07-14,5,796.4,5,152.07
O01861,C070,P073,2025-09-21,8,789.84,5,217.44
O01862,C060,P089,2025-01-24,6,1325.52,15,72.39
O01863,C273,P098,2025-05-18,9,3019.14,15,230.27
O01864,C225,P001,2025-05-15,7,1783.25,20,335.03
O01865,C008,P039,2025-10-31,2,979.94,15,94.52
O01866,C011,P021,2025-12-26,7,882.63,10,189.25
O01867,C047,P011,2025-03-10,8,386.8,20,62.1
O01868,C038,P076,2025-01-04,9,189.54,5,27.97
O01869,C167,P002,2025-04-30,1,181.44,20,52.78
O01870,C185,P065,2025-02-23,1,194.4,15,51.14
O01871,C168,P097,2025-11-20,10,2263.7,0,569.38
O01872,C284,P009,2025-09-29,9,1389.15,5,153.4
O01873,C260,P021,2025-06-10,10,1260.9,20,276.22
O01874,C153,P043,2025-03-17,7,2620.8,15,626.48
O01875,C229,P074,2025-09-02,2,582.14,15,151.17
O01876,C131,P069,2025-09-14,1,386.3,5,92.15
O01877,C277,P070,2025-10-16,10,2310.1,5,317.29
O01878,C295,P075,2025-05-27,2,836.64,5,127.53
O01879,C050,P084,2025-11-05,1,410.58,0,44.22
O01880,C223,P035,2025-11-10,7,1043.21,15,164.12
O01881,C188,P024,2025-08-07,5,365.25,10,108.1
O01882,C003,P016,2025-06-24,8,239.36,10,62.64
O01883,C045,P073,2025-12-09,10,987.3,5,292.84
O01884,C269,P025,2025-07-19,3,104.31,0,15.3
O01885,C090,P050,2025-10-25,10,4645.2,20,1037.25
O01886,C105,P009,2025-07-19,10,1543.5,10,271.52
O01887,C069,P040,2025-08-25,8,3650.32,10,810.26
O01888,C196,P054,2025-10-01,1,12.91,0,0.84
O01889,C028,P075,2025-08-28,1,418.32,0,124.04
O01890,C223,P034,2025-10-28,6,2336.04,10,459.03
O01891,C207,P015,2025-01-21,4,1467.88,10,364.18
O01892,C219,P021,2025-06-07,5,630.45,0,139.45
O01893,C093,P024,2025-05-12,5,365.25,5,58.79
O01894,C221,P063,2025-07-30,2,615.76,20,161.52
O01895,C160,P036,2025-02-14,8,747.84,0,165.96
O01896,C105,P026,2025-06-24,5,2374.35,15,200.55
O01897,C142,P100,2025-01-22,1,118.57,0,32.53
O01898,C055,P042,2025-08-03,4,1667.96,5,330.78
O01899,C267,P037,2025-04-21,10,3295.0,20,626.14
O01900,C192,P089,2025-06-01,8,1767.36,0,273.75
O01901,C127,P081,2025-04-29,2,225.48,15,28.93
O01902,C026,P061,2025-05-08,1,126.53,15,10.67
O01903,C062,P065,2025-07-28,3,583.2,10,76.62
O01904,C154,P097,2025-09-17,10,2263.7,5,199.29
O01905,C250,P096,2025-06-26,9,3939.12,10,428.22
O01906,C295,P063,2025-10-28,4,1231.52,20,247.86
O01907,C184,P037,2025-09-20,10,3295.0,10,582.28
O01908,C289,P044,2025-04-06,6,222.6,10,17.4
O01909,C133,P084,2025-06-25,7,2874.06,10,667.03
O01910,C225,P018,2025-09-17,2,437.56,0,77.05
O01911,C060,P088,2025-01-13,9,2601.09,10,322.58
O01912,C252,P084,2025-02-08,10,4105.8,0,312.59
O01913,C062,P082,2025-06-29,9,3489.3,15,825.67
O01914,C078,P034,2025-05-21,6,2336.04,10,300.46
O01915,C199,P001,2025-08-23,4,1019.0,0,246.44
O01916,C282,P046,2025-11-23,10,420.9,20,80.29
O01917,C295,P088,2025-04-08,1,289.01,0,54.13
O01918,C135,P048,2025-08-21,2,784.4,5,179.5
O01919,C043,P078,2025-12-18,10,3825.6,10,675.86
O01920,C154,P023,2025-12-30,10,4442.7,10,443.33
O01921,C152,P085,2025-05-21,7,3192.77,5,559.03
O01922,C108,P083,2025-06-12,9,4189.32,5,591.27
O01923,C158,P085,2025-11-19,10,4561.1,15,817.9
O01924,C013,P029,2025-04-16,5,1301.05,0,383.94
O01925,C252,P017,2025-03-27,2,746.72,20,122.74
O01926,C180,P016,2025-02-27,10,299.2,15,71.43
O01927,C033,P085,2025-12-08,7,3192.77,10,182.44
O01928,C116,P073,2025-11-16,9,888.57,20,126.13
O01929,C230,P066,2025-10-08,10,790.6,20,95.65
O01930,C073,P073,2025-05-27,5,493.65,20,64.66
O01931,C230,P052,2025-07-01,8,3277.68,5,887.99
O01932,C212,P037,2025-10-16,9,2965.5,10,338.47
O01933,C067,P086,2025-09-28,6,2231.7,0,457.48
O01934,C160,P046,2025-06-04,9,378.81,0,107.62
O01935,C105,P071,2025-04-09,2,578.38,0,93.39
O01936,C030,P071,2025-01-03,10,2891.9,5,511.42
O01937,C085,P059,2025-11-14,8,2789.28,5,684.27
O01938,C190,P020,2025-01-02,5,1306.4,10,261.29
O01939,C098,P046,2025-11-07,2,84.18,15,23.39
O01940,C096,P016,2025-01-09,2,59.84,15,4.78
O01941,C013,P007,2025-09-27,5,2258.85,10,396.53
O01942,C045,P026,2025-07-26,5,2374.35,10,627.57
O01943,C040,P005,2025-09-13,8,693.84,10,200.24
O01944,C139,P062,2025-03-17,7,1173.9,15,192.31
O01945,C052,P046,2025-10-30,5,210.45,20,44.32
O01946,C193,P054,2025-09-15,6,77.46,10,4.65
O01947,C092,P006,2025-03-15,6,392.22,10,97.66
O01948,C019,P008,2025-12-21,7,1766.24,10,213.14
O01949,C273,P047,2025-01-02,4,792.44,5,60.34
O01950,C250,P066,2025-05-05,6,474.36,20,116.4
O01951,C123,P042,2025-09-27,2,833.98,5,87.25
O01952,C035,P037,2025-06-30,3,988.5,15,56.8
O01953,C214,P096,2025-04-01,3,1313.04,15,101.37
O01954,C120,P015,2025-12-25,5,1834.85,0,285.35
O01955,C122,P072,2025-06-12,10,275.3,10,39.19
O01956,C240,P063,2025-10-31,10,3078.8,15,410.51
O01957,C277,P029,2025-09-26,3,780.63,15,205.38
O01958,C235,P032,2025-12-17,9,2215.44,20,413.28
O01959,C287,P095,2025-09-20,8,1417.28,10,109.63
O01960,C055,P021,2025-01-31,10,1260.9,0,146.72
O01961,C073,P050,2025-08-10,4,1858.08,10,142.59
O01962,C232,P021,2025-08-07,3,378.27,5,29.22
O01963,C004,P061,2025-05-24,7,885.71,0,139.23
O01964,C241,P099,2025-03-01,5,773.55,10,173.22
O01965,C116,P049,2025-09-16,8,3932.72,20,219.86
O01966,C052,P060,2025-06-07,8,1582.4,5,471.89
O01967,C232,P028,2025-10-26,7,1307.46,10,355.38
O01968,C210,P002,2025-05-20,6,1088.64,10,106.72
O01969,C237,P047,2025-01-16,4,792.44,10,51.37
O01970,C231,P035,2025-05-13,8,1192.24,20,165.34
O01971,C253,P025,2025-05-14,8,278.16,10,62.72
O01972,C039,P043,2025-06-12,10,3744.0,20,295.17
O01973,C182,P059,2025-09-28,8,2789.28,20,802.08
O01974,C170,P013,2025-01-04,1,47.04,20,3.38
O01975,C048,P098,2025-12-19,7,2348.22,5,364.13
O01976,C132,P095,2025-09-24,10,1771.6,0,507.75
O01977,C256,P033,2025-12-30,2,784.74,5,204.67
O01978,C039,P052,2025-08-13,4,1638.84,20,297.22
O01979,C161,P035,2025-09-01,3,447.09,10,71.65
O01980,C136,P047,2025-01-26,5,990.55,5,136.25
O01981,C181,P002,2025-05-22,2,362.88,5,44.53
O01982,C156,P014,2025-02-25,6,955.68,10,133.4
O01983,C223,P064,2025-12-12,4,1783.76,5,360.3
O01984,C114,P044,2025-04-23,1,37.1,15,3.15
O01985,C284,P053,2025-08-05,8,3474.4,20,285.74
O01986,C139,P077,2025-02-26,2,950.02,10,208.42
O01987,C088,P006,2025-06-11,10,653.7,20,96.3
O01988,C265,P058,2025-01-27,6,1209.78,10,113.46
O01989,C055,P039,2025-11-27,8,3919.76,10,949.48
O01990,C056,P081,2025-08-11,4,450.96,20,46.82
O01991,C067,P005,2025-09-12,1,86.73,10,9.29
O01992,C236,P044,2025-07-05,9,333.9,15,98.17
O01993,C265,P015,2025-09-10,2,733.94,20,55.86
O01994,C007,P007,2025-10-20,8,3614.16,20,779.8
O01995,C165,P031,2025-10-07,4,279.6,0,70.64
O01996,C186,P031,2025-11-15,2,139.8,5,15.48
O01997,C173,P026,2025-01-16,1,474.87,5,133.01
O01998,C129,P059,2025-06-30,5,1743.3,0,164.64
O01999,C194,P005,2025-02-04,8,693.84,10,160.06
O02000,C239,P090,2025-07-23,3,897.57,5,207.18
O02001,C106,P011,2025-10-15,6,290.1,5,44.29
O02002,C262,P092,2025-07-14,3,403.02,5,25.9
O02003,C220,P083,2025-07-14,7,3258.36,20,239.52
O02004,C162,P030,2025-05-16,6,1352.34,15,363.38
O02005,C191,P018,2025-02-14,8,1750.24,0,104.75
O02006,C234,P006,2025-02-07,4,261.48,20,33.58
O02007,C287,P048,2025-12-13,3,1176.6,5,197.26
O02008,C216,P006,2025-04-13,10,653.7,5,51.5
O02009,C158,P066,2025-12-04,10,790.6,20,132.01
O02010,C270,P053,2025-12-05,2,868.6,20,130.59
O02011,C101,P013,2025-01-26,3,141.12,15,19.33
O02012,C111,P007,2025-01-11,4,1807.08,0,91.37
O02013,C010,P052,2025-12-13,4,1638.84,0,244.11
O02014,C260,P018,2025-01-19,5,1093.9,5,151.87
O02015,C068,P025,2025-02-26,1,34.77,15,8.68
O02016,C289,P044,2025-05-10,8,296.8,15,59.0
O02017,C126,P001,2025-12-23,10,2547.5,20,396.34
O02018,C021,P071,2025-08-20,5,1445.95,0,323.27
O02019,C271,P088,2025-08-10,10,2890.1,20,828.96
O02020,C095,P040,2025-10-19,5,2281.45,0,197.91
O02021,C073,P042,2025-01-31,10,4169.9,10,576.96
O02022,C288,P071,2025-03-08,3,867.57,10,85.09
O02023,C271,P091,2025-03-21,9,3047.85,5,183.96
O02024,C044,P038,2025-04-10,6,184.8,0,51.02
O02025,C227,P092,2025-11-08,1,134.34,20,12.46
O02026,C178,P066,2025-04-02,6,474.36,0,91.26
O02027,C084,P044,2025-08-11,3,111.3,20,31.67
O02028,C182,P001,2025-07-19,7,1783.25,20,433.16
O02029,C009,P093,2025-02-26,9,484.65,5,102.91
O02030,C122,P064,2025-05-26,8,3567.52,15,204.3
O02031,C055,P068,2025-07-08,3,1098.93,0,97.68
O02032,C040,P100,2025-03-12,10,1185.7,15,338.53
O02033,C001,P084,2025-01-01,8,3284.64,5,648.57
O02034,C284,P051,2025-01-12,6,97.26,0,10.47
O02035,C102,P026,2025-11-13,1,474.87,15,68.51
O02036,C256,P017,2025-12-11,2,746.72,20,117.71
O02037,C106,P048,2025-06-06,8,3137.6,0,580.86
O02038,C200,P074,2025-05-20,1,291.07,0,41.56
O02039,C183,P026,2025-07-04,2,949.74,20,197.9
O02040,C041,P078,2025-07-05,8,3060.48,5,788.49
O02041,C281,P036,2025-09-03,8,747.84,20,202.46
O02042,C210,P048,2025-06-26,10,3922.0,0,1030.36
O02043,C031,P056,2025-07-05,6,1571.94,15,228.16
O02044,C079,P095,2025-11-06,9,1594.44,20,383.03
O02045,C221,P057,2025-11-07,5,1550.65,5,254.15
O02046,C277,P019,2025-01-18,7,144.34,5,31.51
O02047,C205,P069,2025-06-25,8,3090.4,5,575.13
O02048,C101,P045,2025-04-14,5,946.45,0,267.69
O02049,C076,P013,2025-12-13,7,329.28,5,76.26
O02050,C199,P039,2025-07-24,4,1959.88,5,179.2
O02051,C189,P011,2025-04-24,9,435.15,10,57.05
O02052,C034,P021,2025-05-21,3,378.27,15,109.5
O02053,C227,P033,2025-10-31,4,1569.48,0,264.25
O02054,C300,P080,2025-01-01,5,1613.65,0,167.94
O02055,C100,P026,2025-12-14,2,949.74,15,124.12
O02056,C293,P077,2025-08-17,4,1900.04,20,165.08
O02057,C196,P043,2025-09-10,8,2995.2,15,801.66
O02058,C244,P046,2025-10-16,2,84.18,20,5.7
O02059,C146,P093,2025-07-24,3,161.55,10,11.7
O02060,C261,P056,2025-05-26,1,261.99,15,40.75
O02061,C201,P081,2025-03-03,1,112.74,20,17.25
O02062,C270,P082,2025-10-18,10,3877.0,15,242.53
O02063,C074,P066,2025-11-25,5,395.3,10,42.37
O02064,C278,P084,2025-12-11,10,4105.8,5,299.93
O02065,C225,P019,2025-05-15,7,144.34,20,18.05
O02066,C288,P086,2025-01-12,6,2231.7,10,332.88
O02067,C145,P097,2025-02-24,10,2263.7,20,311.67
O02068,C006,P011,2025-09-24,1,48.35,0,7.37
O02069,C096,P063,2025-02-16,8,2463.04,5,729.24
O02070,C231,P073,2025-08-12,6,592.38,5,126.18
O02071,C080,P081,2025-05-14,3,338.22,5,56.84
O02072,C257,P100,2025-03-18,1,118.57,5,21.46
O02073,C250,P076,2025-02-18,2,42.12,5,4.8
O02074,C228,P060,2025-12-31,1,197.8,20,45.52
O02075,C080,P058,2025-01-27,8,1613.04,15,317.15
O02076,C228,P036,2025-07-18,8,747.84,5,206.22
O02077,C089,P080,2025-04-27,10,3227.3,0,666.64
O02078,C233,P065,2025-07-22,1,194.4,15,20.38
O02079,C158,P060,2025-11-21,1,197.8,0,58.44
O02080,C209,P099,2025-10-11,7,1082.97,20,107.51
O02081,C296,P039,2025-08-24,10,4899.7,10,305.35
O02082,C158,P078,2025-08-21,2,765.12,5,111.36
O02083,C163,P007,2025-01-05,2,903.54,15,249.45
O02084,C098,P015,2025-10-25,6,2201.82,15,135.79
O02085,C288,P049,2025-02-12,10,4915.9,20,669.8
O02086,C172,P084,2025-09-16,6,2463.48,0,730.15
O02087,C102,P012,2025-03-15,8,3625.2,20,544.35
O02088,C220,P057,2025-08-26,1,310.13,20,28.23
O02089,C149,P072,2025-05-14,7,192.71,0,41.83
O02090,C246,P091,2025-11-09,6,2031.9,10,549.18
O02091,C103,P069,2025-11-23,7,2704.1,10,155.26
O02092,C048,P100,2025-07-14,8,948.56,0,73.35
O02093,C134,P098,2025-12-18,1,335.46,0,39.85
O02094,C188,P048,2025-02-27,7,2745.4,10,613.03
O02095,C067,P066,2025-04-04,9,711.54,0,167.1
O02096,C288,P036,2025-07-20,7,654.36,10,171.11
O02097,C299,P056,2025-06-05,1,261.99,20,48.6
O02098,C098,P013,2025-10-21,3,141.12,15,11.64
O02099,C024,P007,2025-09-18,4,1807.08,20,469.63
O02100,C002,P023,2025-11-22,7,3109.89,20,433.89
O02101,C159,P021,2025-03-06,4,504.36,20,118.89
O02102,C064,P072,2025-06-28,2,55.06,20,3.94
O02103,C007,P067,2025-12-08,5,1226.2,0,351.33
O02104,C149,P074,2025-10-16,1,291.07,5,85.09
O02105,C150,P023,2025-01-23,6,2665.62,20,224.21
O02106,C214,P041,2025-11-11,10,2671.2,15,359.66
O02107,C113,P099,2025-03-20,3,464.13,5,130.08
O02108,C267,P097,2025-01-25,7,1584.59,15,208.67
O02109,C218,P021,2025-12-14,4,504.36,15,107.1
O02110,C124,P038,2025-10-16,2,61.6,20,17.07
O02111,C054,P005,2025-09-10,4,346.92,10,57.55
O02112,C263,P052,2025-08-02,9,3687.39,10,457.83
O02113,C071,P089,2025-09-30,9,1988.28,20,432.34
O02114,C141,P051,2025-12-28,10,162.1,5,36.56
O02115,C007,P022,2025-06-19,6,2845.2,15,821.24
O02116,C278,P001,2025-02-22,1,254.75,20,60.39
O02117,C009,P041,2025-03-28,2,534.24,20,101.71
O02118,C097,P095,2025-02-17,2,354.32,20,74.18
O02119,C073,P007,2025-06-25,10,4517.7,5,407.08
O02120,C182,P065,2025-05-02,8,1555.2,15,411.59
O02121,C185,P085,2025-11-07,5,2280.55,5,422.59
O02122,C254,P092,2025-03-18,10,1343.4,20,344.85
O02123,C218,P098,2025-07-02,5,1677.3,20,444.2
O02124,C203,P015,2025-10-14,9,3302.73,10,733.83
O02125,C046,P099,2025-04-21,5,773.55,10,80.74
O02126,C080,P056,2025-04-02,1,261.99,15,18.15
O02127,C216,P006,2025-03-26,3,196.11,20,29.33
O02128,C245,P001,2025-10-26,5,1273.75,10,178.42
O02129,C068,P033,2025-05-18,6,2354.22,15,204.09
O02130,C159,P017,2025-05-25,5,1866.8,0,237.47
O02131,C020,P066,2025-01-26,3,237.18,20,36.55
O02132,C015,P069,2025-03-17,5,1931.5,20,525.05
O02133,C194,P089,2025-11-04,4,883.68,0,101.63
O02134,C047,P013,2025-04-25,1,47.04,10,5.29
O02135,C219,P089,2025-04-01,9,1988.28,5,212.28
O02136,C181,P091,2025-08-12,9,3047.85,20,793.71
O02137,C230,P068,2025-04-07,9,3296.79,10,248.51
O02138,C261,P051,2025-03-14,4,64.84,0,12.31
O02139,C097,P086,2025-10-28,8,2975.6,5,398.94
O02140,C145,P054,2025-11-22,9,116.19,5,33.49
O02141,C202,P081,2025-05-20,7,789.18,10,120.76
O02142,C162,P075,2025-07-05,6,2509.92,15,589.09
O02143,C240,P024,2025-10-10,1,73.05,10,6.62
O02144,C218,P015,2025-08-11,2,733.94,10,113.35
O02145,C036,P009,2025-08-04,6,926.1,10,221.12
O02146,C214,P080,2025-08-11,6,1936.38,15,511.12
O02147,C220,P075,2025-08-22,3,1254.96,5,237.19
O02148,C265,P060,2025-05-30,5,989.0,0,79.95
O02149,C286,P087,2025-07-12,5,1152.2,10,280.87
O02150,C211,P027,2025-11-24,7,1913.59,15,518.36
O02151,C084,P015,2025-11-08,9,3302.73,10,553.9
O02152,C207,P011,2025-01-13,7,338.45,15,40.77
O02153,C043,P007,2025-03-31,1,451.77,5,131.48
O02154,C221,P014,2025-08-05,8,1274.24,15,328.76
O02155,C090,P011,2025-07-11,4,193.4,20,47.97
O02156,C151,P008,2025-11-25,4,1009.28,15,181.64
O02157,C216,P079,2025-09-21,2,94.08,15,5.83
O02158,C266,P008,2025-02-11,3,756.96,10,59.0
O02159,C061,P064,2025-06-22,5,2229.7,5,596.25
O02160,C229,P038,2025-12-15,4,123.2,20,36.71
O02161,C177,P056,2025-10-14,5,1309.95,10,278.49
O02162,C179,P047,2025-02-04,9,1782.99,20,419.26
O02163,C222,P069,2025-11-10,7,2704.1,5,391.9
O02164,C188,P076,2025-02-05,6,126.36,20,37.88
O02165,C242,P078,2025-04-07,6,2295.36,0,554.81
O02166,C234,P061,2025-10-10,10,1265.3,0,378.1
O02167,C015,P083,2025-07-19,3,1396.44,10,248.91
O02168,C223,P081,2025-04-29,5,563.7,15,158.01
O02169,C064,P064,2025-02-05,5,2229.7,20,341.3
O02170,C026,P083,2025-08-30,7,3258.36,5,278.0
O02171,C139,P096,2025-08-05,2,875.36,5,54.41
O02172,C074,P059,2025-05-26,8,2789.28,10,427.38
O02173,C020,P022,2025-10-04,5,2371.0,0,422.64
O02174,C057,P048,2025-03-03,4,1568.8,5,79.1
O02175,C256,P075,2025-08-10,5,2091.6,0,322.51
O02176,C259,P099,2025-12-20,6,928.26,0,257.26
O02177,C203,P092,2025-07-14,3,403.02,5,20.63
O02178,C194,P096,2025-06-20,1,437.68,20,22.27
O02179,C223,P076,2025-11-15,10,210.6,0,55.79
O02180,C266,P058,2025-11-18,3,604.89,5,135.61
O02181,C104,P061,2025-08-16,7,885.71,15,180.14
O02182,C167,P033,2025-12-07,6,2354.22,5,152.9
O02183,C138,P026,2025-11-13,5,2374.35,15,409.63
O02184,C222,P061,2025-04-29,8,1012.24,15,193.0
O02185,C231,P063,2025-06-02,5,1539.4,5,178.07
O02186,C017,P079,2025-10-31,8,376.32,20,89.35
O02187,C007,P001,2025-01-21,9,2292.75,15,558.5
O02188,C274,P056,2025-11-20,9,2357.91,10,245.07
O02189,C034,P071,2025-10-17,8,2313.52,10,533.61
O02190,C019,P008,2025-11-09,6,1513.92,5,314.58
O02191,C076,P016,2025-05-20,5,149.6,0,41.09
O02192,C253,P058,2025-06-12,1,201.63,0,51.13
O02193,C238,P026,2025-06-19,8,3798.96,15,291.7
O02194,C163,P066,2025-10-20,5,395.3,0,26.93
O02195,C155,P070,2025-05-22,1,231.01,0,32.11
O02196,C174,P093,2025-08-10,3,161.55,5,44.18
O02197,C001,P020,2025-06-25,8,2090.24,5,242.71
O02198,C231,P088,2025-01-17,2,578.02,0,80.27
O02199,C183,P068,2025-03-04,4,1465.24,10,306.66
O02200,C004,P083,2025-12-15,9,4189.32,5,1069.5
O02201,C054,P053,2025-01-18,9,3908.7,0,505.77
O02202,C219,P014,2025-09-05,10,1592.8,15,214.91
O02203,C013,P026,2025-10-27,8,3798.96,20,481.93
O02204,C223,P078,2025-04-18,5,1912.8,5,269.35
O02205,C156,P096,2025-09-19,1,437.68,15,110.17
O02206,C119,P099,2025-06-15,9,1392.39,20,295.16
O02207,C290,P062,2025-10-05,4,670.8,5,134.94
O02208,C115,P042,2025-11-10,6,2501.94,5,176.71
O02209,C279,P018,2025-03-09,4,875.12,10,167.83
O02210,C167,P028,2025-03-20,2,373.56,15,66.37
O02211,C156,P094,2025-09-13,5,326.8,20,74.64
O02212,C025,P079,2025-03-29,2,94.08,5,17.98
O02213,C186,P050,2025-06-04,9,4180.68,20,271.82
O02214,C106,P010,2025-11-08,7,2051.07,10,535.36
O02215,C149,P043,2025-01-04,7,2620.8,5,359.35
O02216,C222,P021,2025-04-23,7,882.63,0,162.54
O02217,C017,P095,2025-03-10,2,354.32,5,54.31
O02218,C243,P045,2025-05-06,2,378.58,5,112.71
O02219,C149,P082,2025-10-13,9,3489.3,0,739.72
O02220,C022,P085,2025-09-15,10,4561.1,0,1172.98
O02221,C098,P093,2025-01-23,1,53.85,0,12.16
O02222,C205,P025,2025-12-23,8,278.16,15,55.47
O02223,C097,P089,2025-09-14,9,1988.28,15,442.75
O02224,C013,P015,2025-09-03,8,2935.76,15,721.39
O02225,C220,P084,2025-04-16,4,1642.32,0,338.1
O02226,C194,P023,2025-01-31,5,2221.35,10,281.19
O02227,C291,P059,2025-08-13,10,3486.6,10,874.47
O02228,C155,P048,2025-09-09,9,3529.8,15,854.89
O02229,C012,P043,2025-05-03,8,2995.2,0,821.33
O02230,C218,P079,2025-07-06,7,329.28,10,22.04
O02231,C105,P094,2025-04-19,4,261.44,0,37.67
O02232,C071,P096,2025-02-14,8,3501.44,0,974.64
O02233,C080,P050,2025-03-14,9,4180.68,15,831.18
O02234,C154,P020,2025-02-02,10,2612.8,10,443.45
O02235,C285,P059,2025-08-14,3,1045.98,0,67.88
O02236,C126,P093,2025-05-18,8,430.8,20,77.92
O02237,C253,P087,2025-08-29,1,230.44,15,49.67
O02238,C184,P017,2025-11-14,3,1120.08,10,157.66
O02239,C213,P007,2025-08-18,6,2710.62,0,679.88
O02240,C140,P049,2025-01-31,3,1474.77,5,175.17
O02241,C107,P018,2025-11-11,2,437.56,5,65.32
O02242,C061,P024,2025-11-19,2,146.1,5,34.06
O02243,C141,P024,2025-09-11,1,73.05,15,14.62
O02244,C094,P071,2025-05-25,2,578.38,5,37.23
O02245,C204,P086,2025-02-26,5,1859.75,15,133.61
O02246,C145,P080,2025-07-07,9,2904.57,5,402.27
O02247,C264,P039,2025-09-18,3,1469.91,20,220.79
O02248,C036,P081,2025-06-12,7,789.18,5,163.16
O02249,C294,P087,2025-03-06,1,230.44,15,28.84
O02250,C281,P050,2025-04-24,5,2322.6,0,168.71
O02251,C208,P012,2025-09-03,2,906.3,15,158.61
O02252,C106,P069,2025-11-20,5,1931.5,0,334.35
O02253,C099,P066,2025-06-25,4,316.24,0,21.11
O02254,C042,P045,2025-05-08,3,567.87,10,72.17
O02255,C048,P027,2025-03-24,1,273.37,0,66.67
O02256,C118,P053,2025-11-27,4,1737.2,5,277.75
O02257,C189,P045,2025-09-06,3,567.87,15,155.82
O02258,C012,P082,2025-07-05,9,3489.3,15,500.24
O02259,C267,P088,2025-08-01,7,2023.07,10,366.17
O02260,C109,P025,2025-01-13,6,208.62,10,11.2
O02261,C218,P036,2025-09-24,10,934.8,15,234.31
O02262,C119,P033,2025-08-04,6,2354.22,20,219.09
O02263,C258,P039,2025-04-06,3,1469.91,10,203.39
O02264,C116,P053,2025-09-10,3,1302.9,15,356.61
O02265,C171,P042,2025-02-01,1,416.99,5,51.27
O02266,C185,P044,2025-05-24,9,333.9,15,39.53
O02267,C085,P047,2025-06-05,1,198.11,10,25.29
O02268,C053,P054,2025-07-20,6,77.46,20,4.83
O02269,C011,P044,2025-10-25,7,259.7,20,46.41
O02270,C104,P092,2025-08-25,7,940.38,0,187.3
O02271,C289,P072,2025-10-08,1,27.53,20,1.52
O02272,C191,P046,2025-01-08,1,42.09,0,4.72
O02273,C239,P027,2025-01-25,2,546.74,5,138.53
O02274,C105,P092,2025-05-29,2,268.68,15,22.43
O02275,C016,P010,2025-01-20,1,293.01,15,54.09
O02276,C181,P071,2025-10-24,2,578.38,10,41.93
O02277,C248,P049,2025-09-03,3,1474.77,0,131.4
O02278,C194,P014,2025-03-02,9,1433.52,0,367.21
O02279,C232,P081,2025-04-08,6,676.44,20,131.43
O02280,C040,P033,2025-11-21,10,3923.7,10,608.42
O02281,C253,P017,2025-12-24,3,1120.08,20,310.17
O02282,C208,P028,2025-12-14,6,1120.68,15,325.56
O02283,C141,P066,2025-07-05,5,395.3,5,66.79
O02284,C155,P015,2025-03-11,6,2201.82,10,142.61
O02285,C028,P016,2025-11-19,4,119.68,10,12.55
O02286,C019,P038,2025-06-19,7,215.6,0,52.32
O02287,C200,P037,2025-11-14,1,329.5,20,17.67
O02288,C099,P010,2025-08-04,8,2344.08,20,239.1
O02289,C183,P027,2025-07-15,5,1366.85,10,158.73
O02290,C073,P072,2025-04-30,2,55.06,5,8.45
O02291,C263,P037,2025-07-01,6,1977.0,5,101.47
O02292,C160,P006,2025-03-02,3,196.11,0,57.46
O02293,C122,P064,2025-11-29,3,1337.82,10,170.86
O02294,C189,P039,2025-05-13,10,4899.7,20,1417.71
O02295,C271,P017,2025-05-24,3,1120.08,0,282.04
O02296,C106,P078,2025-05-19,7,2677.92,5,738.83
O02297,C230,P035,2025-07-11,9,1341.27,5,190.73
O02298,C218,P026,2025-03-10,5,2374.35,20,335.9
O02299,C237,P023,2025-10-09,7,3109.89,0,821.61
O02300,C157,P010,2025-11-26,10,2930.1,20,793.87
O02301,C071,P068,2025-09-29,3,1098.93,15,251.13
O02302,C184,P073,2025-01-09,4,394.92,20,43.97
O02303,C185,P073,2025-07-17,9,888.57,0,148.84
O02304,C042,P097,2025-08-30,6,1358.22,15,187.73
O02305,C280,P066,2025-10-08,10,790.6,15,68.77
O02306,C162,P077,2025-01-20,7,3325.07,0,667.0
O02307,C125,P032,2025-12-29,10,2461.6,15,453.68
O02308,C158,P040,2025-11-01,2,912.58,10,256.72
O02309,C102,P018,2025-05-03,6,1312.68,15,190.14
O02310,C283,P007,2025-09-14,3,1355.31,15,200.13
O02311,C300,P058,2025-01-17,1,201.63,20,15.48
O02312,C184,P057,2025-02-05,4,1240.52,0,63.91
O02313,C156,P082,2025-05-10,2,775.4,5,61.43
O02314,C032,P072,2025-03-23,4,110.12,0,31.75
O02315,C283,P091,2025-06-20,6,2031.9,5,239.42
O02316,C199,P025,2025-03-16,4,139.08,20,28.67
O02317,C146,P053,2025-03-05,2,868.6,10,73.31
O02318,C084,P083,2025-04-28,4,1861.92,20,499.05
O02319,C019,P017,2025-11-09,4,1493.44,0,239.4
O02320,C201,P016,2025-02-16,3,89.76,15,25.7
O02321,C010,P091,2025-08-04,4,1354.6,20,116.25
O02322,C213,P061,2025-03-23,5,632.65,10,120.79
O02323,C173,P006,2025-07-12,8,522.96,0,116.95
O02324,C232,P006,2025-07-24,7,457.59,0,54.24
O02325,C219,P023,2025-04-10,9,3998.43,15,817.81
O02326,C290,P092,2025-01-19,8,1074.72,10,155.0
O02327,C140,P017,2025-10-23,1,373.36,20,105.08
O02328,C131,P077,2025-04-16,8,3800.08,20,662.74
O02329,C296,P078,2025-09-29,8,3060.48,15,663.47
O02330,C162,P060,2025-05-21,2,395.6,10,22.62
O02331,C163,P093,2025-02-24,2,107.7,0,32.21
O02332,C260,P077,2025-05-21,10,4750.1,0,637.11
O02333,C243,P073,2025-03-29,3,296.19,20,74.43
O02334,C229,P022,2025-02-25,9,4267.8,5,836.52
O02335,C160,P059,2025-06-13,9,3137.94,0,822.5
O02336,C224,P054,2025-12-29,10,129.1,20,26.86
O02337,C144,P058,2025-06-09,4,806.52,20,210.41
O02338,C143,P089,2025-12-08,5,1104.6,10,210.69
O02339,C291,P051,2025-10-26,3,48.63,0,12.41
O02340,C174,P064,2025-12-05,6,2675.64,15,238.38
O02341,C110,P052,2025-08-24,8,3277.68,10,381.52
O02342,C131,P006,2025-11-02,3,196.11,10,54.57
O02343,C060,P040,2025-07-03,2,912.58,20,104.56
O02344,C267,P077,2025-05-18,4,1900.04,5,241.19
O02345,C173,P076,2025-09-01,2,42.12,15,8.52
O02346,C027,P081,2025-04-20,3,338.22,0,59.47
O02347,C233,P004,2025-02-08,6,2677.26,5,624.11
O02348,C146,P090,2025-10-25,10,2991.9,5,210.45
O02349,C062,P049,2025-09-01,10,4915.9,5,582.04
O02350,C247,P083,2025-04-09,4,1861.92,5,278.9
O02351,C144,P076,2025-05-06,9,189.54,20,54.57
O02352,C018,P012,2025-07-18,6,2718.9,15,711.07
O02353,C070,P014,2025-02-24,9,1433.52,15,188.41
O02354,C175,P055,2025-06-06,3,647.01,15,123.15
O02355,C111,P018,2025-04-22,2,437.56,20,57.19
O02356,C084,P091,2025-09-25,9,3047.85,0,260.97
O02357,C082,P015,2025-07-20,7,2568.79,20,695.41
O02358,C138,P041,2025-05-15,6,1602.72,5,365.7
O02359,C055,P064,2025-10-16,2,891.88,5,92.15
O02360,C291,P056,2025-07-25,9,2357.91,20,592.7
O02361,C245,P097,2025-12-25,2,452.74,5,46.18
O02362,C234,P071,2025-04-17,8,2313.52,15,472.13
O02363,C171,P066,2025-08-16,4,316.24,10,17.67
O02364,C160,P075,2025-02-10,6,2509.92,10,195.04
O02365,C284,P068,2025-10-06,1,366.31,0,105.18
O02366,C065,P018,2025-04-10,2,437.56,15,36.73
O02367,C273,P064,2025-02-06,7,3121.58,0,212.27
O02368,C187,P072,2025-01-19,6,165.18,10,10.86
O02369,C264,P018,2025-12-31,4,875.12,10,210.56
O02370,C120,P013,2025-12-14,2,94.08,20,6.67
O02371,C007,P021,2025-08-03,4,504.36,15,101.36
O02372,C137,P095,2025-07-07,9,1594.44,10,456.26
O02373,C161,P065,2025-04-01,7,1360.8,5,282.38
O02374,C268,P056,2025-06-25,10,2619.9,0,511.71
O02375,C246,P084,2025-06-29,9,3695.22,20,202.69
O02376,C236,P071,2025-07-04,7,2024.33,15,519.31
O02377,C136,P043,2025-01-23,9,3369.6,5,246.17
O02378,C279,P045,2025-02-17,2,378.58,0,55.06
O02379,C001,P076,2025-09-01,4,84.24,0,18.28
O02380,C203,P053,2025-02-05,9,3908.7,15,1094.29
O02381,C248,P099,2025-09-23,8,1237.68,5,143.08
O02382,C174,P063,2025-05-12,10,3078.8,5,800.35
O02383,C055,P051,2025-08-26,1,16.21,15,1.48
O02384,C076,P095,2025-05-02,9,1594.44,20,459.22
O02385,C111,P039,2025-02-04,6,2939.82,20,696.55
O02386,C261,P049,2025-03-20,8,3932.72,5,542.48
O02387,C096,P067,2025-03-04,1,245.24,10,15.99
O02388,C152,P075,2025-10-16,6,2509.92,20,404.12
O02389,C272,P098,2025-12-05,2,670.92,0,46.3
O02390,C066,P058,2025-09-05,4,806.52,10,225.72
O02391,C201,P016,2025-06-24,7,209.44,15,35.06
O02392,C075,P072,2025-05-08,6,165.18,5,19.53
O02393,C269,P075,2025-10-24,8,3346.56,20,364.35
O02394,C014,P032,2025-01-15,9,2215.44,20,562.8
O02395,C205,P080,2025-04-26,8,2581.84,0,625.65
O02396,C280,P053,2025-06-04,2,868.6,10,89.63
O02397,C207,P089,2025-04-30,4,883.68,5,258.7
O02398,C101,P088,2025-12-18,3,867.03,20,81.05
O02399,C136,P028,2025-08-14,4,747.12,0,98.3
O02400,C256,P012,2025-04-09,8,3625.2,15,182.78
O02401,C149,P033,2025-06-28,10,3923.7,10,1113.4
O02402,C207,P081,2025-01-14,4,450.96,5,55.81
O02403,C183,P002,2025-08-09,3,544.32,5,149.15
O02404,C100,P019,2025-09-28,1,20.62,20,4.29
O02405,C078,P067,2025-07-29,7,1716.68,15,395.98
O02406,C038,P069,2025-12-02,1,386.3,5,96.64
O02407,C235,P082,2025-03-31,8,3101.6,0,235.07
O02408,C076,P049,2025-06-24,7,3441.13,5,392.37
O02409,C128,P075,2025-11-20,3,1254.96,20,182.41
O02410,C117,P042,2025-10-16,4,1667.96,5,195.38
O02411,C118,P029,2025-03-26,8,2081.68,0,328.29
O02412,C024,P039,2025-03-04,3,1469.91,5,345.1
O02413,C111,P073,2025-12-31,9,888.57,0,174.3
O02414,C044,P049,2025-04-24,7,3441.13,10,734.01
O02415,C080,P049,2025-09-11,5,2457.95,15,178.58
O02416,C172,P088,2025-01-13,8,2312.08,5,122.17
O02417,C226,P087,2025-11-04,9,2073.96,15,243.04
O02418,C177,P061,2025-04-21,3,379.59,10,107.75
O02419,C151,P042,2025-02-02,9,3752.91,0,661.37
O02420,C201,P028,2025-12-06,10,1867.8,15,516.69
O02421,C019,P074,2025-08-13,4,1164.28,0,299.3
O02422,C049,P094,2025-07-19,1,65.36,5,19.22
O02423,C179,P077,2025-11-10,10,4750.1,5,688.47
O02424,C132,P035,2025-09-24,3,447.09,5,54.53
O02425,C247,P094,2025-10-01,1,65.36,0,11.53
O02426,C181,P063,2025-06-20,5,1539.4,20,416.58
O02427,C091,P035,2025-03-17,8,1192.24,10,273.77
O02428,C105,P021,2025-01-24,8,1008.72,10,142.62
O02429,C247,P010,2025-05-22,9,2637.09,15,164.51
O02430,C250,P013,2025-12-24,10,470.4,0,38.79
O02431,C146,P046,2025-03-05,2,84.18,0,23.96
O02432,C264,P026,2025-10-23,10,4748.7,0,720.2
O02433,C207,P090,2025-12-04,5,1495.95,10,193.7
O02434,C177,P064,2025-05-26,2,891.88,15,104.51
O02435,C062,P043,2025-11-03,3,1123.2,20,187.36
O02436,C119,P075,2025-07-03,7,2928.24,20,499.72
O02437,C211,P005,2025-05-29,1,86.73,0,20.78
O02438,C062,P016,2025-11-20,10,299.2,15,58.55
O02439,C045,P086,2025-10-19,3,1115.85,10,274.33
O02440,C168,P071,2025-01-16,3,867.57,10,49.21
O02441,C146,P057,2025-05-27,5,1550.65,15,192.86
O02442,C073,P054,2025-05-09,6,77.46,5,14.04
O02443,C010,P057,2025-03-19,2,620.26,20,151.76
O02444,C186,P096,2025-04-10,8,3501.44,5,381.39
O02445,C032,P008,2025-10-27,1,252.32,5,43.01
O02446,C178,P088,2025-08-23,6,1734.06,5,511.61
O02447,C244,P067,2025-02-10,8,1961.92,5,317.82
O02448,C079,P068,2025-10-27,6,2197.86,10,330.51
O02449,C080,P036,2025-05-02,1,93.48,5,23.49
O02450,C126,P031,2025-11-17,7,489.3,20,123.67
O02451,C212,P009,2025-03-20,7,1080.45,5,67.04
O02452,C276,P093,2025-11-07,8,430.8,20,94.14
O02453,C270,P098,2025-08-12,1,335.46,15,85.03
O02454,C095,P030,2025-01-16,3,676.17,0,177.98
O02455,C008,P044,2025-04-10,4,148.4,15,16.68
O02456,C094,P043,2025-02-17,2,748.8,15,92.56
O02457,C219,P038,2025-04-30,6,184.8,20,40.17
O02458,C049,P052,2025-01-09,3,1229.13,0,79.31
O02459,C183,P028,2025-01-12,1,186.78,20,36.34
O02460,C142,P075,2025-07-13,2,836.64,10,188.67
O02461,C169,P056,2025-07-27,4,1047.96,20,221.04
O02462,C076,P047,2025-09-01,3,594.33,0,83.15
O02463,C284,P079,2025-07-31,5,235.2,10,15.4
O02464,C254,P080,2025-02-28,4,1290.92,5,295.05
O02465,C005,P063,2025-04-18,10,3078.8,20,850.04
O02466,C044,P084,2025-03-15,6,2463.48,10,692.89
O02467,C131,P017,2025-05-31,4,1493.44,5,275.91
O02468,C069,P025,2025-09-26,6,208.62,5,46.27
O02469,C004,P041,2025-12-19,1,267.12,15,29.84
O02470,C246,P005,2025-12-06,8,693.84,10,179.01
O02471,C187,P017,2025-06-25,10,3733.6,10,835.64
O02472,C026,P015,2025-08-02,10,3669.7,0,453.1
O02473,C263,P068,2025-09-18,4,1465.24,0,371.77
O02474,C093,P011,2025-09-04,2,96.7,0,15.62
O02475,C047,P020,2025-07-17,1,261.28,15,77.76
O02476,C099,P055,2025-05-07,7,1509.69,20,161.93
O02477,C256,P068,2025-03-05,2,732.62,0,64.72
O02478,C129,P084,2025-08-02,8,3284.64,0,265.6
O02479,C074,P001,2025-11-04,7,1783.25,0,266.22
O02480,C262,P008,2025-04-19,2,504.64,5,96.81
O02481,C063,P050,2025-01-01,6,2787.12,10,733.57
O02482,C280,P095,2025-02-22,7,1240.12,20,138.05
O02483,C268,P089,2025-05-24,10,2209.2,5,493.62
O02484,C166,P050,2025-03-19,3,1393.56,10,191.66
O02485,C070,P028,2025-08-23,3,560.34,0,57.34
O02486,C088,P050,2025-07-30,10,4645.2,0,522.42
O02487,C049,P012,2025-01-28,7,3172.05,20,169.29
O02488,C235,P076,2025-02-09,3,63.18,15,7.45
O02489,C077,P016,2025-07-11,8,239.36,5,71.21
O02490,C054,P015,2025-02-18,6,2201.82,15,372.89
O02491,C291,P015,2025-06-24,7,2568.79,20,644.38
O02492,C299,P053,2025-02-06,6,2605.8,10,609.01
O02493,C240,P087,2025-10-18,10,2304.4,0,470.61
O02494,C001,P061,2025-11-10,9,1138.77,0,239.41
O02495,C289,P057,2025-06-16,7,2170.91,15,200.41
O02496,C233,P049,2025-05-04,10,4915.9,20,878.84
O02497,C008,P017,2025-08-15,2,746.72,20,207.26
O02498,C096,P076,2025-11-21,6,126.36,20,22.82
O02499,C059,P005,2025-03-08,9,780.57,15,85.63
O02500,C011,P072,2025-11-22,6,165.18,0,15.66
O02501,C219,P059,2025-08-26,4,1394.64,20,193.95
O02502,C220,P076,2025-12-02,2,42.12,10,12.21
O02503,C136,P062,2025-12-23,5,838.5,20,175.95
O02504,C271,P046,2025-08-17,8,336.72,20,53.47
O02505,C296,P085,2025-03-02,3,1368.33,10,325.13
O02506,C145,P036,2025-12-18,7,654.36,0,92.28
O02507,C009,P036,2025-02-25,8,747.84,5,115.39
O02508,C223,P080,2025-03-20,3,968.19,5,133.56
O02509,C214,P008,2025-01-28,6,1513.92,0,305.82
O02510,C151,P006,2025-12-10,1,65.37,10,9.54
O02511,C106,P035,2025-02-06,3,447.09,20,70.97
O02512,C235,P079,2025-11-11,6,282.24,0,44.45
O02513,C023,P011,2025-03-20,4,193.4,5,40.82
O02514,C094,P097,2025-07-20,1,226.37,5,18.25
O02515,C268,P039,2025-11-04,8,3919.76,20,642.71
O02516,C067,P019,2025-04-10,9,185.58,10,45.43
O02517,C249,P019,2025-07-14,8,164.96,20,38.91
O02518,C230,P072,2025-04-20,3,82.59,5,21.58
O02519,C075,P087,2025-08-03,4,921.76,0,178.68
O02520,C194,P031,2025-11-14,6,419.4,15,98.09
O02521,C178,P079,2025-03-08,2,94.08,5,21.18
O02522,C104,P041,2025-08-22,3,801.36,0,45.74
O02523,C024,P012,2025-06-13,10,4531.5,0,227.64
O02524,C265,P030,2025-04-18,5,1126.95,0,147.55
O02525,C044,P049,2025-01-19,6,2949.54,15,630.56
O02526,C025,P003,2025-08-05,7,3053.54,5,508.69
O02527,C287,P073,2025-04-18,9,888.57,15,261.78
O02528,C137,P078,2025-08-14,5,1912.8,5,466.57
O02529,C040,P072,2025-06-06,2,55.06,15,11.44
O02530,C104,P088,2025-05-20,8,2312.08,15,483.87
O02531,C162,P003,2025-05-22,7,3053.54,20,156.32
O02532,C007,P077,2025-09-20,2,950.02,5,270.51
O02533,C033,P075,2025-09-23,8,3346.56,0,751.77
O02534,C134,P029,2025-10-22,6,1561.26,10,368.39
O02535,C116,P086,2025-03-21,5,1859.75,20,170.62
O02536,C133,P083,2025-09-26,9,4189.32,20,523.36
O02537,C016,P090,2025-07-20,7,2094.33,0,252.95
O02538,C187,P092,2025-07-05,9,1209.06,10,237.07
O02539,C251,P084,2025-02-14,10,4105.8,0,611.75
O02540,C103,P044,2025-06-21,7,259.7,5,75.36
O02541,C125,P056,2025-02-05,7,1833.93,10,359.63
O02542,C025,P089,2025-10-15,9,1988.28,20,524.08
O02543,C004,P091,2025-12-30,6,2031.9,10,483.23
O02544,C028,P052,2025-05-16,10,4097.1,15,1015.97
O02545,C043,P012,2025-09-07,9,4078.35,0,218.85
O02546,C140,P013,2025-04-21,8,376.32,10,66.79
O02547,C156,P037,2025-07-26,3,988.5,5,127.3
O02548,C085,P065,2025-09-03,8,1555.2,0,443.03
O02549,C236,P092,2025-04-30,6,806.04,20,188.55
O02550,C276,P087,2025-05-02,5,1152.2,5,272.85
O02551,C086,P059,2025-04-24,1,348.66,5,69.63
O02552,C215,P096,2025-09-24,8,3501.44,5,845.08
O02553,C102,P068,2025-09-14,3,1098.93,0,106.3
O02554,C237,P095,2025-05-25,3,531.48,0,93.64
O02555,C291,P096,2025-03-16,10,4376.8,10,517.28
O02556,C244,P032,2025-12-12,8,1969.28,20,545.15
O02557,C135,P035,2025-10-08,9,1341.27,20,319.67
O02558,C196,P074,2025-10-23,3,873.21,10,235.32
O02559,C255,P097,2025-11-01,1,226.37,10,29.59
O02560,C118,P016,2025-02-05,1,29.92,15,8.92
O02561,C223,P088,2025-09-28,8,2312.08,0,417.3
O02562,C280,P095,2025-02-20,10,1771.6,0,527.17
O02563,C196,P015,2025-09-28,10,3669.7,15,191.0
O02564,C217,P063,2025-06-06,9,2770.92,5,374.96
O02565,C238,P079,2025-07-19,5,235.2,20,31.24
O02566,C037,P015,2025-02-22,1,366.97,10,79.37
O02567,C140,P077,2025-04-26,2,950.02,20,160.11
O02568,C229,P081,2025-08-22,10,1127.4,15,133.26
O02569,C260,P080,2025-03-24,5,1613.65,10,132.26
O02570,C105,P099,2025-04-22,2,309.42,15,26.96
O02571,C122,P087,2025-02-09,2,460.88,0,126.06
O02572,C289,P018,2025-09-06,8,1750.24,5,198.0
O02573,C238,P036,2025-09-18,7,654.36,0,46.61
O02574,C156,P014,2025-04-12,7,1114.96,5,198.56
O02575,C042,P043,2025-11-02,2,748.8,10,154.15
O02576,C097,P100,2025-05-23,8,948.56,15,135.75
O02577,C031,P043,2025-05-02,9,3369.6,20,661.93
O02578,C145,P011,2025-12-23,9,435.15,0,48.06
O02579,C196,P082,2025-03-17,10,3877.0,5,773.73
O02580,C059,P032,2025-04-06,4,984.64,10,52.78
O02581,C132,P074,2025-03-21,6,1746.42,20,213.15
O02582,C282,P017,2025-09-21,7,2613.52,10,773.82
O02583,C244,P075,2025-04-01,1,418.32,20,65.51
O02584,C053,P094,2025-09-03,6,392.16,5,42.0
O02585,C194,P007,2025-02-22,1,451.77,10,29.55
O02586,C082,P061,2025-07-09,8,1012.24,10,55.92
O02587,C289,P085,2025-03-29,7,3192.77,0,623.93
O02588,C098,P016,2025-06-24,6,179.52,15,11.64
O02589,C100,P045,2025-06-17,7,1325.03,20,69.07
O02590,C080,P087,2025-07-13,7,1613.08,15,421.75
O02591,C194,P008,2025-06-11,9,2270.88,15,244.56
O02592,C264,P087,2025-05-27,7,1613.08,0,295.61
O02593,C136,P009,2025-04-21,10,1543.5,5,100.62
O02594,C044,P087,2025-10-01,5,1152.2,15,178.98
O02595,C230,P038,2025-10-17,4,123.2,20,11.62
O02596,C275,P044,2025-10-06,3,111.3,0,15.65
O02597,C065,P087,2025-04-05,1,230.44,15,61.83
O02598,C026,P024,2025-07-20,5,365.25,0,92.76
O02599,C079,P007,2025-03-28,5,2258.85,15,123.52
O02600,C257,P005,2025-03-05,10,867.3,10,210.55
O02601,C083,P017,2025-04-04,3,1120.08,0,192.76
O02602,C113,P071,2025-06-23,9,2602.71,5,249.26
O02603,C182,P023,2025-09-14,1,444.27,0,99.76
O02604,C184,P045,2025-08-25,6,1135.74,0,156.36
O02605,C107,P007,2025-08-20,9,4065.93,5,457.3
O02606,C234,P074,2025-04-01,10,2910.7,15,201.79
O02607,C006,P049,2025-11-07,2,983.18,20,52.93
O02608,C090,P013,2025-01-27,3,141.12,5,22.56
O02609,C034,P026,2025-04-27,4,1899.48,15,457.36
O02610,C205,P058,2025-02-20,3,604.89,10,139.73
O02611,C255,P018,2025-05-11,4,875.12,5,219.69
O02612,C283,P046,2025-02-24,1,42.09,0,3.7
O02613,C102,P098,2025-09-10,7,2348.22,5,672.11
O02614,C229,P066,2025-10-29,1,79.06,5,14.44
O02615,C018,P021,2025-02-20,3,378.27,10,100.61
O02616,C111,P075,2025-03-01,7,2928.24,20,701.34
O02617,C005,P010,2025-09-07,2,586.02,15,64.62
O02618,C004,P005,2025-04-25,4,346.92,5,31.64
O02619,C025,P055,2025-03-23,7,1509.69,0,80.62
O02620,C260,P050,2025-12-01,3,1393.56,5,245.85
O02621,C041,P044,2025-08-02,8,296.8,0,79.72
O02622,C298,P064,2025-02-14,6,2675.64,5,533.51
O02623,C107,P098,2025-01-11,9,3019.14,20,305.8
O02624,C136,P078,2025-08-16,5,1912.8,15,386.84
O02625,C241,P088,2025-09-13,10,2890.1,15,792.74
O02626,C155,P001,2025-06-18,8,2038.0,10,293.72
O02627,C093,P091,2025-03-06,7,2370.55,5,543.54
O02628,C152,P029,2025-01-13,1,260.21,0,61.53
O02629,C282,P036,2025-08-16,4,373.92,10,61.52
O02630,C036,P088,2025-02-21,7,2023.07,5,508.22
O02631,C240,P050,2025-04-03,7,3251.64,0,305.55
O02632,C107,P008,2025-12-28,9,2270.88,15,357.32
O02633,C254,P013,2025-04-10,7,329.28,15,77.06
O02634,C072,P074,2025-02-02,1,291.07,0,79.76
O02635,C224,P003,2025-07-12,3,1308.66,10,349.48
O02636,C058,P023,2025-05-14,4,1777.08,15,500.82
O02637,C032,P079,2025-12-20,9,423.36,0,107.57
O02638,C190,P031,2025-07-11,7,489.3,15,24.98
O02639,C066,P043,2025-10-30,3,1123.2,20,221.5
O02640,C146,P087,2025-11-10,2,460.88,0,65.85
O02641,C098,P072,2025-06-04,4,110.12,5,30.12
O02642,C151,P092,2025-06-13,5,671.7,20,108.03
O02643,C200,P007,2025-01-11,1,451.77,0,99.28
O02644,C243,P040,2025-08-05,9,4106.61,0,823.8
O02645,C133,P034,2025-08-27,6,2336.04,0,600.14
O02646,C267,P021,2025-06-10,10,1260.9,10,259.76
O02647,C240,P098,2025-12-10,7,2348.22,20,304.23
O02648,C141,P065,2025-08-26,8,1555.2,15,84.54
O02649,C202,P071,2025-12-19,5,1445.95,0,342.81
O02650,C059,P084,2025-08-26,8,3284.64,5,215.64
O02651,C073,P065,2025-01-25,7,1360.8,20,149.34
O02652,C043,P077,2025-09-12,2,950.02,0,85.54
O02653,C060,P091,2025-12-03,9,3047.85,10,200.97
O02654,C031,P074,2025-12-04,4,1164.28,20,345.36
O02655,C055,P010,2025-11-17,1,293.01,20,79.03
O02656,C249,P090,2025-10-25,4,1196.76,5,290.97
O02657,C228,P065,2025-10-04,3,583.2,15,104.18
O02658,C204,P090,2025-06-28,6,1795.14,0,136.8
O02659,C227,P062,2025-02-22,8,1341.6,5,103.01
O02660,C263,P062,2025-01-11,2,335.4,0,43.19
O02661,C241,P038,2025-05-20,8,246.4,15,13.6
O02662,C088,P074,2025-09-30,1,291.07,0,19.74
O02663,C181,P029,2025-02-25,8,2081.68,10,286.26
O02664,C202,P050,2025-10-20,9,4180.68,10,210.38
O02665,C258,P075,2025-07-15,6,2509.92,5,670.08
O02666,C020,P011,2025-06-06,1,48.35,5,3.27
O02667,C096,P087,2025-08-11,6,1382.64,0,266.94
O02668,C170,P056,2025-03-22,1,261.99,10,33.62
O02669,C250,P095,2025-05-10,5,885.8,20,150.51
O02670,C150,P083,2025-07-07,1,465.48,10,117.27
O02671,C239,P014,2025-04-17,7,1114.96,15,96.91
O02672,C187,P023,2025-05-28,8,3554.16,10,778.48
O02673,C241,P067,2025-07-18,7,1716.68,5,153.45
O02674,C229,P053,2025-11-21,1,434.3,20,91.59
O02675,C065,P031,2025-07-21,9,629.1,20,94.86
O02676,C032,P098,2025-12-27,10,3354.6,5,932.8
O02677,C095,P080,2025-11-05,1,322.73,20,20.71
O02678,C225,P062,2025-01-29,6,1006.2,20,240.6
O02679,C229,P093,2025-02-26,9,484.65,0,66.67
O02680,C219,P056,2025-04-11,5,1309.95,20,352.02
O02681,C166,P053,2025-12-25,6,2605.8,5,577.52
O02682,C272,P006,2025-07-28,10,653.7,15,72.2
O02683,C124,P072,2025-06-23,5,137.65,5,14.34
O02684,C207,P070,2025-02-15,8,1848.08,15,484.63
O02685,C265,P027,2025-09-18,8,2186.96,20,391.73
O02686,C073,P067,2025-08-31,1,245.24,20,21.47
O02687,C215,P072,2025-04-10,4,110.12,0,29.8
O02688,C032,P019,2025-02-11,1,20.62,20,1.84
O02689,C290,P039,2025-12-12,8,3919.76,15,537.3
O02690,C289,P092,2025-06-02,8,1074.72,15,188.94
O02691,C101,P046,2025-06-12,8,336.72,0,26.17
O02692,C091,P071,2025-05-31,1,289.19,15,38.69
O02693,C046,P086,2025-11-28,6,2231.7,10,368.08
O02694,C195,P089,2025-08-24,1,220.92,15,57.23
O02695,C237,P074,2025-05-06,8,2328.56,20,529.57
O02696,C196,P050,2025-05-25,1,464.52,20,110.46
O02697,C010,P026,2025-04-27,9,4273.83,15,669.07
O02698,C018,P073,2025-08-31,5,493.65,20,58.09
O02699,C279,P032,2025-07-02,6,1476.96,10,390.36
O02700,C254,P083,2025-05-19,10,4654.8,20,1192.08
O02701,C239,P052,2025-11-16,3,1229.13,20,195.23
O02702,C241,P083,2025-06-01,8,3723.84,5,1098.67
O02703,C112,P035,2025-06-23,10,1490.3,15,139.7
O02704,C096,P095,2025-06-17,3,531.48,15,27.78
O02705,C090,P029,2025-02-15,1,260.21,10,77.6
O02706,C114,P099,2025-11-18,4,618.84,20,175.7
O02707,C080,P071,2025-03-18,3,867.57,15,232.98
O02708,C102,P038,2025-08-06,3,92.4,0,7.21
O02709,C015,P064,2025-12-17,2,891.88,10,265.22
O02710,C246,P007,2025-03-03,4,1807.08,20,175.54
O02711,C074,P087,2025-03-09,8,1843.52,10,552.44
O02712,C220,P025,2025-11-20,10,347.7,20,51.84
O02713,C210,P075,2025-10-14,10,4183.2,20,769.25
O02714,C232,P019,2025-05-06,2,41.24,20,11.97
O02715,C180,P052,2025-02-12,2,819.42,10,85.64
O02716,C160,P080,2025-04-21,1,322.73,20,65.47
O02717,C015,P013,2025-07-03,3,141.12,0,32.8
O02718,C130,P045,2025-05-02,5,946.45,20,218.49
O02719,C293,P002,2025-04-02,9,1632.96,15,386.42
O02720,C182,P066,2025-02-18,3,237.18,5,63.42
O02721,C221,P030,2025-01-18,4,901.56,20,167.42
O02722,C287,P023,2025-12-28,3,1332.81,10,355.77
O02723,C169,P048,2025-12-02,6,2353.2,15,577.16
O02724,C141,P095,2025-08-19,6,1062.96,20,100.24
O02725,C261,P022,2025-06-22,10,4742.0,5,1340.41
O02726,C274,P063,2025-08-07,3,923.64,0,67.52
O02727,C016,P032,2025-10-26,8,1969.28,20,327.02
O02728,C177,P071,2025-02-14,3,867.57,0,62.98
O02729,C039,P002,2025-02-14,10,1814.4,5,404.98
O02730,C117,P071,2025-09-25,4,1156.76,5,328.81
O02731,C128,P061,2025-03-15,2,253.06,10,71.38
O02732,C013,P093,2025-03-17,7,376.95,15,71.39
O02733,C178,P006,2025-09-22,9,588.33,5,92.3
O02734,C052,P093,2025-01-08,6,323.1,20,58.25
O02735,C262,P075,2025-12-18,6,2509.92,15,365.18
O02736,C222,P039,2025-10-16,9,4409.73,5,248.72
O02737,C155,P029,2025-02-10,1,260.21,15,40.58
O02738,C294,P049,2025-08-10,3,1474.77,15,256.09
O02739,C042,P066,2025-07-20,7,553.42,0,136.58
O02740,C076,P049,2025-03-07,4,1966.36,10,98.38
O02741,C262,P035,2025-04-10,5,745.15,15,170.17
O02742,C177,P077,2025-11-11,4,1900.04,5,215.2
O02743,C182,P064,2025-01-22,2,891.88,20,239.41
O02744,C008,P067,2025-12-31,8,1961.92,20,181.46
O02745,C238,P024,2025-08-28,9,657.45,20,153.86
O02746,C223,P029,2025-10-04,10,2602.1,0,589.37
O02747,C230,P045,2025-09-03,2,378.58,5,68.46
O02748,C253,P024,2025-03-20,9,657.45,20,111.47
O02749,C076,P067,2025-04-03,1,245.24,20,43.46
O02750,C050,P066,2025-01-14,1,79.06,10,9.9
O02751,C216,P097,2025-10-28,1,226.37,15,50.76
O02752,C005,P024,2025-04-18,8,584.4,20,53.88
O02753,C140,P001,2025-02-25,5,1273.75,0,141.23
O02754,C012,P061,2025-12-02,4,506.12,0,137.98
O02755,C105,P027,2025-08-14,7,1913.59,20,540.97
O02756,C240,P018,2025-06-16,5,1093.9,5,308.78
O02757,C201,P036,2025-05-29,5,467.4,10,119.69
O02758,C130,P035,2025-01-07,4,596.12,20,44.74
O02759,C041,P054,2025-02-01,3,38.73,0,4.67
O02760,C015,P098,2025-02-06,8,2683.68,0,688.24
O02761,C250,P023,2025-12-11,3,1332.81,20,119.61
O02762,C040,P011,2025-06-30,4,193.4,0,36.91
O02763,C258,P035,2025-10-20,9,1341.27,15,80.56
O02764,C244,P010,2025-07-05,1,293.01,10,71.57
O02765,C033,P055,2025-01-18,6,1294.02,15,104.37
O02766,C288,P009,2025-06-28,10,1543.5,15,385.56
O02767,C161,P030,2025-09-12,8,1803.12,0,419.47
O02768,C267,P067,2025-09-11,2,490.48,20,37.11
O02769,C288,P015,2025-11-24,7,2568.79,5,471.45
O02770,C034,P021,2025-01-11,1,126.09,10,12.05
O02771,C055,P083,2025-12-08,8,3723.84,15,431.56
O02772,C014,P032,2025-09-27,5,1230.8,15,354.32
O02773,C266,P090,2025-04-12,3,897.57,5,241.84
O02774,C069,P013,2025-08-08,6,282.24,0,71.42
O02775,C230,P010,2025-01-05,2,586.02,10,91.66
O02776,C164,P095,2025-08-21,10,1771.6,10,167.7
O02777,C036,P075,2025-06-04,8,3346.56,10,182.04
O02778,C212,P047,2025-11-24,2,396.22,15,114.39
O02779,C117,P008,2025-09-29,6,1513.92,5,295.56
O02780,C245,P021,2025-05-21,1,126.09,10,21.66
O02781,C131,P004,2025-05-13,2,892.42,15,208.77
O02782,C051,P040,2025-01-21,4,1825.16,20,204.76
O02783,C198,P005,2025-03-15,7,607.11,5,49.48
O02784,C057,P045,2025-05-16,9,1703.61,5,257.23
O02785,C089,P068,2025-09-20,2,732.62,5,166.49
O02786,C256,P086,2025-04-01,5,1859.75,10,419.32
O02787,C103,P018,2025-10-19,1,218.78,15,59.03
O02788,C147,P026,2025-08-27,3,1424.61,20,255.91
O02789,C072,P050,2025-01-06,3,1393.56,20,222.45
O02790,C095,P019,2025-04-22,5,103.1,20,6.66
O02791,C114,P093,2025-03-31,9,484.65,10,113.58
O02792,C196,P034,2025-03-24,2,778.68,0,67.92
O02793,C019,P092,2025-01-08,1,134.34,20,33.48
O02794,C232,P051,2025-08-17,9,145.89,5,7.51
O02795,C276,P088,2025-01-29,9,2601.09,15,329.28
O02796,C170,P023,2025-07-18,4,1777.08,20,106.97
O02797,C292,P067,2025-03-16,8,1961.92,5,254.79
O02798,C030,P077,2025-05-08,8,3800.08,5,418.98
O02799,C217,P038,2025-01-15,2,61.6,5,6.0
O02800,C083,P089,2025-10-20,4,883.68,0,46.75
O02801,C113,P076,2025-01-21,2,42.12,20,6.82
O02802,C103,P098,2025-04-17,9,3019.14,20,485.31
O02803,C296,P020,2025-03-24,1,261.28,5,56.46
O02804,C178,P056,2025-09-01,10,2619.9,20,142.41
O02805,C076,P041,2025-05-18,9,2404.08,20,566.08
O02806,C024,P065,2025-09-30,3,583.2,20,140.05
O02807,C189,P100,2025-12-19,1,118.57,10,20.39
O02808,C134,P045,2025-02-06,6,1135.74,5,106.29
O02809,C004,P065,2025-01-13,7,1360.8,5,361.09
O02810,C274,P098,2025-03-14,6,2012.76,15,340.83
O02811,C063,P079,2025-05-09,5,235.2,10,69.26
O02812,C279,P034,2025-07-03,9,3504.06,20,459.93
O02813,C247,P011,2025-06-18,10,483.5,20,80.07
O02814,C292,P027,2025-07-05,4,1093.48,15,230.17
O02815,C276,P048,2025-02-25,1,392.2,20,48.43
O02816,C038,P014,2025-08-02,4,637.12,15,106.14
O02817,C048,P087,2025-06-22,7,1613.08,0,157.2
O02818,C194,P085,2025-05-04,5,2280.55,0,170.63
O02819,C242,P067,2025-02-18,8,1961.92,5,549.35
O02820,C047,P091,2025-09-24,2,677.3,0,136.8
O02821,C299,P081,2025-08-31,6,676.44,20,81.1
O02822,C092,P015,2025-07-22,1,366.97,20,26.22
O02823,C264,P004,2025-04-19,8,3569.68,5,975.49
O02824,C012,P098,2025-11-20,3,1006.38,5,236.21
O02825,C087,P048,2025-08-16,7,2745.4,15,694.94
O02826,C183,P056,2025-07-22,4,1047.96,15,72.52
O02827,C097,P076,2025-02-18,8,168.48,0,42.61
O02828,C099,P023,2025-08-27,2,888.54,15,263.69
O02829,C093,P074,2025-02-04,10,2910.7,5,837.32
O02830,C262,P076,2025-05-31,3,63.18,10,12.15
O02831,C272,P011,2025-02-21,4,193.4,20,26.08
O02832,C236,P031,2025-01-03,1,69.9,5,17.45
O02833,C115,P014,2025-05-26,1,159.28,15,19.07
O02834,C011,P018,2025-09-09,3,656.34,20,83.68
O02835,C004,P061,2025-08-24,8,1012.24,5,66.13
O02836,C140,P055,2025-05-14,9,1941.03,5,292.84
O02837,C018,P096,2025-11-07,2,875.36,10,46.02
O02838,C083,P079,2025-03-14,4,188.16,5,49.08
O02839,C032,P084,2025-05-09,3,1231.74,15,354.71
O02840,C156,P043,2025-04-04,10,3744.0,0,1064.53
O02841,C256,P084,2025-08-11,7,2874.06,15,643.58
O02842,C264,P029,2025-06-29,10,2602.1,10,194.95
O02843,C216,P008,2025-03-17,3,756.96,15,93.83
O02844,C246,P088,2025-09-29,3,867.03,0,120.54
O02845,C238,P060,2025-04-18,9,1780.2,10,129.09
O02846,C046,P098,2025-03-27,7,2348.22,0,491.29
O02847,C230,P074,2025-01-04,6,1746.42,10,122.2
O02848,C100,P006,2025-05-02,5,326.85,5,84.17
O02849,C177,P029,2025-01-17,4,1040.84,5,308.07
O02850,C044,P056,2025-01-08,10,2619.9,0,415.0
O02851,C022,P093,2025-11-08,3,161.55,15,44.93
O02852,C103,P065,2025-05-18,6,1166.4,10,298.62
O02853,C187,P054,2025-05-14,10,129.1,0,12.86
O02854,C193,P024,2025-10-15,4,292.2,15,47.24
O02855,C061,P020,2025-09-11,8,2090.24,10,194.35
O02856,C238,P022,2025-11-24,8,3793.6,10,315.29
O02857,C287,P018,2025-02-21,4,875.12,5,124.78
O02858,C057,P025,2025-09-12,4,139.08,0,14.9
O02859,C241,P069,2025-03-16,6,2317.8,0,258.67
O02860,C124,P006,2025-05-15,1,65.37,15,19.47
O02861,C126,P090,2025-08-10,8,2393.52,15,373.66
O02862,C241,P099,2025-04-05,4,618.84,5,45.85
O02863,C048,P047,2025-04-08,9,1782.99,15,205.98
O02864,C276,P064,2025-10-11,1,445.94,5,34.99
O02865,C061,P010,2025-05-08,10,2930.1,10,549.78
O02866,C026,P066,2025-07-18,10,790.6,15,221.32
O02867,C145,P094,2025-08-09,9,588.24,0,118.37
O02868,C151,P084,2025-11-18,7,2874.06,0,372.6
O02869,C295,P021,2025-05-30,2,252.18,15,27.69
O02870,C059,P020,2025-09-07,2,522.56,5,109.39
O02871,C164,P084,2025-02-12,6,2463.48,15,267.96
O02872,C252,P028,2025-12-29,7,1307.46,20,110.73
O02873,C091,P017,2025-05-19,10,3733.6,20,754.84
O02874,C255,P056,2025-11-27,1,261.99,15,70.25
O02875,C101,P056,2025-03-21,7,1833.93,20,153.71
O02876,C091,P009,2025-03-05,5,771.75,15,156.24
O02877,C228,P055,2025-04-18,10,2156.7,10,349.48
O02878,C137,P084,2025-09-04,4,1642.32,5,489.87
O02879,C261,P040,2025-08-23,5,2281.45,10,536.7
O02880,C172,P044,2025-02-18,6,222.6,20,11.77
O02881,C204,P068,2025-11-19,6,2197.86,10,485.21
O02882,C046,P082,2025-02-11,4,1550.8,15,419.27
O02883,C226,P003,2025-10-11,9,3925.98,20,1120.24
O02884,C281,P053,2025-09-30,6,2605.8,10,584.13
O02885,C257,P055,2025-04-13,10,2156.7,5,526.29
O02886,C021,P075,2025-05-19,1,418.32,0,70.09
O02887,C177,P028,2025-08-04,6,1120.68,0,114.58
O02888,C147,P019,2025-08-10,9,185.58,0,26.51
O02889,C090,P071,2025-07-27,1,289.19,0,28.72
O02890,C264,P058,2025-10-12,5,1008.15,10,153.4
O02891,C237,P013,2025-05-20,3,141.12,5,37.55
O02892,C027,P027,2025-06-18,1,273.37,10,40.67
O02893,C121,P055,2025-10-29,7,1509.69,0,127.19
O02894,C210,P005,2025-07-08,8,693.84,0,135.25
O02895,C106,P067,2025-06-07,7,1716.68,5,435.44
O02896,C119,P047,2025-05-25,4,792.44,5,123.39
O02897,C149,P018,2025-06-30,9,1969.02,10,146.96
O02898,C153,P001,2025-10-30,2,509.5,15,141.04
O02899,C250,P074,2025-12-23,10,2910.7,15,512.45
O02900,C097,P046,2025-09-22,8,336.72,10,91.37
O02901,C044,P081,2025-11-20,3,338.22,15,46.66
O02902,C084,P030,2025-06-17,7,1577.73,20,296.59
O02903,C242,P085,2025-10-11,2,912.22,20,160.55
O02904,C280,P052,2025-11-17,1,409.71,5,69.58
O02905,C288,P075,2025-12-21,7,2928.24,10,667.43
O02906,C025,P039,2025-05-19,6,2939.82,20,874.04
O02907,C139,P027,2025-09-27,6,1640.22,10,122.81
O02908,C257,P011,2025-03-06,6,290.1,20,50.22
O02909,C048,P035,2025-08-10,1,149.03,0,37.23
O02910,C070,P008,2025-10-28,10,2523.2,0,292.15
O02911,C227,P049,2025-05-02,5,2457.95,20,359.3
O02912,C157,P001,2025-12-18,2,509.5,0,69.62
O02913,C296,P011,2025-06-08,8,386.8,0,99.71
O02914,C194,P047,2025-05-31,10,1981.1,10,115.25
O02915,C203,P012,2025-03-30,2,906.3,5,204.89
O02916,C236,P065,2025-11-19,6,1166.4,5,242.03
O02917,C225,P041,2025-11-26,9,2404.08,10,152.15
O02918,C155,P002,2025-11-15,3,544.32,5,91.74
O02919,C133,P071,2025-04-21,8,2313.52,5,345.54
O02920,C160,P077,2025-05-18,3,1425.03,15,72.32
O02921,C106,P030,2025-12-05,6,1352.34,15,154.85
O02922,C251,P039,2025-08-14,2,979.94,0,174.16
O02923,C220,P092,2025-02-11,5,671.7,10,168.78
O02924,C228,P024,2025-12-28,10,730.5,5,124.23
O02925,C168,P019,2025-09-17,4,82.48,15,15.61
O02926,C111,P063,2025-11-18,6,1847.28,0,400.94
O02927,C274,P054,2025-12-07,1,12.91,15,1.94
O02928,C088,P057,2025-10-03,2,620.26,20,136.79
O02929,C163,P006,2025-11-24,2,130.74,15,17.36
O02930,C184,P009,2025-11-17,2,308.7,15,67.75
O02931,C274,P018,2025-02-01,6,1312.68,20,378.2
O02932,C013,P016,2025-01-20,6,179.52,15,25.33
O02933,C093,P066,2025-11-05,1,79.06,0,13.15
O02934,C020,P075,2025-10-04,3,1254.96,20,200.22
O02935,C135,P080,2025-09-06,1,322.73,5,19.67
O02936,C104,P096,2025-07-22,8,3501.44,0,661.27
O02937,C111,P004,2025-10-28,9,4015.89,15,468.82
O02938,C263,P098,2025-08-01,2,670.92,0,122.91
O02939,C165,P061,2025-05-24,9,1138.77,5,281.31
O02940,C062,P089,2025-02-02,8,1767.36,10,164.07
O02941,C019,P072,2025-09-14,3,82.59,5,5.17
O02942,C147,P061,2025-01-10,6,759.18,0,180.1
O02943,C085,P009,2025-01-01,10,1543.5,15,439.7
O02944,C226,P062,2025-02-10,4,670.8,5,179.55
O02945,C065,P072,2025-03-07,3,82.59,20,16.9
O02946,C019,P017,2025-09-09,4,1493.44,5,220.52
O02947,C291,P042,2025-10-19,3,1250.97,20,104.85
O02948,C021,P085,2025-02-13,3,1368.33,0,269.5
O02949,C039,P031,2025-03-23,8,559.2,15,121.43
O02950,C090,P011,2025-07-02,9,435.15,20,90.14
O02951,C204,P053,2025-07-02,6,2605.8,15,634.93
O02952,C175,P090,2025-08-28,5,1495.95,15,315.14
O02953,C220,P075,2025-12-16,6,2509.92,15,617.98
O02954,C121,P091,2025-09-10,9,3047.85,10,618.12
O02955,C250,P094,2025-02-24,10,653.6,15,62.71
O02956,C108,P094,2025-08-10,10,653.6,10,144.56
O02957,C073,P034,2025-09-22,8,3114.72,0,504.47
O02958,C194,P009,2025-12-29,9,1389.15,20,249.26
O02959,C247,P032,2025-01-07,2,492.32,0,111.09
O02960,C077,P086,2025-12-17,7,2603.65,10,737.49
O02961,C176,P061,2025-11-22,10,1265.3,20,186.64
O02962,C294,P015,2025-07-07,3,1100.91,0,226.96
O02963,C177,P038,2025-01-13,8,246.4,20,16.8
O02964,C090,P030,2025-03-11,8,1803.12,20,306.98
O02965,C187,P063,2025-11-14,3,923.64,10,195.6
O02966,C071,P094,2025-06-25,3,196.08,15,35.66
O02967,C043,P055,2025-04-16,7,1509.69,15,438.86
O02968,C241,P070,2025-07-04,9,2079.09,5,360.65
O02969,C261,P031,2025-08-18,9,629.1,0,100.72
O02970,C132,P007,2025-04-19,7,3162.39,20,354.87
O02971,C098,P019,2025-04-30,5,103.1,15,9.53
O02972,C187,P063,2025-11-23,3,923.64,0,253.97
O02973,C020,P085,2025-11-17,8,3648.88,0,962.75
O02974,C127,P007,2025-08-06,6,2710.62,20,234.07
O02975,C232,P010,2025-10-18,3,879.03,0,162.24
O02976,C247,P073,2025-03-13,2,197.46,15,55.28
O02977,C158,P094,2025-05-20,4,261.44,10,71.8
O02978,C274,P089,2025-07-26,9,1988.28,10,200.56
O02979,C268,P078,2025-07-28,8,3060.48,10,668.14
O02980,C106,P057,2025-07-08,2,620.26,10,184.95
O02981,C094,P084,2025-08-14,6,2463.48,5,466.45
O02982,C215,P006,2025-11-26,1,65.37,0,4.96
O02983,C291,P035,2025-01-28,10,1490.3,15,327.24
O02984,C090,P003,2025-04-04,5,2181.1,15,449.76
O02985,C245,P034,2025-12-01,3,1168.02,10,154.71
O02986,C216,P050,2025-03-13,10,4645.2,15,587.57
O02987,C092,P059,2025-06-09,9,3137.94,15,386.26
O02988,C170,P084,2025-12-24,4,1642.32,15,300.99
O02989,C093,P051,2025-06-21,9,145.89,10,41.16
O02990,C197,P057,2025-02-02,6,1860.78,5,288.91
O02991,C137,P006,2025-02-11,6,392.22,5,40.21
O02992,C181,P010,2025-11-27,10,2930.1,20,755.16
O02993,C097,P075,2025-07-26,1,418.32,0,40.55
O02994,C025,P057,2025-01-05,2,620.26,10,115.36
O02995,C205,P023,2025-06-15,9,3998.43,10,1072.05
O02996,C003,P060,2025-11-14,2,395.6,5,109.81
O02997,C025,P046,2025-06-28,10,420.9,20,123.81
O02998,C152,P074,2025-05-24,8,2328.56,20,385.84
O02999,C078,P092,2025-04-13,1,134.34,15,27.96
O03000,C092,P042,2025-11-23,6,2501.94,15,504.67
O03001,C186,P019,2025-05-05,7,144.34,15,28.26
O03002,C284,P047,2025-04-14,10,1981.1,5,414.98
O03003,C286,P079,2025-06-03,1,47.04,5,6.87
O03004,C245,P082,2025-10-08,9,3489.3,15,365.63
O03005,C239,P018,2025-04-04,5,1093.9,20,197.86
O03006,C060,P050,2025-08-12,10,4645.2,15,1345.84
O03007,C117,P093,2025-04-24,3,161.55,5,44.96
O03008,C077,P024,2025-05-02,2,146.1,10,24.38
O03009,C079,P047,2025-12-20,8,1584.88,0,246.62
O03010,C094,P016,2025-02-14,3,89.76,0,22.96
O03011,C022,P051,2025-02-21,6,97.26,10,17.14
O03012,C111,P007,2025-10-21,4,1807.08,20,326.24
O03013,C181,P070,2025-09-22,10,2310.1,20,140.21
O03014,C044,P084,2025-01-11,1,410.58,20,56.42
O03015,C290,P059,2025-02-25,6,2091.96,0,105.1
O03016,C257,P004,2025-02-19,2,892.42,20,186.32
O03017,C070,P056,2025-09-28,1,261.99,15,75.08
O03018,C165,P055,2025-12-12,6,1294.02,0,107.26
O03019,C080,P068,2025-06-27,5,1831.55,10,247.35
O03020,C285,P097,2025-10-12,7,1584.59,10,187.32
O03021,C144,P026,2025-08-21,8,3798.96,15,672.73
O03022,C041,P086,2025-10-14,9,3347.55,0,314.23
O03023,C209,P003,2025-05-17,5,2181.1,5,372.52
O03024,C010,P041,2025-10-29,6,1602.72,15,254.64
O03025,C038,P006,2025-06-23,3,196.11,20,40.34
O03026,C096,P023,2025-10-21,3,1332.81,10,366.68
O03027,C099,P023,2025-06-21,3,1332.81,0,333.87
O03028,C008,P040,2025-09-15,7,3194.03,10,379.7
O03029,C277,P001,2025-06-28,3,764.25,10,155.53
O03030,C085,P059,2025-04-26,8,2789.28,20,243.32
O03031,C129,P027,2025-05-04,6,1640.22,10,325.25
O03032,C113,P075,2025-11-13,3,1254.96,10,367.76
O03033,C173,P055,2025-07-09,3,647.01,15,160.01
O03034,C123,P058,2025-06-20,4,806.52,10,222.32
O03035,C002,P071,2025-07-21,3,867.57,20,185.29
O03036,C037,P022,2025-03-10,2,948.4,20,140.28
O03037,C055,P080,2025-03-24,2,645.46,0,86.63
O03038,C124,P068,2025-08-25,7,2564.17,15,370.73
O03039,C228,P061,2025-11-03,5,632.65,5,49.53
O03040,C120,P088,2025-07-28,1,289.01,5,82.22
O03041,C297,P013,2025-11-28,3,141.12,0,19.08
O03042,C213,P085,2025-03-06,3,1368.33,0,348.67
O03043,C195,P060,2025-01-28,9,1780.2,10,392.0
O03044,C175,P096,2025-07-11,2,875.36,10,187.14
O03045,C162,P046,2025-11-01,8,336.72,5,99.9
O03046,C058,P095,2025-07-29,2,354.32,0,98.24
O03047,C199,P070,2025-10-17,5,1155.05,15,256.16
O03048,C087,P012,2025-09-27,6,2718.9,15,419.49
O03049,C175,P043,2025-03-21,3,1123.2,20,198.98
O03050,C238,P014,2025-05-22,9,1433.52,5,305.16
O03051,C052,P036,2025-04-22,1,93.48,5,10.68
O03052,C085,P078,2025-08-11,8,3060.48,20,501.22
O03053,C186,P029,2025-10-14,5,1301.05,10,217.12
O03054,C289,P001,2025-02-27,10,2547.5,15,261.34
O03055,C281,P014,2025-10-01,8,1274.24,15,281.34
O03056,C216,P035,2025-12-05,8,1192.24,5,178.02
O03057,C135,P026,2025-05-21,9,4273.83,15,257.92
O03058,C264,P031,2025-12-04,9,629.1,0,66.41
O03059,C255,P044,2025-09-04,9,333.9,0,77.33
O03060,C030,P057,2025-02-11,6,1860.78,5,449.09
O03061,C003,P030,2025-09-20,7,1577.73,10,450.1
O03062,C297,P033,2025-05-18,5,1961.85,10,563.28
O03063,C035,P057,2025-10-07,6,1860.78,10,205.17
O03064,C197,P072,2025-04-27,5,137.65,15,15.5
O03065,C281,P022,2025-04-25,5,2371.0,0,641.3
O03066,C160,P039,2025-12-20,9,4409.73,0,421.04
O03067,C063,P060,2025-08-02,8,1582.4,20,87.17
O03068,C287,P018,2025-02-13,8,1750.24,20,128.96
O03069,C237,P094,2025-01-21,1,65.36,15,6.2
O03070,C145,P054,2025-05-30,4,51.64,15,14.34
O03071,C106,P066,2025-01-07,4,316.24,15,81.64
O03072,C226,P053,2025-11-22,6,2605.8,20,383.25
O03073,C126,P080,2025-07-13,6,1936.38,10,444.62
O03074,C289,P020,2025-06-29,5,1306.4,5,239.83
O03075,C217,P087,2025-11-05,3,691.32,20,75.42
O03076,C055,P083,2025-12-07,10,4654.8,0,463.91
O03077,C039,P035,2025-07-15,6,894.18,0,89.1
O03078,C256,P071,2025-08-09,9,2602.71,15,178.32
O03079,C160,P081,2025-01-26,2,225.48,5,44.16
O03080,C094,P029,2025-12-24,9,2341.89,10,635.77
O03081,C105,P037,2025-03-05,6,1977.0,5,487.54
O03082,C273,P065,2025-02-08,5,972.0,5,212.55
O03083,C265,P032,2025-06-07,1,246.16,5,66.55
O03084,C235,P027,2025-04-15,7,1913.59,0,273.08
O03085,C199,P096,2025-03-01,3,1313.04,0,80.13
O03086,C174,P098,2025-08-21,2,670.92,5,188.38
O03087,C217,P073,2025-05-02,2,197.46,15,56.12
O03088,C261,P027,2025-05-08,8,2186.96,10,236.05
O03089,C130,P006,2025-11-29,1,65.37,15,8.22
O03090,C200,P008,2025-11-01,5,1261.6,10,90.25
O03091,C068,P050,2025-12-26,1,464.52,10,71.42
O03092,C238,P004,2025-08-04,2,892.42,20,66.92
O03093,C168,P003,2025-10-08,9,3925.98,15,344.31
O03094,C190,P037,2025-09-30,9,2965.5,5,633.57
O03095,C046,P062,2025-03-13,3,503.1,20,115.06
O03096,C228,P006,2025-06-12,9,588.33,20,79.95
O03097,C113,P054,2025-08-14,2,25.82,20,7.68
O03098,C041,P001,2025-12-18,8,2038.0,20,458.55
O03099,C100,P063,2025-07-02,5,1539.4,0,94.17
O03100,C199,P009,2025-03-11,10,1543.5,15,337.25
O03101,C113,P008,2025-12-16,10,2523.2,0,337.67
O03102,C108,P057,2025-10-23,5,1550.65,15,290.12
O03103,C127,P013,2025-06-18,7,329.28,5,78.93
O03104,C187,P032,2025-05-02,6,1476.96,10,288.14
O03105,C017,P066,2025-10-10,6,474.36,5,92.26
O03106,C079,P060,2025-10-10,3,593.4,0,41.78
O03107,C004,P062,2025-05-30,9,1509.3,20,398.58
O03108,C209,P074,2025-01-12,2,582.14,0,36.9
O03109,C255,P047,2025-09-29,9,1782.99,0,382.69
O03110,C096,P097,2025-01-22,4,905.48,15,176.68
O03111,C153,P032,2025-08-21,10,2461.6,5,277.48
O03112,C061,P028,2025-08-01,1,186.78,20,16.96
O03113,C204,P005,2025-12-30,8,693.84,15,156.61
O03114,C300,P006,2025-03-27,2,130.74,10,32.09
O03115,C153,P057,2025-02-08,1,310.13,5,81.74
O03116,C082,P099,2025-04-03,5,773.55,15,117.32
O03117,C263,P088,2025-03-30,3,867.03,15,177.85
O03118,C075,P033,2025-07-13,3,1177.11,20,236.84
O03119,C122,P046,2025-12-17,1,42.09,20,6.65
O03120,C021,P057,2025-12-18,10,3101.3,0,620.44
O03121,C094,P022,2025-07-18,5,2371.0,0,282.47
O03122,C187,P080,2025-02-28,1,322.73,15,36.52
O03123,C225,P046,2025-02-28,8,336.72,5,33.68
O03124,C083,P048,2025-09-18,5,1961.0,0,537.3
O03125,C039,P018,2025-08-09,10,2187.8,15,487.8
O03126,C039,P062,2025-04-30,7,1173.9,15,315.4
O03127,C143,P005,2025-11-02,10,867.3,5,100.56
O03128,C182,P047,2025-05-25,1,198.11,5,55.63
O03129,C069,P080,2025-01-24,8,2581.84,20,510.25
O03130,C088,P058,2025-11-24,5,1008.15,0,295.8
O03131,C288,P047,2025-12-03,8,1584.88,15,193.27
O03132,C216,P090,2025-07-04,3,897.57,15,96.83
O03133,C206,P086,2025-02-20,3,1115.85,10,130.55
O03134,C232,P075,2025-05-11,6,2509.92,0,216.97
O03135,C173,P093,2025-04-15,3,161.55,5,11.36
O03136,C048,P057,2025-04-26,1,310.13,5,64.08
O03137,C253,P069,2025-10-25,3,1158.9,20,320.17
O03138,C268,P080,2025-11-25,7,2259.11,0,644.15
O03139,C128,P041,2025-05-22,8,2136.96,15,412.76
O03140,C212,P055,2025-04-15,3,647.01,0,163.64
O03141,C158,P053,2025-12-24,10,4343.0,15,1171.91
O03142,C059,P045,2025-04-16,3,567.87,15,127.85
O03143,C079,P040,2025-12-29,3,1368.87,5,214.59
O03144,C027,P036,2025-07-09,8,747.84,10,96.57
O03145,C050,P003,2025-05-16,4,1744.88,10,403.16
O03146,C139,P036,2025-12-23,1,93.48,15,12.69
O03147,C191,P028,2025-05-07,8,1494.24,0,263.22
O03148,C075,P074,2025-04-28,8,2328.56,5,333.19
O03149,C010,P031,2025-09-26,6,419.4,10,86.72
O03150,C159,P075,2025-06-24,10,4183.2,5,1057.62
O03151,C141,P025,2025-11-13,2,69.54,15,10.42
O03152,C227,P034,2025-01-22,6,2336.04,0,220.27
O03153,C296,P084,2025-06-20,5,2052.9,15,204.13
O03154,C127,P003,2025-02-01,6,2617.32,0,250.4
O03155,C149,P027,2025-11-05,4,1093.48,15,63.3
O03156,C042,P012,2025-11-24,6,2718.9,0,543.14
O03157,C118,P034,2025-05-28,1,389.34,20,85.87
O03158,C183,P034,2025-11-28,4,1557.36,15,100.83
O03159,C275,P042,2025-09-18,5,2084.95,15,574.75
O03160,C236,P007,2025-09-01,9,4065.93,10,1086.81
O03161,C063,P100,2025-06-05,7,829.99,0,70.74
O03162,C249,P070,2025-12-16,4,924.04,0,274.03
O03163,C170,P041,2025-05-06,8,2136.96,20,269.22
O03164,C008,P059,2025-11-23,1,348.66,20,29.25
O03165,C036,P003,2025-02-23,2,872.44,20,115.62
O03166,C164,P069,2025-07-21,7,2704.1,15,246.72
O03167,C260,P081,2025-10-09,1,112.74,10,30.91
O03168,C234,P100,2025-03-07,1,118.57,5,33.42
O03169,C283,P021,2025-02-15,4,504.36,0,53.74
O03170,C243,P084,2025-12-24,10,4105.8,0,800.45
O03171,C234,P083,2025-04-16,5,2327.4,10,238.98
O03172,C121,P072,2025-01-09,9,247.77,0,47.98
O03173,C194,P005,2025-10-04,3,260.19,20,47.1
O03174,C272,P035,2025-02-15,7,1043.21,0,87.51
O03175,C208,P048,2025-01-24,1,392.2,10,32.43
O03176,C189,P055,2025-12-25,7,1509.69,10,79.49
O03177,C152,P048,2025-09-25,10,3922.0,5,343.64
O03178,C118,P011,2025-08-12,1,48.35,20,10.65
O03179,C028,P095,2025-01-20,10,1771.6,15,190.37
O03180,C300,P100,2025-06-04,9,1067.13,5,230.92
O03181,C280,P027,2025-07-09,9,2460.33,15,719.61
O03182,C111,P096,2025-09-25,2,875.36,5,223.4
O03183,C047,P042,2025-12-03,7,2918.93,0,547.98
O03184,C261,P098,2025-01-07,2,670.92,20,177.7
O03185,C177,P029,2025-05-13,6,1561.26,0,359.88
O03186,C212,P062,2025-11-05,3,503.1,10,71.71
O03187,C195,P019,2025-03-12,6,123.72,20,9.09
O03188,C145,P087,2025-07-14,7,1613.08,10,199.6
O03189,C270,P085,2025-09-18,5,2280.55,20,545.57
O03190,C199,P019,2025-05-19,10,206.2,20,39.13
O03191,C254,P028,2025-09-27,9,1681.02,10,161.27
O03192,C272,P100,2025-04-01,9,1067.13,5,204.78
O03193,C252,P052,2025-02-12,3,1229.13,0,302.73
O03194,C254,P036,2025-02-25,1,93.48,15,27.87
O03195,C239,P071,2025-08-29,3,867.57,5,213.94
O03196,C231,P078,2025-04-08,1,382.56,15,112.47
O03197,C159,P027,2025-09-01,8,2186.96,5,618.92
O03198,C159,P055,2025-07-13,7,1509.69,10,119.73
O03199,C091,P040,2025-02-21,9,4106.61,10,1112.3
O03200,C061,P037,2025-10-18,9,2965.5,20,326.12
O03201,C100,P088,2025-10-24,2,578.02,5,140.88
O03202,C291,P070,2025-10-18,8,1848.08,5,135.89
O03203,C113,P042,2025-01-29,4,1667.96,15,107.46
O03204,C208,P100,2025-11-20,4,474.28,20,63.38
O03205,C145,P001,2025-03-27,1,254.75,15,45.5
O03206,C178,P082,2025-11-22,7,2713.9,5,691.12
O03207,C257,P042,2025-08-22,8,3335.92,20,482.19
O03208,C250,P026,2025-05-19,6,2849.22,15,617.82
O03209,C265,P091,2025-09-16,10,3386.5,5,968.81
O03210,C189,P084,2025-11-04,7,2874.06,10,716.86
O03211,C154,P027,2025-09-11,4,1093.48,20,208.45
O03212,C133,P064,2025-09-12,3,1337.82,0,248.99
O03213,C061,P053,2025-09-21,8,3474.4,0,243.82
O03214,C180,P097,2025-07-19,6,1358.22,20,208.4
O03215,C029,P097,2025-09-10,6,1358.22,5,101.55
O03216,C226,P064,2025-06-22,4,1783.76,10,435.17
O03217,C076,P099,2025-04-26,4,618.84,15,108.93
O03218,C002,P098,2025-08-04,9,3019.14,20,441.5
O03219,C205,P008,2025-01-26,5,1261.6,5,115.93
O03220,C196,P019,2025-06-19,10,206.2,0,54.56
O03221,C273,P049,2025-05-18,4,1966.36,0,353.33
O03222,C243,P003,2025-06-08,5,2181.1,10,212.41
O03223,C201,P079,2025-04-15,10,470.4,0,86.35
O03224,C232,P063,2025-02-04,9,2770.92,20,398.23
O03225,C161,P007,2025-05-20,1,451.77,15,37.86
O03226,C165,P021,2025-01-23,9,1134.81,0,292.53
O03227,C224,P030,2025-10-17,10,2253.9,15,665.47
O03228,C114,P042,2025-04-07,8,3335.92,5,321.44
O03229,C107,P001,2025-10-29,9,2292.75,5,610.06
O03230,C226,P097,2025-11-07,3,679.11,0,144.36
O03231,C219,P036,2025-08-25,8,747.84,10,193.64
O03232,C250,P067,2025-08-11,10,2452.4,5,631.33
O03233,C167,P093,2025-06-18,6,323.1,0,90.03
O03234,C122,P015,2025-01-01,6,2201.82,15,120.39
O03235,C293,P011,2025-10-10,1,48.35,0,9.5
O03236,C032,P012,2025-10-06,7,3172.05,15,461.27
O03237,C226,P003,2025-07-22,6,2617.32,5,293.99
O03238,C165,P024,2025-02-13,7,511.35,15,39.5
O03239,C108,P092,2025-02-15,9,1209.06,10,103.45
O03240,C033,P074,2025-04-18,3,873.21,15,257.7
O03241,C002,P100,2025-11-25,5,592.85,0,133.6
O03242,C160,P035,2025-09-07,4,596.12,5,115.75
O03243,C210,P030,2025-08-18,1,225.39,5,49.81
O03244,C031,P048,2025-02-10,2,784.4,20,183.47
O03245,C155,P079,2025-05-24,3,141.12,0,27.09
O03246,C219,P047,2025-02-14,1,198.11,5,20.83
O03247,C225,P024,2025-05-08,3,219.15,5,18.07
O03248,C124,P037,2025-09-13,3,988.5,5,248.77
O03249,C063,P050,2025-09-08,10,4645.2,10,552.33
O03250,C079,P068,2025-06-21,9,3296.79,10,981.41
O03251,C225,P015,2025-06-15,7,2568.79,20,422.46
O03252,C232,P038,2025-08-14,3,92.4,0,20.98
O03253,C022,P034,2025-03-04,10,3893.4,10,286.04
O03254,C042,P006,2025-10-29,3,196.11,20,56.75
O03255,C007,P058,2025-09-20,8,1613.04,15,340.49
O03256,C228,P090,2025-01-17,3,897.57,10,194.26
O03257,C068,P078,2025-08-20,3,1147.68,10,220.53
O03258,C211,P078,2025-08-19,2,765.12,5,143.0
O03259,C032,P014,2025-04-08,8,1274.24,20,172.28
O03260,C153,P071,2025-02-21,10,2891.9,0,522.51
O03261,C279,P097,2025-12-29,6,1358.22,0,126.27
O03262,C068,P077,2025-09-24,8,3800.08,10,968.0
O03263,C250,P082,2025-03-14,4,1550.8,5,194.28
O03264,C015,P022,2025-01-23,5,2371.0,0,204.48
O03265,C098,P004,2025-03-03,8,3569.68,20,949.09
O03266,C084,P093,2025-07-23,3,161.55,10,24.35
O03267,C254,P021,2025-10-04,1,126.09,15,28.62
O03268,C213,P071,2025-07-13,9,2602.71,5,709.35
O03269,C063,P006,2025-08-24,2,130.74,20,16.86
O03270,C197,P069,2025-03-15,1,386.3,20,104.82
O03271,C159,P062,2025-06-21,6,1006.2,20,116.68
O03272,C080,P025,2025-11-18,9,312.93,0,63.6
O03273,C054,P088,2025-03-12,3,867.03,5,245.87
O03274,C204,P090,2025-06-26,6,1795.14,5,302.77
O03275,C134,P033,2025-10-04,1,392.37,15,71.34
O03276,C272,P070,2025-01-26,8,1848.08,20,527.59
O03277,C268,P033,2025-05-04,2,784.74,15,198.6
O03278,C210,P090,2025-10-23,6,1795.14,10,471.72
O03279,C272,P084,2025-04-05,3,1231.74,20,337.28
O03280,C098,P038,2025-08-14,10,308.0,15,53.73
O03281,C261,P020,2025-11-24,8,2090.24,5,381.95
O03282,C166,P074,2025-05-08,7,2037.49,15,197.8
O03283,C219,P045,2025-07-09,3,567.87,5,120.84
O03284,C246,P045,2025-09-03,5,946.45,15,56.38
O03285,C212,P001,2025-07-07,4,1019.0,20,254.4
O03286,C126,P100,2025-12-02,4,474.28,10,98.25
O03287,C092,P014,2025-04-03,9,1433.52,10,78.29
O03288,C203,P033,2025-06-20,4,1569.48,5,181.43
O03289,C175,P026,2025-12-28,6,2849.22,0,385.29
O03290,C105,P045,2025-02-04,7,1325.03,5,193.38
O03291,C004,P071,2025-05-29,1,289.19,10,18.92
O03292,C272,P090,2025-08-04,6,1795.14,15,526.35
O03293,C125,P043,2025-01-15,5,1872.0,20,105.72
O03294,C062,P096,2025-05-22,9,3939.12,20,1007.72
O03295,C219,P088,2025-01-14,4,1156.04,15,188.75
O03296,C196,P083,2025-09-23,6,2792.88,10,323.93
O03297,C290,P093,2025-04-02,8,430.8,20,26.52
O03298,C228,P005,2025-12-02,6,520.38,10,87.88
O03299,C281,P016,2025-06-12,4,119.68,0,20.34
O03300,C208,P010,2025-10-25,10,2930.1,20,598.93
O03301,C067,P079,2025-03-02,8,376.32,10,85.44
O03302,C007,P008,2025-03-03,8,2018.56,10,566.46
O03303,C077,P044,2025-10-18,5,185.5,0,50.73
O03304,C240,P011,2025-01-14,6,290.1,10,53.25
O03305,C055,P018,2025-09-01,8,1750.24,10,318.14
O03306,C198,P062,2025-01-10,4,670.8,5,102.09
O03307,C118,P070,2025-05-09,1,231.01,10,68.42
O03308,C007,P039,2025-08-16,3,1469.91,15,407.7
O03309,C046,P061,2025-01-18,6,759.18,10,172.61
O03310,C084,P091,2025-10-21,3,1015.95,15,81.26
O03311,C133,P081,2025-11-18,2,225.48,0,18.63
O03312,C083,P068,2025-04-26,6,2197.86,0,455.27
O03313,C115,P022,2025-10-11,8,3793.6,10,654.77
O03314,C257,P069,2025-09-06,9,3476.7,20,746.35
O03315,C256,P052,2025-12-08,10,4097.1,5,632.34
O03316,C208,P069,2025-04-05,4,1545.2,15,87.09
O03317,C145,P056,2025-09-20,7,1833.93,5,130.77
O03318,C168,P086,2025-05-31,6,2231.7,10,664.76
O03319,C051,P024,2025-08-04,3,219.15,5,15.9
O03320,C287,P052,2025-10-14,9,3687.39,20,1000.12
O03321,C259,P071,2025-12-16,5,1445.95,15,108.93
O03322,C269,P003,2025-12-15,5,2181.1,15,479.68
O03323,C074,P067,2025-08-29,7,1716.68,20,249.19
O03324,C182,P044,2025-11-04,3,111.3,10,16.27
O03325,C042,P005,2025-07-27,3,260.19,20,21.61
O03326,C214,P011,2025-01-02,8,386.8,0,52.61
O03327,C220,P074,2025-08-06,1,291.07,5,51.27
O03328,C122,P100,2025-10-30,3,355.71,0,25.43
O03329,C074,P074,2025-08-27,5,1455.35,15,428.85
O03330,C196,P060,2025-11-23,5,989.0,5,51.13
O03331,C194,P048,2025-01-19,2,784.4,10,160.48
O03332,C295,P019,2025-03-31,1,20.62,0,2.53
O03333,C299,P054,2025-06-30,5,64.55,0,11.77
O03334,C160,P094,2025-09-11,9,588.24,20,50.91
O03335,C164,P037,2025-05-02,1,329.5,15,98.62
O03336,C135,P055,2025-09-12,6,1294.02,10,350.78
O03337,C069,P029,2025-12-19,8,2081.68,15,516.65
O03338,C031,P072,2025-07-04,8,220.24,5,40.1
O03339,C051,P028,2025-03-15,6,1120.68,20,185.16
O03340,C300,P006,2025-06-13,1,65.37,10,6.48
O03341,C073,P082,2025-05-20,3,1163.1,10,96.74
O03342,C167,P055,2025-01-04,5,1078.35,0,307.44
O03343,C195,P008,2025-09-01,6,1513.92,20,405.07
O03344,C202,P022,2025-07-31,2,948.4,0,101.7
O03345,C233,P076,2025-03-18,1,21.06,5,3.69
O03346,C059,P076,2025-02-12,3,63.18,5,16.36
O03347,C200,P016,2025-01-19,3,89.76,20,13.05
O03348,C099,P071,2025-04-22,8,2313.52,20,513.83
O03349,C174,P035,2025-11-30,8,1192.24,20,143.95
O03350,C092,P064,2025-05-05,4,1783.76,20,428.78
O03351,C048,P015,2025-09-18,10,3669.7,20,451.36
O03352,C272,P070,2025-10-29,6,1386.06,15,279.36
O03353,C205,P086,2025-08-21,5,1859.75,0,480.38
O03354,C019,P090,2025-01-15,7,2094.33,5,524.98
O03355,C290,P080,2025-05-13,3,968.19,15,216.08
O03356,C126,P020,2025-11-15,1,261.28,10,74.78
O03357,C273,P088,2025-06-09,10,2890.1,20,590.38
O03358,C177,P022,2025-01-03,10,4742.0,0,1094.61
O03359,C056,P014,2025-01-25,7,1114.96,20,195.66
O03360,C200,P094,2025-11-15,6,392.16,10,26.63
O03361,C096,P077,2025-06-13,10,4750.1,10,317.13
O03362,C145,P060,2025-08-28,9,1780.2,5,223.46
O03363,C153,P087,2025-07-25,9,2073.96,5,562.57
O03364,C256,P090,2025-04-24,9,2692.71,20,387.52
O03365,C106,P045,2025-08-17,3,567.87,15,142.03
O03366,C174,P091,2025-03-24,3,1015.95,20,116.58
O03367,C249,P007,2025-04-08,9,4065.93,20,615.51
O03368,C015,P015,2025-05-07,8,2935.76,15,246.08
O03369,C172,P027,2025-08-07,1,273.37,20,19.45
O03370,C043,P093,2025-02-12,5,269.25,15,21.35
O03371,C072,P091,2025-05-20,1,338.65,10,86.17
O03372,C081,P094,2025-11-03,2,130.72,15,13.05
O03373,C136,P029,2025-08-17,2,520.42,0,111.61
O03374,C300,P038,2025-11-16,8,246.4,10,64.47
O03375,C080,P009,2025-11-07,4,617.4,10,92.47
O03376,C140,P013,2025-02-03,3,141.12,15,19.54
O03377,C130,P057,2025-11-10,10,3101.3,20,231.58
O03378,C127,P016,2025-11-27,3,89.76,5,7.58
O03379,C020,P089,2025-03-26,9,1988.28,0,561.71
O03380,C192,P078,2025-12-10,2,765.12,5,128.34
O03381,C121,P061,2025-06-28,1,126.53,5,36.92
O03382,C160,P011,2025-08-23,4,193.4,0,27.39
O03383,C086,P049,2025-09-16,8,3932.72,5,277.09
O03384,C051,P100,2025-11-04,5,592.85,5,80.53
O03385,C274,P063,2025-08-10,4,1231.52,20,306.75
O03386,C174,P037,2025-03-08,1,329.5,10,48.3
O03387,C157,P092,2025-07-27,5,671.7,0,59.9
O03388,C263,P024,2025-12-20,9,657.45,15,73.21
O03389,C052,P033,2025-10-21,5,1961.85,0,452.67
O03390,C143,P033,2025-07-30,8,3138.96,0,786.8
O03391,C221,P037,2025-09-12,8,2636.0,20,244.99
O03392,C004,P044,2025-05-05,2,74.2,0,9.59
O03393,C089,P095,2025-07-26,2,354.32,10,44.6
O03394,C094,P031,2025-10-29,7,489.3,20,136.26
O03395,C166,P004,2025-09-28,4,1784.84,0,473.35
O03396,C260,P067,2025-12-08,7,1716.68,15,461.85
O03397,C069,P029,2025-09-10,7,1821.47,10,174.59
O03398,C222,P053,2025-02-19,10,4343.0,20,1054.22
O03399,C195,P011,2025-04-03,10,483.5,20,141.69
O03400,C092,P007,2025-08-03,7,3162.39,5,631.96
O03401,C240,P028,2025-09-30,5,933.9,0,151.4
O03402,C091,P067,2025-06-08,9,2207.16,20,492.74
O03403,C091,P074,2025-07-31,6,1746.42,0,447.65
O03404,C181,P036,2025-12-11,7,654.36,10,50.27
O03405,C251,P072,2025-09-01,9,247.77,20,22.12
O03406,C159,P099,2025-08-08,7,1082.97,0,56.54
O03407,C037,P068,2025-02-11,9,3296.79,20,954.21
O03408,C042,P001,2025-07-01,1,254.75,5,69.45
O03409,C300,P035,2025-05-24,7,1043.21,10,312.47
O03410,C032,P088,2025-01-16,4,1156.04,0,64.54
O03411,C271,P008,2025-04-10,7,1766.24,20,156.84
O03412,C019,P012,2025-01-30,7,3172.05,10,323.96
O03413,C204,P081,2025-08-29,1,112.74,10,7.75
O03414,C164,P056,2025-02-15,8,2095.92,0,481.08
O03415,C040,P057,2025-01-16,6,1860.78,0,247.11
O03416,C179,P041,2025-09-20,1,267.12,15,33.74
O03417,C196,P090,2025-03-20,1,299.19,5,71.21
O03418,C174,P046,2025-06-04,3,126.27,0,11.03
O03419,C040,P023,2025-03-28,7,3109.89,10,397.48
O03420,C177,P031,2025-04-20,5,349.5,15,20.38
O03421,C269,P097,2025-04-19,4,905.48,15,207.45
O03422,C068,P076,2025-01-08,8,168.48,20,25.83
O03423,C225,P030,2025-01-01,8,1803.12,20,460.5
O03424,C043,P079,2025-09-30,7,329.28,5,55.1
O03425,C261,P079,2025-09-17,4,188.16,0,51.68
O03426,C099,P052,2025-08-09,8,3277.68,15,470.15
O03427,C140,P056,2025-11-28,7,1833.93,0,264.37
O03428,C207,P082,2025-08-07,6,2326.2,15,480.86
O03429,C222,P016,2025-06-13,1,29.92,15,7.97
O03430,C128,P094,2025-01-21,10,653.6,20,78.87
O03431,C165,P044,2025-06-30,1,37.1,5,3.13
O03432,C031,P007,2025-03-28,6,2710.62,15,714.92
O03433,C206,P015,2025-07-04,4,1467.88,10,389.49
O03434,C104,P044,2025-02-16,1,37.1,15,6.7
O03435,C128,P085,2025-06-12,1,456.11,20,123.97
O03436,C223,P046,2025-12-07,2,84.18,15,12.65
O03437,C067,P065,2025-12-28,4,777.6,5,175.31
O03438,C250,P014,2025-02-23,1,159.28,5,47.76
O03439,C078,P018,2025-01-25,2,437.56,20,98.82
O03440,C153,P037,2025-06-08,8,2636.0,0,237.87
O03441,C260,P092,2025-11-16,10,1343.4,15,189.39
O03442,C018,P034,2025-04-26,2,778.68,5,131.19
O03443,C036,P072,2025-09-01,6,165.18,5,23.29
O03444,C045,P064,2025-05-15,5,2229.7,10,666.78
O03445,C178,P024,2025-09-16,3,219.15,15,63.16
O03446,C079,P057,2025-01-10,10,3101.3,15,642.91
O03447,C036,P034,2025-08-07,6,2336.04,10,145.16
O03448,C154,P035,2025-06-12,6,894.18,5,133.13
O03449,C042,P079,2025-12-18,8,376.32,10,23.13
O03450,C093,P094,2025-06-22,10,653.6,20,108.17
O03451,C082,P032,2025-08-24,1,246.16,0,18.25
O03452,C245,P059,2025-05-24,10,3486.6,20,802.53
O03453,C233,P069,2025-03-03,2,772.6,5,47.73
O03454,C075,P058,2025-07-19,10,2016.3,0,596.49
O03455,C096,P086,2025-10-05,5,1859.75,5,307.05
O03456,C122,P015,2025-02-09,8,2935.76,0,391.41
O03457,C235,P039,2025-03-29,8,3919.76,20,561.25
O03458,C013,P055,2025-01-26,4,862.68,0,195.52
O03459,C243,P097,2025-04-05,1,226.37,20,34.62
O03460,C252,P093,2025-12-20,8,430.8,5,127.32
O03461,C236,P090,2025-11-27,3,897.57,0,135.21
O03462,C210,P048,2025-09-27,9,3529.8,15,977.87
O03463,C235,P072,2025-11-15,5,137.65,20,8.85
O03464,C186,P091,2025-05-10,1,338.65,0,43.01
O03465,C242,P011,2025-06-16,4,193.4,10,32.99
O03466,C195,P062,2025-07-18,1,167.7,15,19.99
O03467,C230,P091,2025-06-23,7,2370.55,5,533.31
O03468,C208,P011,2025-05-04,4,193.4,5,50.11
O03469,C151,P077,2025-07-11,7,3325.07,0,370.68
O03470,C192,P096,2025-07-03,1,437.68,5,48.59
O03471,C124,P001,2025-05-22,8,2038.0,5,111.48
O03472,C182,P009,2025-02-20,7,1080.45,0,235.34
O03473,C213,P079,2025-04-05,10,470.4,5,42.37
O03474,C046,P005,2025-10-08,8,693.84,20,77.19
O03475,C253,P062,2025-12-04,7,1173.9,15,197.35
O03476,C059,P087,2025-05-31,8,1843.52,5,304.54
O03477,C166,P066,2025-12-29,5,395.3,0,82.26
O03478,C285,P062,2025-06-30,5,838.5,10,240.72
O03479,C083,P005,2025-05-31,5,433.65,5,56.97
O03480,C268,P011,2025-03-09,3,145.05,5,42.56
O03481,C016,P034,2025-02-22,2,778.68,5,227.29
O03482,C225,P054,2025-02-10,6,77.46,0,20.53
O03483,C023,P052,2025-04-09,6,2458.26,15,453.16
O03484,C191,P075,2025-10-16,9,3764.88,10,651.18
O03485,C161,P046,2025-04-10,8,336.72,20,88.36
O03486,C300,P096,2025-04-28,4,1750.72,20,143.77
O03487,C190,P041,2025-10-16,2,534.24,5,126.29
O03488,C277,P027,2025-03-19,5,1366.85,0,236.8
O03489,C184,P076,2025-05-05,4,84.24,20,13.83
O03490,C050,P050,2025-02-23,4,1858.08,20,454.78
O03491,C133,P051,2025-12-05,7,113.47,20,15.44
O03492,C283,P039,2025-05-17,4,1959.88,5,254.9
O03493,C148,P080,2025-04-21,7,2259.11,5,488.7
O03494,C032,P014,2025-10-10,10,1592.8,20,397.38
O03495,C250,P042,2025-10-03,1,416.99,0,113.73
O03496,C235,P003,2025-02-14,10,4362.2,10,575.19
O03497,C154,P018,2025-03-15,6,1312.68,0,202.3
O03498,C026,P014,2025-03-15,8,1274.24,10,142.23
O03499,C274,P087,2025-04-22,3,691.32,20,90.74
O03500,C067,P034,2025-09-28,6,2336.04,0,630.03
O03501,C137,P090,2025-10-16,7,2094.33,0,225.02
O03502,C218,P057,2025-11-27,8,2481.04,0,550.94
O03503,C106,P071,2025-11-22,9,2602.71,5,525.34
O03504,C110,P001,2025-11-22,10,2547.5,10,286.55
O03505,C273,P069,2025-02-19,9,3476.7,10,585.11
O03506,C239,P090,2025-08-10,2,598.38,0,152.37
O03507,C130,P094,2025-08-05,10,653.6,15,196.06
O03508,C146,P088,2025-09-29,2,578.02,0,140.31
O03509,C289,P080,2025-10-04,8,2581.84,20,174.67
O03510,C071,P062,2025-01-03,8,1341.6,0,160.02
O03511,C047,P027,2025-08-08,5,1366.85,10,323.58
O03512,C218,P097,2025-06-15,7,1584.59,15,207.11
O03513,C199,P081,2025-11-12,9,1014.66,5,239.21
O03514,C119,P025,2025-07-17,2,69.54,15,16.09
O03515,C179,P044,2025-08-29,7,259.7,10,46.88
O03516,C030,P062,2025-10-08,3,503.1,10,74.9
O03517,C107,P017,2025-04-28,6,2240.16,10,517.29
O03518,C176,P037,2025-04-28,9,2965.5,5,348.11
O03519,C278,P009,2025-06-15,8,1234.8,10,196.64
O03520,C175,P021,2025-05-11,6,756.54,20,53.76
O03521,C159,P018,2025-09-29,8,1750.24,20,454.42
O03522,C170,P081,2025-12-08,9,1014.66,5,298.45
O03523,C199,P036,2025-07-24,4,373.92,20,90.59
O03524,C069,P087,2025-11-29,9,2073.96,15,426.86
O03525,C182,P056,2025-07-03,6,1571.94,5,135.55
O03526,C104,P086,2025-02-18,4,1487.8,5,139.35
O03527,C150,P038,2025-04-04,1,30.8,15,1.74
O03528,C050,P033,2025-08-10,2,784.74,0,67.36
O03529,C036,P017,2025-09-18,9,3360.24,10,217.49
O03530,C271,P057,2025-02-27,10,3101.3,15,474.76
O03531,C249,P097,2025-09-30,4,905.48,0,135.17
O03532,C275,P032,2025-07-18,2,492.32,10,97.26
O03533,C110,P070,2025-08-31,7,1617.07,0,324.3
O03534,C088,P071,2025-05-14,2,578.38,20,30.93
O03535,C130,P084,2025-02-23,6,2463.48,0,239.59
O03536,C234,P061,2025-05-04,6,759.18,20,138.71
O03537,C238,P059,2025-07-28,8,2789.28,0,664.8
O03538,C094,P078,2025-04-02,6,2295.36,5,328.85
O03539,C298,P006,2025-10-07,1,65.37,20,5.68
O03540,C154,P015,2025-04-06,5,1834.85,10,541.12
O03541,C019,P055,2025-07-09,6,1294.02,20,285.42
O03542,C213,P063,2025-01-26,1,307.88,20,56.67
O03543,C182,P033,2025-08-09,9,3531.33,15,549.71
O03544,C222,P013,2025-01-10,5,235.2,15,46.44
O03545,C105,P003,2025-12-04,2,872.44,10,204.45
O03546,C113,P083,2025-03-31,7,3258.36,15,945.27
O03547,C006,P062,2025-05-25,5,838.5,20,85.11
O03548,C094,P035,2025-09-19,1,149.03,5,31.51
O03549,C261,P061,2025-09-08,3,379.59,20,88.8
O03550,C130,P001,2025-08-19,1,254.75,10,20.22
O03551,C274,P008,2025-12-07,6,1513.92,20,325.01
O03552,C200,P087,2025-10-11,1,230.44,20,56.73
O03553,C056,P086,2025-10-21,3,1115.85,5,142.88
O03554,C086,P005,2025-08-15,6,520.38,5,61.13
O03555,C132,P095,2025-06-29,4,708.64,0,181.87
O03556,C102,P073,2025-04-30,6,592.38,5,61.51
O03557,C244,P008,2025-04-08,7,1766.24,5,323.15
O03558,C084,P013,2025-06-14,4,188.16,5,52.74
O03559,C011,P021,2025-03-05,10,1260.9,0,366.19
O03560,C109,P087,2025-09-29,5,1152.2,0,277.5
O03561,C032,P033,2025-04-28,6,2354.22,10,556.51
O03562,C220,P009,2025-02-21,7,1080.45,20,132.15
O03563,C132,P076,2025-07-04,2,42.12,15,12.43
O03564,C006,P067,2025-11-17,1,245.24,20,27.19
O03565,C179,P100,2025-05-04,1,118.57,0,29.76
O03566,C015,P015,2025-04-20,5,1834.85,15,251.17
O03567,C218,P080,2025-07-07,9,2904.57,10,503.47
O03568,C282,P032,2025-08-07,6,1476.96,15,401.62
O03569,C212,P008,2025-01-24,4,1009.28,0,79.0
O03570,C006,P073,2025-09-02,4,394.92,15,60.53
O03571,C189,P018,2025-01-23,5,1093.9,5,200.65
O03572,C097,P062,2025-07-28,2,335.4,10,44.04
O03573,C225,P030,2025-05-05,9,2028.51,15,211.78
O03574,C263,P078,2025-08-11,5,1912.8,10,123.41
O03575,C250,P039,2025-05-22,5,2449.85,10,525.5
O03576,C222,P091,2025-04-26,7,2370.55,0,397.2
O03577,C128,P051,2025-08-06,8,129.68,10,25.81
O03578,C275,P095,2025-11-13,4,708.64,5,150.25
O03579,C274,P017,2025-08-16,5,1866.8,20,214.99
O03580,C104,P059,2025-05-04,2,697.32,20,188.68
O03581,C146,P078,2025-04-19,5,1912.8,15,96.5
O03582,C217,P044,2025-07-08,2,74.2,10,21.16
O03583,C260,P007,2025-05-13,10,4517.7,5,571.86
O03584,C120,P071,2025-01-11,9,2602.71,0,242.28
O03585,C194,P089,2025-10-30,8,1767.36,10,280.67
O03586,C088,P051,2025-08-10,1,16.21,0,2.5
O03587,C252,P075,2025-12-16,5,2091.6,5,173.92
O03588,C035,P016,2025-12-31,6,179.52,15,49.52
O03589,C265,P047,2025-11-15,10,1981.1,10,235.85
O03590,C094,P015,2025-05-03,10,3669.7,15,189.69
O03591,C066,P037,2025-07-02,9,2965.5,10,551.16
O03592,C238,P020,2025-03-19,1,261.28,0,22.8
O03593,C089,P071,2025-06-25,4,1156.76,5,201.13
O03594,C157,P078,2025-09-10,5,1912.8,0,346.91
O03595,C205,P062,2025-03-21,1,167.7,15,17.79
O03596,C129,P081,2025-09-21,10,1127.4,20,152.11
O03597,C219,P021,2025-05-18,2,252.18,0,22.83
O03598,C137,P083,2025-05-04,2,930.96,20,252.03
O03599,C143,P071,2025-10-13,10,2891.9,20,225.82
O03600,C292,P050,2025-04-04,3,1393.56,15,105.81
O03601,C216,P031,2025-04-14,3,209.7,10,49.77
O03602,C120,P094,2025-06-21,5,326.8,5,38.01
O03603,C284,P091,2025-05-03,6,2031.9,10,283.71
O03604,C239,P079,2025-09-24,2,94.08,15,8.23
O03605,C206,P077,2025-10-25,4,1900.04,5,220.38
O03606,C075,P064,2025-08-22,10,4459.4,5,818.29
O03607,C139,P084,2025-01-09,9,3695.22,15,869.0
O03608,C201,P038,2025-09-11,5,154.0,20,16.95
O03609,C122,P059,2025-04-03,1,348.66,15,45.06
O03610,C037,P088,2025-09-21,5,1445.05,20,84.74
O03611,C023,P018,2025-10-07,6,1312.68,20,378.23
O03612,C220,P094,2025-03-30,5,326.8,5,26.92
O03613,C286,P021,2025-10-29,4,504.36,5,46.56
O03614,C046,P049,2025-09-08,7,3441.13,5,873.1
O03615,C048,P066,2025-08-08,10,790.6,5,161.01
O03616,C156,P091,2025-05-30,8,2709.2,15,297.86
O03617,C125,P087,2025-10-31,9,2073.96,10,616.87
O03618,C098,P055,2025-11-05,7,1509.69,0,243.36
O03619,C274,P032,2025-08-28,9,2215.44,0,590.09
O03620,C164,P037,2025-07-28,7,2306.5,15,146.02
O03621,C242,P095,2025-12-23,4,708.64,15,156.97
O03622,C223,P060,2025-06-22,6,1186.8,5,329.95
O03623,C110,P095,2025-03-02,2,354.32,10,21.8
O03624,C012,P052,2025-07-14,5,2048.55,20,379.12
O03625,C156,P026,2025-11-26,2,949.74,15,63.14
O03626,C248,P044,2025-02-16,5,185.5,10,49.5
O03627,C249,P065,2025-06-25,1,194.4,15,18.71
O03628,C122,P081,2025-08-11,4,450.96,20,34.18
O03629,C237,P072,2025-04-29,4,110.12,5,7.87
O03630,C207,P016,2025-03-19,8,239.36,0,69.0
O03631,C234,P075,2025-12-31,9,3764.88,20,393.37
O03632,C052,P060,2025-05-08,8,1582.4,20,462.99
O03633,C028,P012,2025-03-29,5,2265.75,10,630.51
O03634,C001,P044,2025-10-17,9,333.9,10,62.03
O03635,C129,P046,2025-02-05,5,210.45,10,38.62
O03636,C009,P031,2025-08-09,7,489.3,20,145.57
O03637,C057,P075,2025-06-03,10,4183.2,15,855.51
O03638,C210,P080,2025-08-22,9,2904.57,10,197.14
O03639,C144,P067,2025-02-10,10,2452.4,0,682.77
O03640,C212,P070,2025-09-06,6,1386.06,0,219.65
O03641,C169,P011,2025-05-26,9,435.15,20,26.43
O03642,C027,P067,2025-03-29,3,735.72,10,146.26
O03643,C061,P048,2025-09-01,5,1961.0,5,103.94
O03644,C181,P029,2025-12-05,7,1821.47,20,544.27
O03645,C289,P013,2025-12-22,7,329.28,10,51.59
O03646,C271,P005,2025-04-13,5,433.65,15,123.5
O03647,C108,P067,2025-07-02,2,490.48,10,109.49
O03648,C025,P083,2025-06-11,1,465.48,5,45.97
O03649,C279,P097,2025-03-06,4,905.48,0,73.64
O03650,C193,P001,2025-01-29,1,254.75,20,56.79
O03651,C080,P040,2025-01-08,7,3194.03,15,836.11
O03652,C147,P089,2025-04-23,5,1104.6,5,98.19
O03653,C293,P091,2025-05-06,10,3386.5,20,1013.72
O03654,C060,P023,2025-07-01,3,1332.81,20,361.77
O03655,C293,P013,2025-12-20,8,376.32,5,39.53
O03656,C095,P086,2025-04-10,2,743.9,0,182.54
O03657,C074,P079,2025-04-07,2,94.08,20,21.77
O03658,C062,P010,2025-01-15,9,2637.09,0,302.97
O03659,C010,P083,2025-10-14,4,1861.92,20,529.83
O03660,C009,P096,2025-03-08,10,4376.8,0,621.66
O03661,C172,P073,2025-11-15,1,98.73,5,6.38
O03662,C179,P083,2025-12-29,9,4189.32,20,305.27
O03663,C236,P026,2025-05-29,7,3324.09,5,260.06
O03664,C165,P100,2025-08-18,3,355.71,0,36.82
O03665,C067,P075,2025-10-31,1,418.32,20,45.75
O03666,C018,P066,2025-05-17,4,316.24,10,67.95
O03667,C086,P002,2025-03-28,10,1814.4,20,297.47
O03668,C086,P006,2025-03-15,10,653.7,5,182.31
O03669,C272,P044,2025-02-18,10,371.0,15,106.79
O03670,C144,P085,2025-02-08,2,912.22,10,167.57
O03671,C258,P092,2025-05-02,6,806.04,20,108.4
O03672,C241,P093,2025-05-03,7,376.95,5,94.94
O03673,C258,P091,2025-11-26,4,1354.6,10,275.69
O03674,C007,P096,2025-08-09,9,3939.12,0,497.34
O03675,C117,P009,2025-12-15,7,1080.45,20,184.71
O03676,C106,P083,2025-04-24,6,2792.88,0,418.76
O03677,C221,P020,2025-12-08,1,261.28,20,24.72
O03678,C037,P085,2025-02-07,8,3648.88,15,562.24
O03679,C148,P074,2025-08-22,1,291.07,5,81.89
O03680,C138,P007,2025-05-27,10,4517.7,5,1147.63
O03681,C124,P028,2025-09-14,9,1681.02,20,353.98
O03682,C287,P058,2025-07-31,5,1008.15,0,220.04
O03683,C282,P065,2025-08-11,7,1360.8,20,319.74
O03684,C234,P004,2025-12-07,7,3123.47,5,230.84
O03685,C099,P078,2025-06-11,5,1912.8,15,459.02
O03686,C164,P090,2025-10-19,7,2094.33,0,437.35
O03687,C083,P074,2025-05-28,2,582.14,15,134.46
O03688,C163,P039,2025-01-15,5,2449.85,5,305.15
O03689,C256,P072,2025-04-26,7,192.71,5,40.13
O03690,C209,P039,2025-08-06,5,2449.85,15,311.9
O03691,C091,P067,2025-10-24,3,735.72,20,190.1
O03692,C236,P051,2025-08-21,7,113.47,5,19.36
O03693,C254,P087,2025-09-05,3,691.32,5,157.54
O03694,C209,P091,2025-08-01,2,677.3,15,196.16
O03695,C027,P093,2025-03-10,5,269.25,15,25.24
O03696,C002,P052,2025-05-06,9,3687.39,15,623.15
O03697,C085,P095,2025-09-09,4,708.64,5,88.32
O03698,C174,P066,2025-10-06,7,553.42,15,113.11
O03699,C212,P074,2025-03-26,10,2910.7,15,776.97
O03700,C270,P053,2025-11-30,1,434.3,20,106.03
O03701,C184,P080,2025-05-18,7,2259.11,15,645.32
O03702,C016,P056,2025-10-24,2,523.98,5,56.86
O03703,C147,P058,2025-01-25,1,201.63,5,24.95
O03704,C186,P065,2025-04-08,8,1555.2,15,214.77
O03705,C018,P055,2025-08-07,5,1078.35,5,255.02
O03706,C224,P086,2025-04-03,10,3719.5,15,407.85
O03707,C155,P094,2025-07-16,7,457.52,20,83.75
O03708,C074,P007,2025-09-12,7,3162.39,0,581.7
O03709,C032,P097,2025-08-06,7,1584.59,0,428.38
O03710,C036,P098,2025-08-03,7,2348.22,0,439.44
O03711,C053,P088,2025-06-11,4,1156.04,0,181.71
O03712,C247,P089,2025-09-04,2,441.84,0,22.37
O03713,C125,P089,2025-05-27,2,441.84,20,25.88
O03714,C069,P096,2025-11-05,9,3939.12,20,507.96
O03715,C140,P034,2025-03-14,2,778.68,15,92.27
O03716,C297,P059,2025-06-22,3,1045.98,15,124.78
O03717,C054,P020,2025-11-24,6,1567.68,15,453.95
O03718,C267,P029,2025-03-08,10,2602.1,0,202.94
O03719,C232,P073,2025-01-08,8,789.84,5,140.94
O03720,C141,P076,2025-06-23,7,147.42,10,17.35
O03721,C269,P035,2025-08-14,3,447.09,20,120.36
O03722,C164,P022,2025-03-13,4,1896.8,10,510.96
O03723,C088,P021,2025-01-14,7,882.63,10,106.34
O03724,C103,P046,2025-07-26,3,126.27,0,21.69
O03725,C089,P082,2025-08-09,2,775.4,10,177.23
O03726,C187,P008,2025-07-24,5,1261.6,20,197.12
O03727,C294,P022,2025-02-10,6,2845.2,10,564.92
O03728,C255,P096,2025-07-16,9,3939.12,20,721.04
O03729,C056,P069,2025-03-09,5,1931.5,0,249.98
O03730,C235,P043,2025-10-02,4,1497.6,0,381.78
O03731,C142,P010,2025-04-18,3,879.03,0,194.19
O03732,C259,P019,2025-07-20,6,123.72,15,11.88
O03733,C208,P075,2025-01-16,10,4183.2,5,393.58
O03734,C172,P059,2025-10-13,10,3486.6,15,996.03
O03735,C004,P094,2025-04-16,8,522.88,20,82.17
O03736,C013,P066,2025-02-19,9,711.54,5,152.51
O03737,C186,P078,2025-11-04,3,1147.68,0,312.02
O03738,C113,P041,2025-03-01,5,1335.6,0,153.21
O03739,C228,P046,2025-01-09,2,84.18,20,22.72
O03740,C227,P080,2025-10-23,7,2259.11,10,226.36
O03741,C158,P091,2025-01-12,2,677.3,10,51.56
O03742,C209,P028,2025-09-28,2,373.56,10,80.18
O03743,C013,P017,2025-01-03,1,373.36,0,45.47
O03744,C042,P091,2025-01-28,8,2709.2,15,584.11
O03745,C054,P073,2025-09-05,5,493.65,10,93.47
O03746,C265,P070,2025-08-22,3,693.03,10,77.9
O03747,C056,P030,2025-07-29,4,901.56,0,65.62
O03748,C231,P001,2025-06-07,4,1019.0,15,124.15
O03749,C179,P096,2025-10-14,6,2626.08,5,151.45
O03750,C102,P002,2025-12-22,3,544.32,10,148.21
O03751,C103,P095,2025-05-19,6,1062.96,20,103.58
O03752,C067,P087,2025-05-25,7,1613.08,10,364.25
O03753,C030,P071,2025-05-27,2,578.38,0,74.29
O03754,C075,P070,2025-06-01,5,1155.05,20,60.27
O03755,C073,P008,2025-04-12,4,1009.28,10,76.83
O03756,C073,P056,2025-11-10,5,1309.95,10,312.57
O03757,C108,P073,2025-04-28,2,197.46,10,49.38
O03758,C257,P034,2025-07-10,2,778.68,15,120.02
O03759,C061,P074,2025-07-24,2,582.14,0,174.46
O03760,C090,P050,2025-06-14,9,4180.68,5,741.6
O03761,C289,P089,2025-08-01,10,2209.2,5,169.81
O03762,C147,P094,2025-06-27,9,588.24,5,138.03
O03763,C097,P068,2025-04-22,8,2930.48,5,295.62
O03764,C115,P042,2025-01-26,2,833.98,20,79.3
O03765,C251,P009,2025-02-10,1,154.35,15,9.88
O03766,C172,P053,2025-10-03,2,868.6,0,80.9
O03767,C265,P096,2025-10-30,1,437.68,15,61.68
O03768,C062,P037,2025-04-10,3,988.5,15,160.55
O03769,C099,P002,2025-05-13,1,181.44,0,12.8
O03770,C167,P032,2025-07-09,8,1969.28,20,337.47
O03771,C013,P050,2025-03-01,3,1393.56,15,75.87
O03772,C038,P018,2025-07-31,5,1093.9,20,155.2
O03773,C217,P029,2025-12-17,6,1561.26,0,396.61
O03774,C246,P012,2025-10-10,5,2265.75,20,537.48
O03775,C171,P060,2025-10-08,6,1186.8,5,156.57
O03776,C255,P038,2025-01-25,7,215.6,15,13.91
O03777,C244,P082,2025-07-20,10,3877.0,20,1042.2
O03778,C094,P075,2025-06-20,5,2091.6,10,252.18
O03779,C107,P036,2025-05-01,4,373.92,15,102.11
O03780,C207,P061,2025-11-06,2,253.06,5,44.99
O03781,C110,P007,2025-07-07,1,451.77,10,90.08
O03782,C073,P017,2025-04-16,10,3733.6,0,377.03
O03783,C099,P051,2025-06-02,5,81.05,0,21.43
O03784,C063,P020,2025-06-23,4,1045.12,5,124.2
O03785,C034,P023,2025-06-23,2,888.54,0,179.19
O03786,C101,P010,2025-04-02,9,2637.09,10,466.86
O03787,C199,P031,2025-03-04,4,279.6,5,19.23
O03788,C192,P041,2025-02-12,1,267.12,15,18.91
O03789,C278,P012,2025-04-06,2,906.3,0,207.87
O03790,C214,P029,2025-08-21,9,2341.89,20,184.43
O03791,C185,P062,2025-05-25,5,838.5,20,100.95
O03792,C095,P014,2025-03-18,5,796.4,15,108.92
O03793,C286,P085,2025-04-28,6,2736.66,0,159.2
O03794,C014,P052,2025-01-03,4,1638.84,15,122.69
O03795,C191,P061,2025-12-25,7,885.71,0,180.9
O03796,C168,P021,2025-06-27,4,504.36,15,32.52
O03797,C095,P076,2025-02-27,4,84.24,0,20.53
O03798,C154,P059,2025-05-24,3,1045.98,20,274.91
O03799,C161,P086,2025-04-08,7,2603.65,5,617.07
O03800,C136,P057,2025-02-21,9,2791.17,0,544.1
O03801,C148,P097,2025-10-10,3,679.11,10,155.03
O03802,C071,P076,2025-11-01,10,210.6,15,36.14
O03803,C297,P090,2025-06-16,10,2991.9,5,662.58
O03804,C297,P082,2025-02-12,4,1550.8,5,333.89
O03805,C160,P099,2025-12-07,6,928.26,15,108.07
O03806,C064,P070,2025-09-17,3,693.03,0,44.41
O03807,C100,P037,2025-11-17,1,329.5,10,46.62
O03808,C242,P071,2025-05-05,8,2313.52,15,650.05
O03809,C081,P052,2025-01-09,8,3277.68,15,379.39
O03810,C241,P089,2025-06-12,9,1988.28,10,237.23
O03811,C067,P040,2025-12-28,8,3650.32,10,654.28
O03812,C168,P095,2025-06-27,4,708.64,10,156.92
O03813,C029,P004,2025-09-23,2,892.42,20,265.57
O03814,C206,P031,2025-03-15,1,69.9,0,13.77
O03815,C261,P012,2025-04-01,8,3625.2,10,956.66
O03816,C237,P084,2025-02-10,6,2463.48,20,176.13
O03817,C076,P001,2025-01-25,7,1783.25,10,161.53
O03818,C240,P022,2025-04-13,7,3319.4,20,381.54
O03819,C228,P018,2025-04-25,8,1750.24,20,320.71
O03820,C122,P005,2025-09-10,2,173.46,5,28.74
O03821,C198,P010,2025-08-14,4,1172.04,0,194.55
O03822,C251,P098,2025-11-23,3,1006.38,10,191.99
O03823,C192,P021,2025-09-11,10,1260.9,20,83.52
O03824,C289,P100,2025-03-24,8,948.56,10,281.09
O03825,C104,P043,2025-03-06,6,2246.4,0,529.79
O03826,C261,P086,2025-08-13,10,3719.5,5,948.54
O03827,C279,P017,2025-11-01,1,373.36,0,101.47
O03828,C163,P011,2025-11-01,6,290.1,5,40.22
O03829,C069,P054,2025-02-03,4,51.64,20,7.55
O03830,C068,P074,2025-05-08,4,1164.28,0,189.09
O03831,C003,P043,2025-06-02,9,3369.6,20,515.47
O03832,C212,P046,2025-09-28,3,126.27,5,24.15
O03833,C241,P082,2025-01-19,1,387.7,0,22.69
O03834,C132,P085,2025-06-01,7,3192.77,5,185.75
O03835,C110,P072,2025-06-27,4,110.12,20,9.87
O03836,C165,P042,2025-02-14,10,4169.9,20,365.59
O03837,C129,P043,2025-12-25,3,1123.2,10,118.8
O03838,C184,P036,2025-06-03,4,373.92,10,71.54
O03839,C190,P086,2025-02-14,9,3347.55,10,714.01
O03840,C138,P081,2025-08-04,3,338.22,0,61.23
O03841,C170,P025,2025-05-25,8,278.16,20,26.41
O03842,C249,P084,2025-08-31,2,821.16,10,98.85
O03843,C144,P003,2025-12-29,10,4362.2,5,756.66
O03844,C120,P002,2025-01-15,8,1451.52,0,201.65
O03845,C256,P088,2025-09-12,1,289.01,20,27.37
O03846,C278,P043,2025-02-26,1,374.4,15,22.16
O03847,C188,P079,2025-08-26,7,329.28,15,28.68
O03848,C172,P063,2025-08-27,6,1847.28,10,317.22
O03849,C219,P007,2025-11-26,5,2258.85,10,262.54
O03850,C263,P009,2025-07-10,10,1543.5,20,282.34
O03851,C141,P089,2025-04-22,1,220.92,15,16.23
O03852,C204,P019,2025-11-25,9,185.58,15,36.84
O03853,C166,P066,2025-11-17,10,790.6,15,67.05
O03854,C198,P033,2025-01-08,7,2746.59,20,492.94
O03855,C171,P003,2025-12-30,8,3489.76,20,922.37
O03856,C146,P027,2025-07-26,8,2186.96,10,590.05
O03857,C153,P029,2025-07-20,10,2602.1,5,582.27
O03858,C276,P086,2025-04-10,8,2975.6,20,321.06
O03859,C232,P038,2025-02-23,7,215.6,10,36.27
O03860,C003,P099,2025-01-15,9,1392.39,20,301.28
O03861,C116,P040,2025-02-05,1,456.29,15,51.78
O03862,C146,P075,2025-11-23,4,1673.28,15,375.77
O03863,C211,P007,2025-05-04,4,1807.08,15,487.07
O03864,C275,P062,2025-06-07,5,838.5,10,136.83
O03865,C038,P036,2025-10-29,10,934.8,20,247.67
O03866,C084,P043,2025-02-10,4,1497.6,20,102.14
O03867,C052,P091,2025-04-29,3,1015.95,10,103.41
O03868,C197,P002,2025-06-24,7,1270.08,10,134.52
O03869,C273,P100,2025-10-30,5,592.85,10,117.67
O03870,C143,P019,2025-02-22,3,61.86,0,3.86
O03871,C196,P073,2025-12-26,2,197.46,5,18.98
O03872,C024,P045,2025-11-22,5,946.45,10,136.97
O03873,C249,P062,2025-06-17,3,503.1,15,53.49
O03874,C227,P088,2025-07-20,6,1734.06,0,145.97
O03875,C085,P070,2025-11-22,5,1155.05,15,320.8
O03876,C149,P054,2025-10-19,10,129.1,0,19.56
O03877,C221,P072,2025-04-13,3,82.59,20,14.36
O03878,C061,P022,2025-06-02,4,1896.8,0,345.65
O03879,C043,P086,2025-10-23,1,371.95,20,45.92
O03880,C278,P024,2025-03-20,6,438.3,20,66.91
O03881,C295,P006,2025-06-13,3,196.11,5,54.95
O03882,C059,P100,2025-02-26,1,118.57,15,12.27
O03883,C289,P060,2025-08-25,1,197.8,15,53.55
O03884,C185,P023,2025-05-23,7,3109.89,5,786.52
O03885,C167,P015,2025-02-07,8,2935.76,20,554.29
O03886,C004,P048,2025-09-07,2,784.4,0,216.49
O03887,C063,P062,2025-12-27,1,167.7,15,9.17
O03888,C155,P041,2025-09-28,4,1068.48,10,234.29
O03889,C244,P044,2025-06-25,6,222.6,15,25.77
O03890,C170,P078,2025-07-18,8,3060.48,15,894.99
O03891,C185,P046,2025-01-03,10,420.9,15,51.16
O03892,C040,P080,2025-03-28,8,2581.84,10,427.66
O03893,C061,P054,2025-01-10,2,25.82,0,5.06
O03894,C288,P038,2025-04-07,5,154.0,15,14.91
O03895,C056,P036,2025-11-22,10,934.8,0,202.74
O03896,C072,P095,2025-04-15,3,531.48,10,111.5
O03897,C105,P058,2025-09-25,8,1613.04,15,173.57
O03898,C010,P060,2025-03-01,8,1582.4,0,428.53
O03899,C015,P009,2025-03-18,8,1234.8,20,270.88
O03900,C051,P065,2025-06-13,9,1749.6,15,330.0
O03901,C026,P003,2025-11-20,2,872.44,15,77.24
O03902,C049,P065,2025-05-04,9,1749.6,15,353.15
O03903,C284,P058,2025-06-13,5,1008.15,10,128.93
O03904,C210,P007,2025-01-09,7,3162.39,5,687.0
O03905,C188,P060,2025-02-27,5,989.0,5,225.91
O03906,C071,P014,2025-08-25,9,1433.52,5,94.82
O03907,C148,P062,2025-09-08,3,503.1,15,143.57
O03908,C169,P018,2025-01-26,10,2187.8,0,621.93
O03909,C167,P002,2025-02-13,3,544.32,5,87.81
O03910,C061,P038,2025-06-29,2,61.6,5,9.07
O03911,C029,P076,2025-09-15,10,210.6,5,38.57
O03912,C005,P086,2025-12-18,1,371.95,10,32.19
O03913,C011,P068,2025-09-22,7,2564.17,5,673.73
O03914,C121,P075,2025-03-29,8,3346.56,0,842.98
O03915,C213,P087,2025-09-25,6,1382.64,0,170.91
O03916,C046,P011,2025-09-22,10,483.5,0,64.47
O03917,C203,P072,2025-11-23,5,137.65,15,24.05
O03918,C075,P004,2025-06-24,5,2231.05,5,261.89
O03919,C205,P067,2025-03-02,1,245.24,5,30.16
O03920,C182,P017,2025-01-16,10,3733.6,10,508.59
O03921,C052,P035,2025-01-29,4,596.12,10,115.98
O03922,C218,P026,2025-05-25,1,474.87,20,87.9
O03923,C214,P040,2025-06-23,3,1368.87,15,408.7
O03924,C295,P080,2025-12-31,9,2904.57,15,241.18
O03925,C059,P076,2025-09-13,4,84.24,5,14.39
O03926,C217,P073,2025-10-19,5,493.65,10,97.8
O03927,C023,P091,2025-09-23,3,1015.95,0,269.56
O03928,C102,P025,2025-07-21,10,347.7,15,42.47
O03929,C244,P024,2025-11-01,9,657.45,5,97.68
O03930,C040,P025,2025-07-22,8,278.16,20,69.29
O03931,C209,P009,2025-11-02,8,1234.8,0,327.95
O03932,C108,P005,2025-08-11,2,173.46,5,42.84
O03933,C031,P001,2025-03-28,5,1273.75,5,334.41
O03934,C101,P081,2025-12-28,8,901.92,5,169.62
O03935,C177,P002,2025-04-17,3,544.32,20,116.23
O03936,C156,P023,2025-09-05,7,3109.89,20,323.61
O03937,C225,P029,2025-05-29,1,260.21,5,27.74
O03938,C148,P018,2025-01-31,9,1969.02,15,137.7
O03939,C221,P079,2025-02-02,3,141.12,15,29.83
O03940,C282,P086,2025-12-18,4,1487.8,20,320.74
O03941,C082,P003,2025-03-03,6,2617.32,20,554.82
O03942,C122,P004,2025-01-30,1,446.21,20,107.84
O03943,C297,P072,2025-05-08,6,165.18,10,47.95
O03944,C030,P051,2025-01-22,8,129.68,10,31.64
O03945,C212,P021,2025-12-27,5,630.45,10,188.84
O03946,C292,P099,2025-09-16,1,154.71,20,30.34
O03947,C099,P067,2025-06-23,8,1961.92,0,286.76
O03948,C163,P024,2025-09-03,8,584.4,20,137.99
O03949,C136,P042,2025-02-19,10,4169.9,20,929.05
O03950,C154,P063,2025-01-01,9,2770.92,0,559.66
O03951,C049,P080,2025-09-04,9,2904.57,20,729.07
O03952,C236,P011,2025-01-31,1,48.35,20,8.79
O03953,C198,P094,2025-07-29,4,261.44,20,13.55
O03954,C121,P100,2025-05-31,1,118.57,20,26.16
O03955,C011,P041,2025-11-08,8,2136.96,0,364.86
O03956,C207,P089,2025-07-28,6,1325.52,0,164.27
O03957,C289,P091,2025-07-25,10,3386.5,10,1012.02
O03958,C163,P012,2025-08-24,1,453.15,5,48.59
O03959,C099,P037,2025-02-22,3,988.5,5,86.04
O03960,C255,P096,2025-04-17,7,3063.76,20,546.47
O03961,C200,P053,2025-01-16,9,3908.7,15,286.26
O03962,C263,P061,2025-10-25,8,1012.24,5,239.17
O03963,C098,P029,2025-11-06,9,2341.89,20,437.73
O03964,C138,P075,2025-10-08,6,2509.92,20,595.38
O03965,C071,P066,2025-06-13,7,553.42,15,112.62
O03966,C104,P052,2025-06-27,4,1638.84,10,113.15
O03967,C124,P097,2025-11-13,5,1131.85,15,214.61
O03968,C274,P089,2025-09-28,5,1104.6,5,69.18
O03969,C093,P057,2025-04-25,8,2481.04,10,388.75
O03970,C217,P096,2025-10-01,5,2188.4,15,542.38
O03971,C141,P008,2025-01-26,2,504.64,10,88.83
O03972,C194,P028,2025-10-08,1,186.78,5,13.46
O03973,C113,P056,2025-06-03,9,2357.91,15,610.63
O03974,C080,P089,2025-09-12,5,1104.6,10,127.05
O03975,C292,P062,2025-01-06,7,1173.9,20,246.99
O03976,C153,P067,2025-01-01,5,1226.2,20,354.48
O03977,C141,P014,2025-09-24,9,1433.52,0,370.41
O03978,C218,P003,2025-09-03,6,2617.32,20,361.67
O03979,C115,P096,2025-09-12,1,437.68,15,26.32
O03980,C030,P008,2025-07-11,10,2523.2,20,339.47
O03981,C243,P021,2025-11-18,3,378.27,0,27.32
O03982,C060,P056,2025-02-12,10,2619.9,15,295.37
O03983,C227,P017,2025-12-03,2,746.72,20,59.17
O03984,C020,P032,2025-08-28,4,984.64,0,107.37
O03985,C011,P051,2025-12-21,4,64.84,5,17.49
O03986,C072,P001,2025-03-15,5,1273.75,0,356.1
O03987,C171,P078,2025-06-08,7,2677.92,20,518.58
O03988,C264,P023,2025-06-12,1,444.27,15,131.3
O03989,C295,P009,2025-06-15,10,1543.5,5,298.04
O03990,C245,P063,2025-03-05,6,1847.28,10,474.7
O03991,C020,P015,2025-11-12,6,2201.82,5,586.11
O03992,C215,P040,2025-01-12,9,4106.61,10,1059.9
O03993,C241,P033,2025-07-16,3,1177.11,15,345.53
O03994,C090,P008,2025-06-30,8,2018.56,10,289.03
O03995,C292,P052,2025-04-13,6,2458.26,15,573.94
O03996,C199,P071,2025-10-09,5,1445.95,5,341.01
O03997,C099,P035,2025-11-23,6,894.18,20,97.1
O03998,C116,P015,2025-06-25,3,1100.91,0,317.51
O03999,C207,P072,2025-04-15,1,27.53,15,2.17
O04000,C083,P070,2025-12-09,7,1617.07,10,135.97
O04001,C175,P026,2025-12-22,1,474.87,15,44.04
O04002,C106,P058,2025-08-05,5,1008.15,15,74.88
O04003,C128,P068,2025-01-30,9,3296.79,15,570.52
O04004,C190,P035,2025-03-16,10,1490.3,15,277.93
O04005,C271,P009,2025-05-15,8,1234.8,20,146.93
O04006,C244,P033,2025-04-03,7,2746.59,15,642.16
O04007,C016,P035,2025-03-24,8,1192.24,5,248.98
O04008,C249,P100,2025-03-16,6,711.42,20,164.47
O04009,C191,P085,2025-08-16,2,912.22,0,153.89
O04010,C149,P020,2025-07-06,6,1567.68,5,244.99
O04011,C248,P087,2025-11-24,3,691.32,20,187.22
O04012,C195,P092,2025-07-20,8,1074.72,10,219.1
O04013,C291,P026,2025-05-23,10,4748.7,0,1088.84
O04014,C227,P098,2025-05-19,3,1006.38,15,110.38
O04015,C117,P001,2025-02-28,5,1273.75,15,178.35
O04016,C050,P090,2025-01-14,4,1196.76,5,219.82
O04017,C288,P011,2025-01-30,4,193.4,20,16.84
O04018,C060,P077,2025-09-07,7,3325.07,5,236.79
O04019,C211,P078,2025-10-18,5,1912.8,10,117.53
O04020,C264,P071,2025-10-17,8,2313.52,5,128.31
O04021,C197,P026,2025-06-26,2,949.74,0,233.73
O04022,C196,P002,2025-12-31,5,907.2,20,258.62
O04023,C220,P073,2025-09-27,1,98.73,10,5.26
O04024,C068,P096,2025-02-17,1,437.68,15,36.94
O04025,C247,P026,2025-11-26,10,4748.7,15,319.67
O04026,C143,P004,2025-07-18,8,3569.68,15,869.41
O04027,C212,P028,2025-11-19,5,933.9,20,220.67
O04028,C077,P006,2025-05-18,7,457.59,15,27.54
O04029,C040,P065,2025-10-31,3,583.2,5,80.1
O04030,C020,P050,2025-10-30,10,4645.2,15,871.79
O04031,C142,P063,2025-08-26,4,1231.52,20,234.74
O04032,C201,P028,2025-05-21,6,1120.68,0,225.71
O04033,C118,P038,2025-12-13,9,277.2,5,24.08
O04034,C201,P043,2025-08-23,3,1123.2,15,250.22
O04035,C244,P065,2025-08-01,3,583.2,5,65.04
O04036,C244,P030,2025-07-26,8,1803.12,10,137.73
O04037,C186,P017,2025-06-15,5,1866.8,10,266.84
O04038,C191,P016,2025-07-08,4,119.68,0,13.29
O04039,C025,P098,2025-10-25,9,3019.14,10,733.24
O04040,C234,P014,2025-03-22,5,796.4,0,138.33
O04041,C017,P020,2025-01-15,4,1045.12,20,300.49
O04042,C215,P011,2025-12-16,4,193.4,5,29.83
O04043,C129,P030,2025-11-18,1,225.39,0,50.05
O04044,C277,P022,2025-10-30,1,474.2,10,64.08
O04045,C101,P014,2025-08-01,7,1114.96,5,195.1
O04046,C130,P058,2025-02-09,10,2016.3,0,372.95
O04047,C151,P077,2025-10-26,2,950.02,20,263.07
O04048,C091,P043,2025-05-21,10,3744.0,20,1001.22
O04049,C298,P035,2025-07-25,3,447.09,20,38.78
O04050,C031,P067,2025-11-13,5,1226.2,10,313.94
O04051,C270,P059,2025-12-24,1,348.66,5,100.16
O04052,C199,P058,2025-10-25,5,1008.15,5,181.72
O04053,C013,P088,2025-04-07,1,289.01,10,37.33
O04054,C234,P059,2025-12-27,9,3137.94,10,562.0
O04055,C261,P010,2025-03-19,2,586.02,15,167.51
O04056,C260,P049,2025-12-30,9,4424.31,20,287.19
O04057,C104,P026,2025-11-23,1,474.87,20,118.86
O04058,C078,P087,2025-04-10,6,1382.64,0,223.98
O04059,C274,P064,2025-10-08,2,891.88,5,76.91
O04060,C284,P013,2025-02-17,9,423.36,10,65.39
O04061,C212,P093,2025-08-09,6,323.1,15,62.9
O04062,C091,P043,2025-04-10,8,2995.2,20,379.39
O04063,C123,P026,2025-02-15,4,1899.48,10,174.6
O04064,C299,P073,2025-08-06,7,691.11,10,82.92
O04065,C198,P047,2025-07-10,1,198.11,15,26.07
O04066,C260,P093,2025-08-25,9,484.65,20,97.59
O04067,C220,P042,2025-09-20,2,833.98,20,205.98
O04068,C250,P081,2025-04-15,10,1127.4,20,276.77
O04069,C158,P088,2025-10-17,5,1445.05,10,363.31
O04070,C233,P007,2025-12-06,9,4065.93,15,696.94
O04071,C096,P013,2025-03-25,4,188.16,5,14.34
O04072,C040,P049,2025-08-04,4,1966.36,0,211.68
O04073,C038,P003,2025-12-12,3,1308.66,10,81.62
O04074,C143,P007,2025-12-27,1,451.77,10,29.62
O04075,C224,P035,2025-01-17,9,1341.27,0,390.34
O04076,C131,P042,2025-02-04,10,4169.9,5,1225.94
O04077,C245,P047,2025-12-27,5,990.55,5,147.78
O04078,C088,P056,2025-06-01,1,261.99,15,44.26
O04079,C053,P055,2025-04-19,4,862.68,15,52.39
O04080,C036,P023,2025-10-03,8,3554.16,5,549.8
O04081,C070,P088,2025-11-05,8,2312.08,10,637.53
O04082,C164,P079,2025-03-09,4,188.16,5,38.82
O04083,C135,P050,2025-02-20,5,2322.6,20,513.31
O04084,C134,P099,2025-09-29,9,1392.39,10,252.32
O04085,C093,P088,2025-02-24,2,578.02,10,72.93
O04086,C194,P086,2025-01-20,6,2231.7,0,192.97
O04087,C055,P066,2025-12-21,10,790.6,10,227.22
O04088,C245,P078,2025-11-27,8,3060.48,10,346.17
O04089,C229,P009,2025-12-19,1,154.35,20,18.13
O04090,C152,P001,2025-10-11,3,764.25,5,81.6
O04091,C233,P040,2025-12-02,1,456.29,15,73.31
O04092,C140,P080,2025-07-06,6,1936.38,20,139.07
O04093,C006,P018,2025-11-07,3,656.34,20,145.05
O04094,C231,P014,2025-09-07,8,1274.24,5,324.76
O04095,C221,P061,2025-07-30,4,506.12,0,50.28
O04096,C217,P035,2025-03-20,9,1341.27,10,313.07
O04097,C130,P027,2025-08-16,7,1913.59,20,296.55
O04098,C154,P011,2025-03-03,1,48.35,0,6.84
O04099,C230,P092,2025-04-26,3,403.02,5,28.86
O04100,C022,P020,2025-10-19,10,2612.8,20,420.29
O04101,C187,P096,2025-03-09,5,2188.4,0,270.25
O04102,C130,P020,2025-08-11,3,783.84,20,65.29
O04103,C178,P007,2025-04-06,10,4517.7,10,515.55
O04104,C019,P100,2025-12-16,8,948.56,20,107.04
O04105,C238,P098,2025-06-10,7,2348.22,10,152.25
O04106,C119,P092,2025-03-30,8,1074.72,10,231.0
O04107,C022,P098,2025-10-06,5,1677.3,5,189.93
O04108,C033,P002,2025-05-23,8,1451.52,0,327.88
O04109,C077,P059,2025-08-22,6,2091.96,0,417.73
O04110,C281,P056,2025-11-09,4,1047.96,15,218.97
O04111,C022,P051,2025-03-12,2,32.42,10,6.64
O04112,C088,P056,2025-11-20,8,2095.92,10,389.23
O04113,C111,P081,2025-05-24,3,338.22,15,25.26
O04114,C075,P053,2025-10-02,10,4343.0,0,1228.44
O04115,C133,P009,2025-01-17,8,1234.8,10,237.62
O04116,C235,P008,2025-12-23,9,2270.88,10,490.55
O04117,C246,P080,2025-12-02,2,645.46,20,182.29
O04118,C210,P063,2025-08-17,10,3078.8,5,487.56
O04119,C065,P004,2025-08-01,3,1338.63,5,103.52
O04120,C108,P009,2025-05-18,8,1234.8,20,128.78
O04121,C150,P040,2025-11-02,2,912.58,0,92.9
O04122,C054,P078,2025-06-19,6,2295.36,20,306.38
O04123,C116,P060,2025-06-28,10,1978.0,15,244.85
O04124,C009,P005,2025-02-04,10,867.3,5,252.7
O04125,C234,P046,2025-07-17,2,84.18,20,11.28
O04126,C006,P067,2025-02-23,3,735.72,10,63.77
O04127,C175,P018,2025-09-12,4,875.12,20,144.82
O04128,C293,P097,2025-07-20,4,905.48,10,264.64
O04129,C293,P035,2025-08-11,2,298.06,0,31.65
O04130,C018,P091,2025-09-18,1,338.65,15,51.49
O04131,C274,P086,2025-08-11,6,2231.7,0,264.86
O04132,C297,P090,2025-01-26,6,1795.14,20,257.14
O04133,C144,P046,2025-08-04,5,210.45,15,30.24
O04134,C048,P061,2025-12-13,3,379.59,15,56.98
O04135,C056,P021,2025-06-15,4,504.36,10,71.93
O04136,C127,P091,2025-02-08,4,1354.6,20,78.18
O04137,C018,P092,2025-05-16,2,268.68,15,80.51
O04138,C121,P063,2025-02-02,3,923.64,20,114.9
O04139,C241,P092,2025-09-08,2,268.68,0,48.91
O04140,C206,P031,2025-07-07,5,349.5,10,48.64
O04141,C091,P022,2025-01-02,4,1896.8,10,366.27
O04142,C128,P041,2025-05-08,1,267.12,5,24.44
O04143,C191,P038,2025-08-19,1,30.8,10,3.8
O04144,C272,P014,2025-07-15,5,796.4,10,94.59
O04145,C231,P018,2025-10-21,8,1750.24,20,365.11
O04146,C133,P082,2025-02-10,8,3101.6,10,405.2
O04147,C176,P020,2025-10-31,7,1828.96,15,336.72
O04148,C025,P095,2025-03-17,4,708.64,5,107.26
O04149,C062,P061,2025-08-22,3,379.59,15,80.71
O04150,C243,P001,2025-02-13,10,2547.5,15,276.8
O04151,C007,P032,2025-02-17,9,2215.44,15,321.11
O04152,C037,P098,2025-01-03,3,1006.38,10,161.66
O04153,C016,P048,2025-10-15,6,2353.2,20,194.07
O04154,C160,P008,2025-11-17,1,252.32,20,50.23
O04155,C257,P029,2025-04-07,6,1561.26,20,188.68
O04156,C045,P097,2025-09-01,6,1358.22,15,168.77
O04157,C053,P071,2025-06-30,10,2891.9,0,295.05
O04158,C145,P026,2025-09-01,4,1899.48,0,252.66
O04159,C087,P070,2025-01-11,7,1617.07,20,83.29
O04160,C102,P047,2025-01-12,9,1782.99,15,373.91
O04161,C013,P029,2025-08-07,10,2602.1,20,452.92
O04162,C158,P034,2025-09-27,3,1168.02,15,82.23
O04163,C093,P032,2025-06-08,6,1476.96,20,204.56
O04164,C197,P077,2025-10-19,10,4750.1,20,1182.34
O04165,C085,P074,2025-12-31,1,291.07,15,35.55
O04166,C111,P042,2025-12-25,7,2918.93,0,539.35
O04167,C251,P091,2025-01-05,9,3047.85,0,884.66
O04168,C215,P025,2025-04-09,2,69.54,0,17.72
O04169,C245,P056,2025-01-10,3,785.97,5,203.1
O04170,C204,P085,2025-08-11,5,2280.55,0,641.25
O04171,C014,P031,2025-03-26,3,209.7,20,21.16
O04172,C029,P092,2025-03-07,3,403.02,10,26.19
O04173,C036,P050,2025-05-05,10,4645.2,20,1355.95
O04174,C077,P029,2025-06-19,1,260.21,20,53.2
O04175,C202,P080,2025-03-28,6,1936.38,5,121.12
O04176,C292,P035,2025-10-05,5,745.15,10,207.13
O04177,C240,P043,2025-04-24,10,3744.0,10,326.38
O04178,C241,P055,2025-04-16,7,1509.69,0,90.91
O04179,C119,P019,2025-02-13,5,103.1,10,11.29
O04180,C129,P003,2025-09-24,1,436.22,10,123.07
O04181,C042,P017,2025-07-02,4,1493.44,15,325.28
O04182,C138,P056,2025-09-13,7,1833.93,0,406.41
O04183,C201,P067,2025-01-19,2,490.48,20,139.38
O04184,C226,P066,2025-03-12,6,474.36,20,67.62
O04185,C129,P078,2025-11-28,4,1530.24,10,147.17
O04186,C047,P005,2025-04-29,10,867.3,10,259.31
O04187,C272,P041,2025-03-31,10,2671.2,5,210.21
O04188,C059,P065,2025-02-04,7,1360.8,15,357.18
O04189,C139,P041,2025-12-24,8,2136.96,10,298.95
O04190,C045,P047,2025-11-09,3,594.33,0,70.5
O04191,C171,P089,2025-02-08,4,883.68,15,211.15
O04192,C108,P070,2025-08-31,10,2310.1,5,357.32
O04193,C041,P085,2025-12-11,6,2736.66,20,433.4
O04194,C013,P044,2025-04-01,5,185.5,20,31.1
O04195,C052,P062,2025-02-13,6,1006.2,0,180.2
O04196,C078,P073,2025-05-22,9,888.57,0,249.51
O04197,C218,P065,2025-08-24,10,1944.0,15,144.04
O04198,C248,P071,2025-01-18,3,867.57,5,130.09
O04199,C138,P097,2025-10-31,1,226.37,10,23.28
O04200,C261,P036,2025-11-23,6,560.88,15,104.22
O04201,C235,P076,2025-12-03,4,84.24,5,15.72
O04202,C133,P051,2025-01-10,2,32.42,15,2.82
O04203,C215,P056,2025-06-12,6,1571.94,5,147.92
O04204,C197,P086,2025-01-09,6,2231.7,20,338.11
O04205,C084,P014,2025-10-06,4,637.12,15,151.77
O04206,C141,P099,2025-06-15,5,773.55,10,220.93
O04207,C143,P062,2025-06-03,8,1341.6,15,173.95
O04208,C046,P079,2025-10-31,1,47.04,15,13.38
O04209,C289,P066,2025-12-21,9,711.54,10,130.81
O04210,C041,P009,2025-03-01,4,617.4,20,70.86
O04211,C140,P050,2025-03-17,8,3716.16,5,395.7
O04212,C147,P071,2025-08-14,6,1735.14,0,322.64
O04213,C152,P086,2025-11-20,1,371.95,20,102.6
O04214,C283,P043,2025-04-23,5,1872.0,20,115.81
O04215,C076,P053,2025-12-05,10,4343.0,5,663.01
O04216,C025,P060,2025-06-06,6,1186.8,0,154.42
O04217,C233,P049,2025-06-25,1,491.59,10,93.79
O04218,C017,P037,2025-10-10,10,3295.0,10,799.99
O04219,C048,P040,2025-05-01,6,2737.74,15,738.61
O04220,C198,P078,2025-10-31,4,1530.24,0,295.38
O04221,C075,P090,2025-09-10,5,1495.95,10,183.42
O04222,C144,P079,2025-09-14,9,423.36,20,68.89
O04223,C046,P094,2025-09-24,8,522.88,15,54.97
O04224,C137,P029,2025-02-27,9,2341.89,20,468.65
O04225,C042,P028,2025-02-04,6,1120.68,15,184.04
O04226,C159,P049,2025-11-21,3,1474.77,15,222.85
O04227,C072,P062,2025-03-03,4,670.8,20,142.19
O04228,C098,P062,2025-02-06,5,838.5,15,120.29
O04229,C193,P023,2025-01-30,5,2221.35,10,584.03
O04230,C145,P071,2025-07-17,1,289.19,20,71.69
O04231,C001,P092,2025-03-05,7,940.38,5,52.96
O04232,C086,P027,2025-06-28,10,2733.7,20,181.14
O04233,C051,P001,2025-08-31,8,2038.0,0,151.09
O04234,C250,P013,2025-12-16,1,47.04,15,10.75
O04235,C234,P062,2025-11-23,4,670.8,20,111.77
O04236,C069,P029,2025-09-27,4,1040.84,5,277.42
O04237,C161,P093,2025-12-28,6,323.1,15,33.61
O04238,C109,P076,2025-11-23,2,42.12,10,10.75
O04239,C167,P057,2025-07-25,4,1240.52,20,345.56
O04240,C076,P046,2025-07-17,10,420.9,20,70.01
O04241,C188,P060,2025-01-20,2,395.6,10,110.44
O04242,C182,P048,2025-04-25,2,784.4,0,52.86
O04243,C119,P091,2025-09-22,2,677.3,0,100.92
O04244,C289,P040,2025-04-17,6,2737.74,15,345.9
O04245,C067,P030,2025-03-31,8,1803.12,0,132.43
O04246,C062,P022,2025-07-08,4,1896.8,10,456.23
O04247,C278,P070,2025-01-06,3,693.03,10,38.85
O04248,C255,P029,2025-02-13,9,2341.89,0,628.2
O04249,C028,P080,2025-04-27,10,3227.3,20,563.67
O04250,C272,P045,2025-06-17,5,946.45,0,114.49
O04251,C130,P003,2025-12-12,7,3053.54,0,511.72
O04252,C188,P051,2025-12-20,1,16.21,15,1.98
O04253,C126,P085,2025-03-27,3,1368.33,20,245.46
O04254,C010,P001,2025-09-05,6,1528.5,10,203.82
O04255,C149,P019,2025-01-02,3,61.86,10,11.85
O04256,C121,P079,2025-11-16,1,47.04,5,8.67
O04257,C150,P045,2025-03-11,1,189.29,5,56.33
O04258,C115,P055,2025-11-17,8,1725.36,10,443.69
O04259,C200,P091,2025-09-03,9,3047.85,20,551.42
O04260,C173,P076,2025-11-22,4,84.24,10,9.23
O04261,C260,P076,2025-02-14,7,147.42,20,39.51
O04262,C088,P086,2025-04-05,5,1859.75,15,366.73
O04263,C226,P003,2025-07-09,8,3489.76,10,942.63
O04264,C094,P066,2025-10-11,6,474.36,10,95.51
O04265,C002,P100,2025-02-09,10,1185.7,10,148.65
O04266,C266,P016,2025-07-31,6,179.52,20,43.82
O04267,C103,P008,2025-07-12,3,756.96,0,57.33
O04268,C162,P010,2025-07-29,9,2637.09,5,704.43
O04269,C242,P088,2025-06-02,4,1156.04,5,233.71
O04270,C071,P054,2025-11-28,4,51.64,0,11.04
O04271,C153,P068,2025-05-10,5,1831.55,20,390.96
O04272,C165,P089,2025-01-22,4,883.68,5,214.82
O04273,C189,P002,2025-10-08,7,1270.08,10,339.04
O04274,C180,P014,2025-02-15,8,1274.24,20,71.2
O04275,C026,P001,2025-04-08,10,2547.5,15,411.48
O04276,C239,P003,2025-10-07,2,872.44,0,230.84
O04277,C300,P082,2025-01-10,7,2713.9,10,427.25
O04278,C168,P029,2025-04-27,6,1561.26,0,135.83
O04279,C097,P083,2025-07-09,10,4654.8,20,531.29
O04280,C020,P012,2025-08-07,2,906.3,20,107.61
O04281,C168,P042,2025-06-16,3,1250.97,20,209.92
O04282,C111,P073,2025-03-09,10,987.3,5,216.88
O04283,C222,P004,2025-08-31,5,2231.05,10,658.22
O04284,C158,P092,2025-08-20,10,1343.4,20,254.76
O04285,C230,P004,2025-07-02,7,3123.47,15,269.47
O04286,C105,P045,2025-11-18,3,567.87,5,166.7
O04287,C093,P097,2025-09-30,3,679.11,5,194.38
O04288,C004,P099,2025-12-30,9,1392.39,0,197.71
O04289,C105,P090,2025-09-13,6,1795.14,5,339.44
O04290,C159,P076,2025-05-24,2,42.12,0,6.99
O04291,C029,P075,2025-08-26,1,418.32,5,27.17
O04292,C291,P093,2025-07-14,9,484.65,0,48.06
O04293,C164,P004,2025-11-01,6,2677.26,20,154.6
O04294,C180,P041,2025-09-07,1,267.12,5,56.85
O04295,C120,P046,2025-02-26,9,378.81,5,69.87
O04296,C023,P026,2025-04-04,7,3324.09,5,669.44
O04297,C215,P078,2025-10-09,10,3825.6,15,630.03
O04298,C105,P079,2025-03-22,3,141.12,5,18.37
O04299,C055,P074,2025-11-06,7,2037.49,0,174.02
O04300,C280,P011,2025-07-01,5,241.75,15,27.18
O04301,C132,P085,2025-06-10,1,456.11,0,131.6
O04302,C291,P084,2025-01-31,4,1642.32,15,138.86
O04303,C091,P076,2025-01-03,6,126.36,10,32.19
O04304,C204,P020,2025-11-20,5,1306.4,10,340.09
O04305,C018,P036,2025-04-07,1,93.48,0,18.13
O04306,C168,P002,2025-09-25,1,181.44,10,14.71
O04307,C127,P091,2025-04-04,9,3047.85,10,814.89
O04308,C252,P027,2025-02-26,10,2733.7,15,454.63
O04309,C099,P088,2025-11-01,10,2890.1,15,527.61
O04310,C042,P015,2025-07-18,3,1100.91,20,119.48
O04311,C296,P046,2025-11-24,9,378.81,20,82.37
O04312,C205,P033,2025-06-18,2,784.74,5,48.2
O04313,C159,P060,2025-08-17,2,395.6,15,88.98
O04314,C227,P096,2025-01-02,5,2188.4,20,328.58
O04315,C185,P057,2025-07-01,4,1240.52,15,270.31
O04316,C063,P030,2025-03-16,8,1803.12,10,236.89
O04317,C061,P016,2025-03-15,10,299.2,0,85.19
O04318,C172,P032,2025-05-22,8,1969.28,15,582.12
O04319,C012,P073,2025-08-06,4,394.92,0,23.16
O04320,C208,P033,2025-07-22,8,3138.96,0,422.81
O04321,C237,P034,2025-12-22,10,3893.4,10,1145.18
O04322,C057,P087,2025-07-08,2,460.88,15,118.87
O04323,C112,P089,2025-02-07,4,883.68,0,64.28
O04324,C001,P069,2025-09-25,8,3090.4,0,411.7
O04325,C012,P074,2025-05-30,7,2037.49,20,377.6
O04326,C091,P013,2025-07-10,2,94.08,0,27.11
O04327,C035,P041,2025-11-12,5,1335.6,15,156.08
O04328,C062,P034,2025-11-29,5,1946.7,10,107.52
O04329,C236,P052,2025-03-12,7,2867.97,0,828.02
O04330,C068,P003,2025-06-19,3,1308.66,15,302.22
O04331,C095,P099,2025-09-21,3,464.13,0,79.08
O04332,C079,P048,2025-03-14,6,2353.2,20,537.98
O04333,C125,P013,2025-08-25,5,235.2,15,33.18
O04334,C035,P083,2025-03-02,6,2792.88,10,825.25
O04335,C050,P041,2025-09-02,6,1602.72,10,325.55
O04336,C251,P022,2025-01-30,5,2371.0,10,583.21
O04337,C052,P060,2025-03-04,6,1186.8,15,225.35
O04338,C235,P073,2025-11-24,3,296.19,20,45.04
O04339,C013,P018,2025-06-06,3,656.34,5,149.8
O04340,C052,P073,2025-01-01,7,691.11,20,51.53
O04341,C115,P096,2025-07-16,5,2188.4,20,508.41
O04342,C111,P050,2025-11-20,3,1393.56,15,314.59
O04343,C225,P002,2025-07-18,6,1088.64,10,108.49
O04344,C200,P042,2025-01-12,4,1667.96,10,314.58
O04345,C139,P058,2025-01-23,9,1814.67,15,383.44
O04346,C018,P014,2025-09-19,7,1114.96,15,56.59
O04347,C242,P028,2025-05-17,7,1307.46,5,383.99
O04348,C284,P012,2025-10-20,8,3625.2,0,769.09
O04349,C225,P076,2025-07-20,10,210.6,10,50.91
O04350,C090,P009,2025-08-29,3,463.05,5,116.06
O04351,C008,P079,2025-08-02,3,141.12,0,21.71
O04352,C022,P003,2025-09-16,4,1744.88,10,312.74
O04353,C234,P007,2025-10-03,8,3614.16,15,571.38
O04354,C080,P068,2025-04-13,8,2930.48,5,486.66
O04355,C186,P085,2025-08-28,9,4104.99,10,702.07
O04356,C073,P034,2025-07-12,1,389.34,5,36.87
O04357,C266,P012,2025-09-04,10,4531.5,15,584.64
O04358,C052,P026,2025-10-17,2,949.74,20,247.87
O04359,C183,P088,2025-08-14,7,2023.07,15,119.94
O04360,C265,P030,2025-07-16,10,2253.9,5,185.82
O04361,C030,P051,2025-04-21,1,16.21,20,3.27
O04362,C090,P017,2025-05-30,8,2986.88,10,214.82
O04363,C204,P046,2025-09-25,3,126.27,0,15.96
O04364,C212,P034,2025-03-25,9,3504.06,0,383.12
O04365,C085,P081,2025-11-01,7,789.18,15,71.23
O04366,C074,P070,2025-11-26,8,1848.08,5,276.66
O04367,C188,P060,2025-04-03,1,197.8,0,26.8
O04368,C248,P033,2025-08-23,7,2746.59,0,187.14
O04369,C001,P001,2025-11-09,6,1528.5,15,281.44
O04370,C105,P028,2025-01-05,10,1867.8,5,246.32
O04371,C299,P001,2025-11-06,8,2038.0,0,286.31
O04372,C072,P006,2025-09-28,6,392.22,20,33.39
O04373,C207,P084,2025-12-26,9,3695.22,0,546.36
O04374,C193,P086,2025-03-01,5,1859.75,0,523.67
O04375,C223,P042,2025-12-25,4,1667.96,10,128.75
O04376,C030,P005,2025-08-30,7,607.11,20,43.38
O04377,C164,P028,2025-11-29,1,186.78,5,29.63
O04378,C300,P069,2025-03-02,2,772.6,10,186.83
O04379,C129,P038,2025-06-09,2,61.6,0,11.57
O04380,C197,P028,2025-10-15,6,1120.68,10,225.09
O04381,C183,P074,2025-08-28,5,1455.35,15,214.68
O04382,C218,P064,2025-08-22,3,1337.82,0,249.61
O04383,C146,P024,2025-10-13,2,146.1,20,11.41
O04384,C016,P083,2025-12-26,3,1396.44,0,245.08
O04385,C286,P078,2025-10-19,4,1530.24,10,310.62
O04386,C089,P008,2025-09-05,10,2523.2,5,232.16
O04387,C051,P054,2025-12-25,10,129.1,15,17.19
O04388,C281,P076,2025-01-12,6,126.36,0,34.67
O04389,C203,P064,2025-06-23,5,2229.7,20,151.54
O04390,C094,P051,2025-10-04,8,129.68,10,16.96
O04391,C093,P050,2025-01-22,8,3716.16,5,505.12
O04392,C010,P073,2025-10-18,3,296.19,5,16.82
O04393,C173,P072,2025-09-27,3,82.59,15,10.05
O04394,C069,P081,2025-07-17,7,789.18,15,159.69
O04395,C050,P061,2025-07-05,8,1012.24,20,121.59
O04396,C186,P071,2025-04-07,9,2602.71,15,315.81
O04397,C006,P029,2025-06-22,8,2081.68,5,114.51
O04398,C111,P054,2025-06-24,4,51.64,10,12.58
O04399,C201,P011,2025-10-14,8,386.8,0,62.75
O04400,C292,P017,2025-03-26,2,746.72,20,57.01
O04401,C027,P059,2025-06-10,10,3486.6,10,983.92
O04402,C035,P079,2025-06-30,10,470.4,5,111.27
O04403,C236,P054,2025-10-06,8,103.28,15,29.85
O04404,C110,P088,2025-11-28,1,289.01,0,32.28
O04405,C203,P099,2025-07-30,7,1082.97,10,176.39
O04406,C027,P075,2025-06-24,9,3764.88,0,868.49
O04407,C102,P070,2025-10-11,4,924.04,15,78.3
O04408,C299,P016,2025-11-09,2,59.84,0,5.17
O04409,C248,P048,2025-03-27,9,3529.8,15,638.88
O04410,C269,P086,2025-09-20,9,3347.55,5,438.72
O04411,C289,P071,2025-10-09,2,578.38,20,144.43
O04412,C067,P090,2025-12-07,10,2991.9,15,627.02
O04413,C215,P072,2025-02-18,6,165.18,15,24.22
O04414,C131,P086,2025-01-10,9,3347.55,20,816.95
O04415,C231,P076,2025-02-18,6,126.36,0,27.13
O04416,C178,P005,2025-06-12,5,433.65,20,68.1
O04417,C029,P076,2025-04-09,5,105.3,10,22.69
O04418,C135,P055,2025-05-21,10,2156.7,20,119.9
O04419,C156,P068,2025-08-25,4,1465.24,20,216.68
O04420,C182,P048,2025-06-17,4,1568.8,0,232.22
O04421,C119,P022,2025-11-22,2,948.4,15,281.37
O04422,C215,P049,2025-03-18,8,3932.72,15,730.7
O04423,C299,P098,2025-01-24,8,2683.68,10,580.03
O04424,C039,P068,2025-12-23,9,3296.79,0,777.99
O04425,C059,P069,2025-04-24,9,3476.7,15,545.29
O04426,C236,P065,2025-08-06,5,972.0,10,159.21
O04427,C038,P076,2025-10-04,4,84.24,20,20.88
O04428,C114,P095,2025-07-31,1,177.16,10,45.27
O04429,C152,P032,2025-08-18,6,1476.96,5,174.63
O04430,C289,P021,2025-01-02,8,1008.72,15,105.47
O04431,C109,P068,2025-10-26,4,1465.24,15,87.77
O04432,C091,P024,2025-03-09,10,730.5,10,83.07
O04433,C229,P005,2025-05-03,7,607.11,20,102.19
O04434,C165,P042,2025-02-08,6,2501.94,20,748.19
O04435,C181,P039,2025-08-01,3,1469.91,10,210.75
O04436,C112,P094,2025-12-19,2,130.72,5,28.26
O04437,C109,P050,2025-06-16,1,464.52,10,105.26
O04438,C210,P043,2025-06-28,8,2995.2,10,366.33
O04439,C103,P073,2025-02-14,5,493.65,15,109.49
O04440,C012,P089,2025-10-21,2,441.84,10,85.81
O04441,C164,P049,2025-07-17,10,4915.9,20,1351.13
O04442,C096,P059,2025-07-01,3,1045.98,15,272.65
O04443,C086,P071,2025-02-25,7,2024.33,10,307.11
O04444,C140,P038,2025-03-11,7,215.6,0,33.81
O04445,C168,P073,2025-06-12,9,888.57,0,195.66
O04446,C104,P058,2025-08-08,6,1209.78,5,208.65
O04447,C238,P039,2025-12-24,10,4899.7,0,1103.95
O04448,C088,P006,2025-03-22,8,522.96,0,112.14
O04449,C277,P100,2025-12-25,6,711.42,5,111.03
O04450,C144,P039,2025-12-28,2,979.94,15,84.36
O04451,C101,P058,2025-11-26,9,1814.67,10,320.45
O04452,C121,P049,2025-11-16,3,1474.77,5,297.65
O04453,C060,P068,2025-02-18,8,2930.48,10,222.51
O04454,C117,P054,2025-07-15,2,25.82,15,7.57
O04455,C045,P004,2025-12-22,10,4462.1,0,401.51
O04456,C087,P063,2025-09-05,8,2463.04,15,366.86
O04457,C240,P095,2025-06-11,10,1771.6,0,271.33
O04458,C180,P072,2025-05-05,5,137.65,20,7.69
O04459,C031,P043,2025-08-11,10,3744.0,0,716.76
O04460,C252,P019,2025-09-25,9,185.58,5,42.72
O04461,C042,P078,2025-04-16,5,1912.8,5,287.97
O04462,C093,P045,2025-05-24,3,567.87,15,162.0
O04463,C015,P022,2025-10-14,9,4267.8,0,1253.84
O04464,C206,P038,2025-07-18,4,123.2,15,11.97
O04465,C196,P039,2025-12-13,2,979.94,15,184.65
O04466,C135,P039,2025-11-08,6,2939.82,0,493.37
O04467,C201,P088,2025-01-08,3,867.03,20,224.46
O04468,C079,P070,2025-02-20,3,693.03,20,47.11
O04469,C201,P068,2025-09-15,3,1098.93,0,113.64
O04470,C221,P008,2025-09-28,9,2270.88,10,560.14
O04471,C193,P044,2025-08-25,9,333.9,0,58.36
O04472,C292,P014,2025-08-25,5,796.4,15,207.9
O04473,C143,P020,2025-10-10,3,783.84,10,129.89
O04474,C196,P025,2025-05-14,4,139.08,0,37.35
O04475,C122,P060,2025-08-29,10,1978.0,0,527.5
O04476,C125,P088,2025-12-06,9,2601.09,15,382.38
O04477,C158,P078,2025-02-09,2,765.12,10,152.8
O04478,C195,P027,2025-10-26,1,273.37,5,16.04
O04479,C193,P094,2025-03-23,7,457.52,10,130.24
O04480,C175,P052,2025-02-15,8,3277.68,0,315.18
O04481,C232,P016,2025-04-28,4,119.68,20,7.1
O04482,C277,P075,2025-12-10,4,1673.28,20,282.19
O04483,C156,P020,2025-02-16,6,1567.68,0,238.93
O04484,C281,P097,2025-05-27,2,452.74,5,35.79
O04485,C055,P060,2025-05-10,9,1780.2,20,472.36
O04486,C247,P008,2025-06-14,8,2018.56,15,431.59
O04487,C249,P060,2025-06-10,2,395.6,0,98.64
O04488,C247,P029,2025-06-14,4,1040.84,10,90.59
O04489,C038,P017,2025-04-18,6,2240.16,15,537.06
O04490,C262,P037,2025-02-22,10,3295.0,15,432.59
O04491,C029,P036,2025-10-27,2,186.96,5,47.41
O04492,C280,P051,2025-06-29,10,162.1,0,17.03
O04493,C104,P065,2025-04-22,9,1749.6,20,261.34
O04494,C115,P069,2025-04-29,7,2704.1,15,790.48
O04495,C087,P041,2025-04-01,5,1335.6,0,371.66
O04496,C058,P035,2025-04-23,4,596.12,0,178.13
O04497,C215,P014,2025-10-23,8,1274.24,5,142.95
O04498,C214,P029,2025-10-01,3,780.63,5,59.67
O04499,C052,P093,2025-06-18,3,161.55,15,19.8
O04500,C278,P065,2025-08-09,8,1555.2,10,127.32
O04501,C158,P098,2025-11-25,5,1677.3,5,316.62
O04502,C117,P056,2025-08-22,4,1047.96,10,161.01
O04503,C058,P032,2025-04-24,5,1230.8,5,341.85
O04504,C066,P097,2025-11-23,4,905.48,0,266.11
O04505,C067,P085,2025-06-11,8,3648.88,10,803.51
O04506,C116,P041,2025-12-07,3,801.36,20,186.04
O04507,C187,P062,2025-11-16,4,670.8,5,78.38
O04508,C081,P047,2025-05-23,5,990.55,5,177.19
O04509,C235,P016,2025-05-11,10,299.2,20,38.54
O04510,C145,P073,2025-11-08,9,888.57,10,227.79
O04511,C124,P024,2025-01-26,6,438.3,0,126.7
O04512,C012,P031,2025-08-26,1,69.9,10,5.51
O04513,C096,P005,2025-10-14,3,260.19,5,25.77
O04514,C061,P039,2025-08-28,5,2449.85,0,185.69
O04515,C220,P037,2025-02-25,10,3295.0,15,195.83
O04516,C042,P055,2025-04-10,1,215.67,15,53.17
O04517,C256,P090,2025-01-07,5,1495.95,20,243.11
O04518,C204,P091,2025-12-11,3,1015.95,10,258.69
O04519,C064,P023,2025-05-07,6,2665.62,0,509.18
O04520,C010,P018,2025-07-23,1,218.78,10,16.59
O04521,C133,P085,2025-07-03,4,1824.44,10,198.63
O04522,C009,P090,2025-08-22,7,2094.33,20,118.49
O04523,C056,P082,2025-04-16,1,387.7,20,66.54
O04524,C105,P023,2025-01-19,1,444.27,15,74.24
O04525,C155,P094,2025-09-22,7,457.52,5,127.29
O04526,C102,P071,2025-05-17,6,1735.14,0,346.24
O04527,C261,P087,2025-10-11,8,1843.52,15,339.85
O04528,C061,P096,2025-06-28,1,437.68,20,65.56
O04529,C200,P037,2025-07-21,10,3295.0,5,447.64
O04530,C150,P037,2025-09-20,8,2636.0,15,579.81
O04531,C170,P045,2025-04-13,7,1325.03,10,115.25
O04532,C124,P021,2025-06-30,6,756.54,15,154.36
O04533,C216,P019,2025-09-02,9,185.58,10,47.71
O04534,C051,P080,2025-11-18,3,968.19,15,209.8
O04535,C251,P100,2025-07-01,9,1067.13,20,300.46
O04536,C170,P010,2025-11-11,4,1172.04,20,65.18
O04537,C097,P089,2025-05-28,4,883.68,15,193.42
O04538,C060,P056,2025-12-27,3,785.97,15,233.62
O04539,C186,P031,2025-03-22,1,69.9,0,13.87
O04540,C300,P018,2025-04-03,2,437.56,5,34.21
O04541,C146,P055,2025-08-30,2,431.34,10,45.14
O04542,C273,P047,2025-11-12,7,1386.77,20,378.15
O04543,C235,P010,2025-01-18,9,2637.09,0,625.48
O04544,C050,P032,2025-03-30,5,1230.8,0,152.81
O04545,C286,P046,2025-04-14,2,84.18,5,20.76
O04546,C095,P012,2025-05-18,10,4531.5,5,600.21
O04547,C070,P081,2025-09-26,8,901.92,15,257.44
O04548,C239,P095,2025-09-15,7,1240.12,20,162.92
O04549,C257,P036,2025-03-20,10,934.8,0,120.74
O04550,C269,P019,2025-07-02,10,206.2,10,59.39
O04551,C151,P077,2025-04-27,7,3325.07,5,187.4
O04552,C227,P099,2025-06-29,4,618.84,15,115.67
O04553,C270,P006,2025-06-11,10,653.7,15,123.82
O04554,C010,P033,2025-06-07,1,392.37,20,81.67
O04555,C280,P042,2025-06-21,10,4169.9,5,334.91
O04556,C207,P022,2025-06-21,10,4742.0,20,345.04
O04557,C004,P016,2025-02-04,5,149.6,0,41.98
O04558,C108,P068,2025-06-17,6,2197.86,15,508.17
O04559,C120,P012,2025-05-08,10,4531.5,0,924.57
O04560,C102,P004,2025-11-21,6,2677.26,15,599.29
O04561,C032,P097,2025-12-15,6,1358.22,20,187.23
O04562,C162,P007,2025-04-12,9,4065.93,5,1086.42
O04563,C042,P085,2025-05-08,5,2280.55,15,430.39
O04564,C203,P029,2025-03-02,10,2602.1,15,690.62
O04565,C218,P054,2025-01-09,9,116.19,10,6.88
O04566,C281,P036,2025-07-27,1,93.48,5,11.94
O04567,C036,P076,2025-02-14,4,84.24,15,23.74
O04568,C013,P031,2025-08-28,9,629.1,0,133.6
O04569,C188,P058,2025-02-25,10,2016.3,5,527.48
O04570,C006,P077,2025-07-08,5,2375.05,15,469.01
O04571,C162,P050,2025-12-26,7,3251.64,5,815.91
O04572,C148,P090,2025-03-29,10,2991.9,20,804.32
O04573,C190,P036,2025-05-06,4,373.92,0,94.59
O04574,C223,P004,2025-08-16,4,1784.84,0,186.06
O04575,C264,P073,2025-04-01,8,789.84,10,147.58
O04576,C063,P079,2025-09-15,3,141.12,20,39.63
O04577,C059,P056,2025-01-17,3,785.97,15,216.73
O04578,C115,P064,2025-05-11,7,3121.58,20,650.01
O04579,C063,P050,2025-05-16,9,4180.68,10,1178.01
O04580,C137,P026,2025-05-05,5,2374.35,20,510.71
O04581,C174,P076,2025-04-01,9,189.54,20,34.04
O04582,C202,P041,2025-12-30,8,2136.96,0,360.49
O04583,C083,P092,2025-03-11,6,806.04,0,191.2
O04584,C079,P004,2025-10-02,4,1784.84,20,162.33
O04585,C278,P042,2025-11-20,9,3752.91,5,742.72
O04586,C185,P029,2025-03-07,1,260.21,15,65.5
O04587,C134,P012,2025-06-09,1,453.15,15,61.37
O04588,C014,P085,2025-08-22,10,4561.1,20,653.53
O04589,C143,P023,2025-09-23,8,3554.16,20,193.89
O04590,C067,P082,2025-08-02,10,3877.0,10,367.67
O04591,C207,P073,2025-12-17,5,493.65,20,73.58
O04592,C094,P023,2025-04-26,8,3554.16,10,768.97
O04593,C233,P001,2025-09-14,2,509.5,20,112.46
O04594,C219,P063,2025-02-03,5,1539.4,0,96.97
O04595,C075,P011,2025-05-18,10,483.5,5,121.39
O04596,C026,P067,2025-12-17,6,1471.44,0,87.77
O04597,C074,P010,2025-07-10,3,879.03,5,50.49
O04598,C013,P025,2025-01-16,10,347.7,10,28.13
O04599,C175,P002,2025-03-08,3,544.32,5,96.25
O04600,C145,P034,2025-05-05,9,3504.06,5,706.64
O04601,C113,P050,2025-06-29,1,464.52,0,116.73
O04602,C242,P072,2025-06-23,5,137.65,15,10.78
O04603,C169,P091,2025-10-12,6,2031.9,20,214.27
O04604,C130,P052,2025-04-20,7,2867.97,0,528.94
O04605,C251,P016,2025-02-13,1,29.92,20,3.47
O04606,C095,P027,2025-06-26,5,1366.85,10,212.33
O04607,C116,P050,2025-08-17,1,464.52,0,132.56
O04608,C075,P042,2025-01-21,9,3752.91,5,551.28
O04609,C228,P019,2025-07-16,8,164.96,15,9.34
O04610,C099,P042,2025-07-20,7,2918.93,15,273.23
O04611,C113,P024,2025-08-25,2,146.1,10,36.74
O04612,C005,P041,2025-07-20,7,1869.84,15,506.24
O04613,C020,P056,2025-02-28,10,2619.9,20,782.12
O04614,C021,P076,2025-10-07,8,168.48,10,33.5
O04615,C098,P074,2025-11-08,6,1746.42,20,445.41
O04616,C066,P032,2025-09-23,1,246.16,20,61.99
O04617,C006,P080,2025-02-01,9,2904.57,10,584.58
O04618,C171,P042,2025-11-15,6,2501.94,0,237.62
O04619,C201,P010,2025-11-05,6,1758.06,5,391.87
O04620,C267,P069,2025-04-10,8,3090.4,20,446.22
O04621,C107,P033,2025-01-30,5,1961.85,20,206.18
O04622,C268,P006,2025-02-07,6,392.22,0,115.91
O04623,C141,P049,2025-11-10,2,983.18,10,80.96
O04624,C274,P045,2025-08-14,4,757.16,15,198.33
O04625,C059,P095,2025-02-22,3,531.48,10,51.01
O04626,C105,P044,2025-05-11,8,296.8,15,55.38
O04627,C067,P081,2025-05-01,3,338.22,20,32.49
O04628,C214,P049,2025-08-14,8,3932.72,15,644.74
O04629,C130,P014,2025-04-01,3,477.84,15,33.23
O04630,C175,P060,2025-10-21,4,791.2,10,217.75
O04631,C054,P034,2025-11-14,3,1168.02,15,77.84
O04632,C286,P035,2025-10-30,2,298.06,10,49.61
O04633,C003,P100,2025-10-11,3,355.71,20,20.92
O04634,C023,P051,2025-03-20,1,16.21,15,3.95
O04635,C233,P014,2025-09-12,8,1274.24,5,85.66
O04636,C176,P048,2025-09-10,4,1568.8,0,423.23
O04637,C181,P075,2025-08-18,8,3346.56,5,633.97
O04638,C061,P011,2025-07-20,5,241.75,0,19.5
O04639,C146,P054,2025-08-08,5,64.55,0,11.98
O04640,C003,P086,2025-10-18,5,1859.75,20,287.74
O04641,C298,P086,2025-04-01,1,371.95,10,69.67
O04642,C028,P038,2025-01-04,9,277.2,10,37.85
O04643,C079,P069,2025-02-02,3,1158.9,15,105.26
O04644,C290,P014,2025-04-06,9,1433.52,0,142.04
O04645,C150,P068,2025-12-30,3,1098.93,0,325.6
O04646,C018,P041,2025-07-20,9,2404.08,10,120.69
O04647,C123,P013,2025-04-03,5,235.2,10,54.02
O04648,C287,P096,2025-10-20,10,4376.8,5,998.16
O04649,C105,P094,2025-09-19,10,653.6,5,163.57
O04650,C084,P064,2025-04-10,7,3121.58,0,784.64
O04651,C106,P032,2025-02-09,4,984.64,20,63.7
O04652,C164,P068,2025-08-27,9,3296.79,0,750.64
O04653,C259,P063,2025-07-08,4,1231.52,10,202.71
O04654,C142,P048,2025-06-10,1,392.2,20,60.96
O04655,C263,P001,2025-05-04,10,2547.5,0,184.77
O04656,C089,P090,2025-08-20,5,1495.95,20,337.26
O04657,C134,P085,2025-11-23,5,2280.55,5,391.6
O04658,C060,P081,2025-07-30,8,901.92,15,131.36
O04659,C158,P080,2025-04-13,4,1290.92,10,128.99
O04660,C264,P082,2025-10-29,6,2326.2,0,530.79
O04661,C166,P012,2025-08-24,4,1812.6,15,431.75
O04662,C245,P073,2025-07-31,1,98.73,20,17.44
O04663,C056,P072,2025-11-05,7,192.71,15,45.98
O04664,C224,P100,2025-08-18,4,474.28,15,118.9
O04665,C193,P002,2025-11-15,1,181.44,15,42.1
O04666,C064,P001,2025-11-19,6,1528.5,20,425.68
O04667,C067,P078,2025-07-25,5,1912.8,0,147.15
O04668,C072,P085,2025-03-31,3,1368.33,0,390.15
O04669,C025,P079,2025-12-29,7,329.28,20,21.68
O04670,C152,P065,2025-08-25,5,972.0,5,77.51
O04671,C081,P099,2025-04-16,7,1082.97,20,118.28
O04672,C257,P052,2025-12-25,10,4097.1,15,1211.94
O04673,C064,P069,2025-11-20,1,386.3,20,108.81
O04674,C294,P044,2025-05-27,6,222.6,5,51.08
O04675,C145,P021,2025-11-17,7,882.63,20,125.3
O04676,C174,P097,2025-05-16,5,1131.85,20,122.35
O04677,C118,P026,2025-09-08,10,4748.7,10,599.96
O04678,C085,P078,2025-02-01,8,3060.48,20,572.96
O04679,C069,P070,2025-01-06,10,2310.1,20,190.88
O04680,C224,P054,2025-09-18,6,77.46,10,16.08
O04681,C059,P072,2025-09-19,10,275.3,20,31.4
O04682,C088,P030,2025-10-20,10,2253.9,20,128.22
O04683,C265,P082,2025-03-25,4,1550.8,5,372.92
O04684,C100,P028,2025-12-21,10,1867.8,15,346.78
O04685,C239,P032,2025-07-31,6,1476.96,20,95.73
O04686,C074,P066,2025-08-08,9,711.54,0,167.22
O04687,C209,P094,2025-04-11,3,196.08,20,32.02
O04688,C206,P004,2025-10-03,8,3569.68,20,889.22
O04689,C167,P014,2025-04-06,8,1274.24,10,222.87
O04690,C176,P098,2025-08-01,3,1006.38,0,79.95
O04691,C293,P020,2025-10-24,10,2612.8,5,457.23
O04692,C210,P051,2025-05-21,2,32.42,15,2.2
O04693,C010,P011,2025-08-20,7,338.45,15,18.66
O04694,C218,P013,2025-11-21,7,329.28,10,39.65
O04695,C204,P073,2025-06-12,7,691.11,0,77.67
O04696,C267,P033,2025-07-09,7,2746.59,10,283.89
O04697,C039,P018,2025-04-11,10,2187.8,5,220.15
O04698,C126,P060,2025-05-05,6,1186.8,5,213.76
O04699,C060,P005,2025-11-16,5,433.65,10,23.36
O04700,C219,P068,2025-12-16,3,1098.93,0,261.34
O04701,C197,P003,2025-09-26,5,2181.1,10,431.87
O04702,C228,P080,2025-07-17,1,322.73,15,72.9
O04703,C017,P021,2025-09-01,4,504.36,20,137.9
O04704,C005,P039,2025-07-03,2,979.94,0,280.54
O04705,C079,P084,2025-07-29,8,3284.64,20,167.42
O04706,C080,P088,2025-04-20,5,1445.05,0,127.59
O04707,C260,P082,2025-04-18,8,3101.6,10,163.0
O04708,C208,P036,2025-08-30,2,186.96,10,19.86
O04709,C082,P049,2025-07-18,3,1474.77,15,115.05
O04710,C043,P041,2025-01-12,10,2671.2,15,164.28
O04711,C016,P030,2025-10-28,5,1126.95,5,195.0
O04712,C235,P067,2025-03-17,9,2207.16,10,159.79
O04713,C083,P081,2025-04-28,6,676.44,5,52.13
O04714,C212,P070,2025-01-18,2,462.02,15,49.43
O04715,C035,P035,2025-05-23,2,298.06,10,67.35
O04716,C255,P089,2025-12-09,4,883.68,15,189.83
O04717,C239,P057,2025-11-02,6,1860.78,10,467.45
O04718,C148,P084,2025-12-26,2,821.16,15,95.37
O04719,C164,P008,2025-06-22,5,1261.6,15,186.15
O04720,C139,P029,2025-07-10,9,2341.89,15,120.37
O04721,C055,P098,2025-04-16,5,1677.3,0,117.87
O04722,C040,P065,2025-01-09,5,972.0,15,227.33
O04723,C107,P059,2025-03-20,7,2440.62,10,347.21
O04724,C236,P098,2025-03-11,3,1006.38,20,60.48
O04725,C185,P060,2025-09-13,1,197.8,5,32.46
O04726,C079,P069,2025-10-17,1,386.3,0,25.26
O04727,C245,P057,2025-07-02,1,310.13,10,17.7
O04728,C085,P045,2025-09-21,10,1892.9,20,439.43
O04729,C049,P049,2025-11-28,2,983.18,10,168.4
O04730,C038,P090,2025-04-13,9,2692.71,15,537.09
O04731,C199,P040,2025-11-09,2,912.58,5,179.87
O04732,C104,P061,2025-11-14,9,1138.77,0,193.61
O04733,C127,P080,2025-11-23,7,2259.11,20,301.87
O04734,C039,P019,2025-04-07,8,164.96,0,21.42
O04735,C043,P058,2025-03-28,8,1613.04,5,385.16
O04736,C051,P089,2025-12-10,9,1988.28,0,106.19
O04737,C066,P043,2025-05-06,10,3744.0,5,823.53
O04738,C029,P016,2025-11-29,9,269.28,5,17.67
O04739,C102,P004,2025-05-16,6,2677.26,5,648.25
O04740,C300,P008,2025-01-04,7,1766.24,5,263.07
O04741,C244,P078,2025-12-05,4,1530.24,5,301.31
O04742,C131,P097,2025-06-17,7,1584.59,5,106.82
O04743,C125,P090,2025-01-09,10,2991.9,20,744.96
O04744,C044,P040,2025-06-23,8,3650.32,10,823.67
O04745,C265,P038,2025-08-22,4,123.2,5,8.22
O04746,C273,P033,2025-05-13,1,392.37,0,90.41
O04747,C031,P075,2025-08-15,10,4183.2,0,520.82
O04748,C106,P017,2025-02-27,9,3360.24,10,402.44
O04749,C021,P048,2025-02-10,9,3529.8,15,399.38
O04750,C010,P045,2025-11-18,3,567.87,5,59.47
O04751,C180,P067,2025-11-24,5,1226.2,20,195.43
O04752,C151,P033,2025-01-31,7,2746.59,20,288.38
O04753,C100,P086,2025-03-30,9,3347.55,0,264.82
O04754,C196,P038,2025-01-01,9,277.2,10,64.45
O04755,C124,P032,2025-01-31,8,1969.28,5,291.02
O04756,C011,P055,2025-04-25,5,1078.35,15,59.86
O04757,C299,P035,2025-07-18,7,1043.21,0,181.95
O04758,C236,P076,2025-12-19,3,63.18,5,5.33
O04759,C218,P021,2025-04-13,3,378.27,20,89.26
O04760,C265,P049,2025-11-26,6,2949.54,5,202.46
O04761,C150,P066,2025-04-03,5,395.3,5,112.83
O04762,C274,P015,2025-06-17,7,2568.79,0,203.06
O04763,C062,P100,2025-03-15,8,948.56,10,119.37
O04764,C225,P076,2025-10-29,4,84.24,0,24.91
O04765,C159,P011,2025-10-22,5,241.75,20,14.5
O04766,C212,P087,2025-06-30,5,1152.2,10,105.43
O04767,C141,P070,2025-06-05,8,1848.08,10,191.86
O04768,C186,P009,2025-06-09,7,1080.45,20,190.81
O04769,C104,P033,2025-08-22,1,392.37,5,35.29
O04770,C250,P010,2025-04-22,1,293.01,20,50.88
O04771,C028,P035,2025-05-12,2,298.06,15,47.93
O04772,C042,P047,2025-03-08,4,792.44,0,127.76
O04773,C200,P068,2025-06-12,10,3663.1,15,294.94
O04774,C223,P037,2025-01-07,7,2306.5,0,371.1
O04775,C090,P091,2025-09-25,7,2370.55,5,619.96
O04776,C003,P100,2025-06-06,4,474.28,20,125.08
O04777,C063,P100,2025-05-04,6,711.42,20,135.06
O04778,C048,P078,2025-11-28,4,1530.24,5,152.06
O04779,C293,P035,2025-02-20,10,1490.3,0,245.15
O04780,C186,P029,2025-08-16,10,2602.1,0,310.53
O04781,C298,P047,2025-10-13,3,594.33,5,166.25
O04782,C211,P041,2025-09-16,3,801.36,0,56.94
O04783,C170,P064,2025-04-03,5,2229.7,10,318.46
O04784,C196,P069,2025-09-18,9,3476.7,15,527.47
O04785,C040,P052,2025-05-05,1,409.71,20,75.52
O04786,C128,P008,2025-11-22,5,1261.6,5,181.06
O04787,C258,P033,2025-01-04,10,3923.7,15,1156.48
O04788,C241,P019,2025-04-02,2,41.24,20,3.39
O04789,C255,P080,2025-11-21,6,1936.38,10,314.42
O04790,C072,P049,2025-10-30,8,3932.72,5,1144.96
O04791,C206,P034,2025-07-07,6,2336.04,5,235.12
O04792,C247,P038,2025-08-21,4,123.2,20,27.68
O04793,C256,P060,2025-07-29,5,989.0,20,95.1
O04794,C025,P072,2025-12-24,5,137.65,5,8.13
O04795,C234,P083,2025-04-21,7,3258.36,15,916.88
O04796,C041,P075,2025-03-05,7,2928.24,15,748.28
O04797,C201,P084,2025-10-17,7,2874.06,0,730.63
O04798,C106,P031,2025-02-10,7,489.3,5,65.96
O04799,C175,P024,2025-09-25,6,438.3,5,98.98
O04800,C109,P006,2025-02-26,7,457.59,15,66.65
O04801,C191,P057,2025-06-26,10,3101.3,5,347.05
O04802,C155,P015,2025-06-09,7,2568.79,5,173.16
O04803,C020,P005,2025-04-12,6,520.38,15,133.81
O04804,C197,P070,2025-03-12,5,1155.05,20,251.86
O04805,C297,P100,2025-06-30,9,1067.13,20,162.45
O04806,C079,P092,2025-11-27,6,806.04,15,89.16
O04807,C043,P093,2025-11-09,8,430.8,15,51.61
O04808,C177,P023,2025-07-31,1,444.27,15,56.31
O04809,C191,P010,2025-01-23,4,1172.04,20,300.43
O04810,C092,P086,2025-03-03,9,3347.55,10,839.37
O04811,C253,P058,2025-09-10,7,1411.41,20,212.57
O04812,C096,P081,2025-06-08,7,789.18,10,76.14
O04813,C228,P040,2025-08-14,1,456.29,20,68.84
O04814,C268,P099,2025-07-19,8,1237.68,5,177.52
O04815,C219,P057,2025-07-02,9,2791.17,0,406.8
O04816,C205,P027,2025-12-05,7,1913.59,15,552.08
O04817,C217,P060,2025-10-12,8,1582.4,20,284.35
O04818,C014,P012,2025-05-19,10,4531.5,20,335.18
O04819,C043,P099,2025-07-31,6,928.26,10,112.48
O04820,C074,P072,2025-05-24,8,220.24,5,59.01
O04821,C229,P094,2025-12-01,4,261.44,10,76.76
O04822,C107,P013,2025-03-30,6,282.24,20,42.74
O04823,C143,P022,2025-12-30,5,2371.0,5,629.96
O04824,C072,P049,2025-09-12,5,2457.95,5,370.64
O04825,C220,P061,2025-09-29,7,885.71,15,166.05
O04826,C074,P098,2025-11-08,10,3354.6,20,796.15
O04827,C257,P024,2025-05-15,4,292.2,10,60.57
O04828,C093,P028,2025-11-02,8,1494.24,20,361.68
O04829,C010,P016,2025-07-19,1,29.92,10,5.67
O04830,C270,P056,2025-09-29,7,1833.93,10,158.55
O04831,C251,P068,2025-01-07,3,1098.93,0,155.87
O04832,C226,P068,2025-03-18,4,1465.24,0,205.51
O04833,C136,P050,2025-04-02,1,464.52,10,45.05
O04834,C085,P062,2025-07-06,9,1509.3,5,111.4
O04835,C292,P089,2025-10-31,10,2209.2,15,468.82
O04836,C297,P026,2025-03-28,3,1424.61,20,329.52
O04837,C213,P001,2025-07-20,8,2038.0,5,281.31
O04838,C279,P052,2025-01-06,9,3687.39,5,337.05
O04839,C025,P095,2025-09-21,9,1594.44,5,300.23
O04840,C009,P056,2025-11-06,1,261.99,20,32.55
O04841,C165,P085,2025-08-08,3,1368.33,5,256.1
O04842,C216,P066,2025-02-03,9,711.54,20,143.53
O04843,C143,P048,2025-11-20,1,392.2,15,104.88
O04844,C039,P011,2025-08-25,1,48.35,20,7.42
O04845,C061,P050,2025-01-23,4,1858.08,5,130.8
O04846,C148,P034,2025-06-21,1,389.34,0,85.1
O04847,C084,P037,2025-09-08,6,1977.0,15,333.91
O04848,C267,P037,2025-07-02,6,1977.0,15,534.28
O04849,C114,P029,2025-10-24,4,1040.84,0,116.86
O04850,C277,P032,2025-10-18,9,2215.44,15,247.65
O04851,C295,P009,2025-06-19,10,1543.5,0,308.92
O04852,C165,P012,2025-11-27,5,2265.75,5,430.47
O04853,C159,P002,2025-10-29,2,362.88,5,19.24
O04854,C225,P079,2025-03-22,9,423.36,10,46.14
O04855,C257,P018,2025-04-19,1,218.78,20,31.84
O04856,C197,P038,2025-08-09,10,308.0,15,65.46
O04857,C199,P082,2025-04-17,4,1550.8,0,458.54
O04858,C224,P069,2025-12-07,8,3090.4,15,434.92
O04859,C164,P040,2025-03-06,5,2281.45,5,154.35
O04860,C034,P071,2025-04-17,2,578.38,20,36.58
O04861,C173,P084,2025-09-09,10,4105.8,20,556.48
O04862,C259,P075,2025-11-12,3,1254.96,15,318.26
O04863,C047,P080,2025-07-06,10,3227.3,20,395.93
O04864,C169,P007,2025-12-19,7,3162.39,10,797.26
O04865,C169,P031,2025-05-07,1,69.9,0,19.76
O04866,C041,P070,2025-07-14,3,693.03,15,79.19
O04867,C295,P035,2025-11-06,8,1192.24,5,353.11
O04868,C064,P059,2025-08-21,7,2440.62,0,480.5
O04869,C015,P060,2025-06-17,5,989.0,0,115.69
O04870,C005,P098,2025-09-21,1,335.46,15,33.72
O04871,C237,P004,2025-11-15,1,446.21,0,27.22
O04872,C283,P041,2025-05-01,10,2671.2,5,660.53
O04873,C241,P066,2025-03-28,5,395.3,15,24.12
O04874,C022,P015,2025-09-16,6,2201.82,10,307.92
O04875,C059,P068,2025-01-31,7,2564.17,15,570.54
O04876,C100,P015,2025-12-05,6,2201.82,20,622.27
O04877,C267,P059,2025-06-15,9,3137.94,15,742.82
O04878,C227,P003,2025-07-01,1,436.22,10,30.9
O04879,C078,P015,2025-12-02,2,733.94,5,181.23
O04880,C048,P035,2025-11-06,3,447.09,5,91.07
O04881,C058,P036,2025-08-16,7,654.36,0,138.6
O04882,C069,P027,2025-11-12,7,1913.59,0,343.65
O04883,C022,P035,2025-12-10,10,1490.3,10,180.53
O04884,C126,P007,2025-09-01,5,2258.85,10,521.64
O04885,C261,P005,2025-05-29,10,867.3,20,160.24
O04886,C130,P026,2025-07-16,6,2849.22,5,831.0
O04887,C294,P067,2025-12-30,3,735.72,0,113.55
O04888,C116,P025,2025-11-21,5,173.85,0,50.96
O04889,C180,P047,2025-04-20,6,1188.66,20,62.79
O04890,C177,P100,2025-08-30,9,1067.13,15,77.61
O04891,C025,P095,2025-08-14,3,531.48,15,137.52
O04892,C258,P083,2025-08-06,4,1861.92,10,243.09
O04893,C056,P066,2025-11-25,6,474.36,0,67.77
O04894,C033,P007,2025-06-27,9,4065.93,20,619.51
O04895,C042,P005,2025-07-14,2,173.46,20,37.84
O04896,C091,P090,2025-10-02,4,1196.76,0,200.6
O04897,C002,P003,2025-01-02,1,436.22,0,95.21
O04898,C129,P059,2025-02-07,1,348.66,10,99.53
O04899,C268,P021,2025-08-10,1,126.09,5,30.99
O04900,C198,P075,2025-12-11,1,418.32,5,55.76
O04901,C116,P013,2025-11-11,2,94.08,5,24.62
O04902,C112,P044,2025-10-30,7,259.7,20,34.81
O04903,C206,P085,2025-05-22,1,456.11,5,40.29
O04904,C123,P059,2025-09-12,9,3137.94,5,229.83
O04905,C017,P021,2025-07-06,10,1260.9,15,357.3
O04906,C137,P031,2025-12-05,10,699.0,5,93.9
O04907,C215,P036,2025-11-09,7,654.36,0,69.9
O04908,C211,P076,2025-08-11,5,105.3,0,28.83
O04909,C201,P085,2025-07-06,3,1368.33,20,259.49
O04910,C015,P093,2025-03-15,9,484.65,15,99.32
O04911,C001,P044,2025-01-02,7,259.7,15,74.14
O04912,C265,P091,2025-07-11,9,3047.85,20,686.19
O04913,C050,P027,2025-10-22,6,1640.22,5,365.47
O04914,C277,P076,2025-10-31,7,147.42,5,25.14
O04915,C253,P063,2025-06-02,6,1847.28,15,227.17
O04916,C244,P037,2025-10-18,10,3295.0,5,399.67
O04917,C023,P096,2025-12-06,8,3501.44,20,635.82
O04918,C071,P004,2025-05-31,9,4015.89,0,703.93
O04919,C179,P041,2025-01-08,6,1602.72,0,92.92
O04920,C158,P012,2025-05-14,9,4078.35,20,1176.24
O04921,C242,P098,2025-02-04,9,3019.14,5,650.52
O04922,C288,P062,2025-12-16,3,503.1,15,103.31
O04923,C235,P001,2025-01-19,4,1019.0,0,229.02
O04924,C046,P012,2025-05-13,9,4078.35,0,493.85
O04925,C178,P092,2025-10-08,1,134.34,5,37.7
O04926,C273,P017,2025-03-25,9,3360.24,0,491.2
O04927,C143,P062,2025-06-13,3,503.1,10,142.01
O04928,C198,P019,2025-08-05,3,61.86,15,14.85
O04929,C186,P002,2025-05-29,3,544.32,15,87.53
O04930,C141,P020,2025-05-12,5,1306.4,0,251.01
O04931,C300,P084,2025-10-19,7,2874.06,15,700.45
O04932,C231,P001,2025-09-06,4,1019.0,20,88.86
O04933,C213,P047,2025-01-07,3,594.33,10,100.72
O04934,C041,P063,2025-03-26,8,2463.04,5,153.08
O04935,C002,P055,2025-01-14,2,431.34,0,93.99
O04936,C004,P076,2025-07-10,6,126.36,20,23.58
O04937,C166,P052,2025-10-05,1,409.71,15,56.64
O04938,C274,P015,2025-04-12,1,366.97,20,46.88
O04939,C232,P069,2025-01-20,5,1931.5,15,222.28
O04940,C088,P063,2025-09-15,4,1231.52,15,313.13
O04941,C075,P034,2025-04-11,3,1168.02,15,345.88
O04942,C036,P063,2025-08-12,1,307.88,5,43.07
O04943,C235,P092,2025-06-06,3,403.02,5,105.7
O04944,C168,P100,2025-11-26,7,829.99,10,139.32
O04945,C103,P006,2025-04-10,5,326.85,5,49.9
O04946,C005,P054,2025-11-09,9,116.19,20,21.39
O04947,C294,P008,2025-02-17,10,2523.2,0,584.49
O04948,C269,P044,2025-11-07,7,259.7,20,66.88
O04949,C271,P001,2025-08-28,2,509.5,0,39.31
O04950,C013,P087,2025-04-28,10,2304.4,0,683.18
O04951,C294,P036,2025-07-04,3,280.44,5,74.37
O04952,C049,P063,2025-08-17,7,2155.16,5,349.07
O04953,C164,P014,2025-07-24,5,796.4,10,71.96
O04954,C098,P064,2025-06-13,5,2229.7,10,600.78
O04955,C184,P077,2025-02-11,7,3325.07,20,959.01
O04956,C006,P100,2025-04-12,2,237.14,20,69.76
O04957,C080,P060,2025-03-06,9,1780.2,15,255.32
O04958,C034,P024,2025-08-15,5,365.25,15,65.01
O04959,C275,P076,2025-07-29,4,84.24,10,8.14
O04960,C188,P020,2025-01-27,4,1045.12,5,207.91
O04961,C025,P083,2025-11-25,1,465.48,15,76.04
O04962,C226,P007,2025-05-24,10,4517.7,10,331.55
O04963,C167,P033,2025-03-06,4,1569.48,0,164.42
O04964,C260,P035,2025-11-29,2,298.06,10,27.78
O04965,C256,P080,2025-09-15,10,3227.3,15,725.55
O04966,C259,P083,2025-07-01,8,3723.84,0,876.79
O04967,C005,P005,2025-12-27,3,260.19,20,58.29
O04968,C047,P058,2025-08-03,4,806.52,5,138.21
O04969,C147,P041,2025-10-14,2,534.24,0,135.39
O04970,C047,P095,2025-12-19,2,354.32,20,75.96
O04971,C182,P056,2025-10-23,8,2095.92,0,292.5
O04972,C295,P022,2025-07-03,3,1422.6,5,257.34
O04973,C148,P095,2025-08-02,1,177.16,15,20.05
O04974,C157,P076,2025-12-31,10,210.6,15,43.25
O04975,C289,P004,2025-09-04,9,4015.89,20,900.51
O04976,C083,P044,2025-04-01,3,111.3,5,7.62
O04977,C150,P057,2025-05-25,2,620.26,0,94.72
O04978,C021,P010,2025-05-11,3,879.03,0,165.78
O04979,C299,P031,2025-02-11,2,139.8,5,27.68
O04980,C287,P098,2025-03-15,6,2012.76,20,373.13
O04981,C070,P037,2025-04-12,6,1977.0,0,220.48
O04982,C192,P004,2025-11-14,1,446.21,10,68.97
O04983,C283,P099,2025-12-23,6,928.26,5,87.22
O04984,C285,P098,2025-07-21,7,2348.22,20,505.35
O04985,C104,P019,2025-11-01,5,103.1,0,10.69
O04986,C012,P002,2025-01-19,9,1632.96,10,248.38
O04987,C125,P044,2025-06-24,4,148.4,10,23.74
O04988,C123,P082,2025-03-19,9,3489.3,5,348.97
O04989,C049,P047,2025-02-24,4,792.44,20,79.54
O04990,C212,P002,2025-07-06,10,1814.4,20,539.46
O04991,C051,P091,2025-11-30,8,2709.2,10,643.37
O04992,C116,P064,2025-11-27,2,891.88,15,240.16
O04993,C101,P040,2025-06-13,10,4562.9,0,295.86
O04994,C044,P071,2025-07-19,9,2602.71,15,312.37
O04995,C143,P053,2025-09-10,10,4343.0,20,1147.61
O04996,C226,P011,2025-01-20,10,483.5,0,110.75
O04997,C011,P031,2025-08-03,9,629.1,20,86.88
O04998,C163,P051,2025-09-12,5,81.05,10,5.03
O04999,C261,P017,2025-06-21,8,2986.88,15,421.89
O05000,C001,P030,2025-01-15,2,450.78,5,87.6
