CustomerID,CustomerID,Region,City
C011,C011,Region 6,City 12
C106,C106,Region 2,City 17
C145,C145,Region 10,City 26
C183,C183,Region 1,City 4
C259,C259,Region 7,City 20
C191,C191,Region 5,City 12
C074,C074,Region 7,City 15
C198,C198,Region 4,City 19
C074,C074,Region 7,City 15
C137,C137,Region 10,City 18
C278,C278,Region 2,City 9
C074,C074,Region 7,City 15
C177,C177,Region 8,City 28
C269,C269,Region 6,City 30
C159,C159,Region 9,City 10
C233,C233,Region 2,City 24
C255,C255,Region 9,City 16
C071,C071,Region 3,City 12
C150,C150,Region 8,City 1
C068,C068,Region 5,City 9
C286,C286,Region 10,City 17
C285,C285,Region 3,City 16
C235,C235,Region 4,City 26
C148,C148,Region 1,City 29
C227,C227,Region 9,City 18
C102,C102,Region 7,City 13
C118,C118,Region 4,City 29
C076,C076,Region 6,City 17
C131,C131,Region 7,City 12
C049,C049,Region 2,City 20
C290,C290,Region 2,City 21
C081,C081,Region 7,City 22
C199,C199,Region 8,City 20
C156,C156,Region 2,City 7
C117,C117,Region 10,City 28
C033,C033,Region 1,City 4
C175,C175,Region 4,City 26
C158,C158,Region 9,City 9
C260,C260,Region 3,City 21
C181,C181,Region 4,City 2
C210,C210,Region 7,City 1
C135,C135,Region 2,City 16
C128,C128,Region 2,City 9
C124,C124,Region 5,City 5
C036,C036,Region 9,City 7
C223,C223,Region 3,City 14
C204,C204,Region 3,City 25
C155,C155,Region 3,City 6
C021,C021,Region 5,City 22
C153,C153,Region 1,City 4
C030,C030,Region 1,City 1
C133,C133,Region 4,City 14
C271,C271,Region 2,City 2
C118,C118,Region 4,City 29
C067,C067,Region 1,City 8
C152,C152,Region 4,City 3
C121,C121,Region 7,City 2
C260,C260,Region 3,City 21
C172,C172,Region 1,City 23
C114,C114,Region 5,City 25
C045,C045,Region 4,City 16
C035,C035,Region 1,City 6
C049,C049,Region 2,City 20
C082,C082,Region 6,City 23
C096,C096,Region 4,City 7
C109,C109,Region 8,City 20
C275,C275,Region 9,City 6
C238,C238,Region 5,City 29
C128,C128,Region 2,City 9
C082,C082,Region 6,City 23
C006,C006,Region 9,City 7
C252,C252,Region 6,City 13
C242,C242,Region 7,City 3
C100,C100,Region 1,City 11
C077,C077,Region 8,City 18
C251,C251,Region 1,City 12
C171,C171,Region 3,City 22
C014,C014,Region 7,City 15
C033,C033,Region 1,City 4
C174,C174,Region 10,City 25
C291,C291,Region 4,City 22
C218,C218,Region 4,City 9
C026,C026,Region 7,City 27
C027,C027,Region 5,City 28
C097,C097,Region 6,City 8
C116,C116,Region 1,City 27
C267,C267,Region 5,City 28
C211,C211,Region 9,City 2
C218,C218,Region 4,City 9
C124,C124,Region 5,City 5
C038,C038,Region 4,City 9
C272,C272,Region 5,City 3
C005,C005,Region 8,City 6
C243,C243,Region 10,City 4
C012,C012,Region 1,City 13
C015,C015,Region 6,City 16
C115,C115,Region 5,City 26
C163,C163,Region 5,City 14
C282,C282,Region 1,City 13
C026,C026,Region 7,City 27
C243,C243,Region 10,City 4
C052,C052,Region 4,City 23
C042,C042,Region 5,City 13
C040,C040,Region 3,City 11
C276,C276,Region 2,City 7
C179,C179,Region 5,City 30
C244,C244,Region 3,City 5
C146,C146,Region 7,City 27
C185,C185,Region 10,City 6
C253,C253,Region 7,City 14
C106,C106,Region 2,City 17
C270,C270,Region 1,City 1
C039,C039,Region 6,City 10
C225,C225,Region 7,City 16
C009,C009,Region 7,City 10
C095,C095,Region 7,City 6
C093,C093,Region 8,City 4
C048,C048,Region 10,City 19
C006,C006,Region 9,City 7
C046,C046,Region 4,City 17
C268,C268,Region 8,City 29
C286,C286,Region 10,City 17
C119,C119,Region 1,City 30
C295,C295,Region 2,City 26
C173,C173,Region 4,City 24
C149,C149,Region 9,City 30
C033,C033,Region 1,City 4
C213,C213,Region 2,City 4
C042,C042,Region 5,City 13
C247,C247,Region 6,City 8
C166,C166,Region 5,City 17
C296,C296,Region 2,City 27
C258,C258,Region 5,City 19
C274,C274,Region 1,City 5
C073,C073,Region 7,City 14
C234,C234,Region 8,City 25
C296,C296,Region 2,City 27
C097,C097,Region 6,City 8
C270,C270,Region 1,City 1
C113,C113,Region 8,City 24
C275,C275,Region 9,City 6
C171,C171,Region 3,City 22
C038,C038,Region 4,City 9
C070,C070,Region 2,City 11
C187,C187,Region 3,City 8
C221,C221,Region 1,City 12
C078,C078,Region 8,City 19
C262,C262,Region 3,City 23
C013,C013,Region 6,City 14
C284,C284,Region 8,City 15
C106,C106,Region 2,City 17
C093,C093,Region 8,City 4
C287,C287,Region 1,City 18
C001,C001,Region 10,City 2
C062,C062,Region 8,City 3
C246,C246,Region 10,City 7
C106,C106,Region 2,City 17
C021,C021,Region 5,City 22
C154,C154,Region 10,City 5
C125,C125,Region 6,City 6
C250,C250,Region 5,City 11
C112,C112,Region 10,City 23
C165,C165,Region 9,City 16
C286,C286,Region 10,City 17
C253,C253,Region 7,City 14
C171,C171,Region 3,City 22
C060,C060,Region 4,City 1
C271,C271,Region 2,City 2
C052,C052,Region 4,City 23
C293,C293,Region 3,City 24
C049,C049,Region 2,City 20
C215,C215,Region 9,City 6
C035,C035,Region 1,City 6
C088,C088,Region 5,City 29
C087,C087,Region 7,City 28
C235,C235,Region 4,City 26
C038,C038,Region 4,City 9
C253,C253,Region 7,City 14
C297,C297,Region 8,City 28
C006,C006,Region 9,City 7
C257,C257,Region 6,City 18
C253,C253,Region 7,City 14
C049,C049,Region 2,City 20
C126,C126,Region 7,City 7
C221,C221,Region 1,City 12
C030,C030,Region 1,City 1
C300,C300,Region 5,City 1
C065,C065,Region 3,City 6
C237,C237,Region 1,City 28
C129,C129,Region 10,City 10
C137,C137,Region 10,City 18
C092,C092,Region 2,City 3
C019,C019,Region 1,City 20
C274,C274,Region 1,City 5
C080,C080,Region 8,City 21
C087,C087,Region 7,City 28
C287,C287,Region 1,City 18
C181,C181,Region 4,City 2
C049,C049,Region 2,City 20
C083,C083,Region 1,City 24
C043,C043,Region 9,City 14
C211,C211,Region 9,City 2
C136,C136,Region 5,City 17
C247,C247,Region 6,City 8
C113,C113,Region 8,City 24
C159,C159,Region 9,City 10
C242,C242,Region 7,City 3
C005,C005,Region 8,City 6
C191,C191,Region 5,City 12
C230,C230,Region 1,City 21
C143,C143,Region 8,City 24
C105,C105,Region 7,City 16
C118,C118,Region 4,City 29
C011,C011,Region 6,City 12
C031,C031,Region 5,City 2
C110,C110,Region 3,City 21
C196,C196,Region 6,City 17
C072,C072,Region 9,City 13
C040,C040,Region 3,City 11
C024,C024,Region 2,City 25
C048,C048,Region 10,City 19
C114,C114,Region 5,City 25
C005,C005,Region 8,City 6
C240,C240,Region 5,City 1
C151,C151,Region 10,City 2
C189,C189,Region 9,City 10
C144,C144,Region 4,City 25
C095,C095,Region 7,City 6
C249,C249,Region 2,City 10
C166,C166,Region 5,City 17
C186,C186,Region 8,City 7
C293,C293,Region 3,City 24
C204,C204,Region 3,City 25
C281,C281,Region 8,City 12
C171,C171,Region 3,City 22
C061,C061,Region 1,City 2
C264,C264,Region 2,City 25
C178,C178,Region 3,City 29
C062,C062,Region 8,City 3
C182,C182,Region 5,City 3
C032,C032,Region 4,City 3
C248,C248,Region 6,City 9
C215,C215,Region 9,City 6
C058,C058,Region 4,City 29
C284,C284,Region 8,City 15
C135,C135,Region 2,City 16
C136,C136,Region 5,City 17
C043,C043,Region 9,City 14
C107,C107,Region 5,City 18
C200,C200,Region 3,City 21
C107,C107,Region 5,City 18
C054,C054,Region 10,City 25
C278,C278,Region 2,City 9
C286,C286,Region 10,City 17
C219,C219,Region 1,City 10
C089,C089,Region 3,City 30
C073,C073,Region 7,City 14
C239,C239,Region 2,City 30
C091,C091,Region 8,City 2
C066,C066,Region 5,City 7
C204,C204,Region 3,City 25
C139,C139,Region 8,City 20
C297,C297,Region 8,City 28
C031,C031,Region 5,City 2
C049,C049,Region 2,City 20
C193,C193,Region 4,City 14
C046,C046,Region 4,City 17
C186,C186,Region 8,City 7
C100,C100,Region 1,City 11
C181,C181,Region 4,City 2
C214,C214,Region 3,City 5
C170,C170,Region 4,City 21
C058,C058,Region 4,City 29
C015,C015,Region 6,City 16
C192,C192,Region 3,City 13
C084,C084,Region 9,City 25
C075,C075,Region 3,City 16
C277,C277,Region 10,City 8
C207,C207,Region 2,City 28
C100,C100,Region 1,City 11
C187,C187,Region 3,City 8
C179,C179,Region 5,City 30
C138,C138,Region 2,City 19
C250,C250,Region 5,City 11
C275,C275,Region 9,City 6
C276,C276,Region 2,City 7
C100,C100,Region 1,City 11
C123,C123,Region 5,City 4
C105,C105,Region 7,City 16
C240,C240,Region 5,City 1
C174,C174,Region 10,City 25
C267,C267,Region 5,City 28
C141,C141,Region 2,City 22
C191,C191,Region 5,City 12
C032,C032,Region 4,City 3
C101,C101,Region 7,City 12
C161,C161,Region 10,City 12
C277,C277,Region 10,City 8
C107,C107,Region 5,City 18
C012,C012,Region 1,City 13
C036,C036,Region 9,City 7
C149,C149,Region 9,City 30
C084,C084,Region 9,City 25
C085,C085,Region 3,City 26
C182,C182,Region 5,City 3
C159,C159,Region 9,City 10
C131,C131,Region 7,City 12
C253,C253,Region 7,City 14
C181,C181,Region 4,City 2
C056,C056,Region 10,City 27
C251,C251,Region 1,City 12
C060,C060,Region 4,City 1
C262,C262,Region 3,City 23
C229,C229,Region 2,City 20
C216,C216,Region 9,City 7
C239,C239,Region 2,City 30
C046,C046,Region 4,City 17
C105,C105,Region 7,City 16
C081,C081,Region 7,City 22
C118,C118,Region 4,City 29
C013,C013,Region 6,City 14
C212,C212,Region 5,City 3
C266,C266,Region 10,City 27
C182,C182,Region 5,City 3
C114,C114,Region 5,City 25
C170,C170,Region 4,City 21
C142,C142,Region 2,City 23
C299,C299,Region 8,City 30
C230,C230,Region 1,City 21
C200,C200,Region 3,City 21
C064,C064,Region 2,City 5
C298,C298,Region 4,City 29
C249,C249,Region 2,City 10
C221,C221,Region 1,City 12
C133,C133,Region 4,City 14
C183,C183,Region 1,City 4
C056,C056,Region 10,City 27
C058,C058,Region 4,City 29
C088,C088,Region 5,City 29
C086,C086,Region 5,City 27
C290,C290,Region 2,City 21
C194,C194,Region 1,City 15
C109,C109,Region 8,City 20
C209,C209,Region 10,City 30
C158,C158,Region 9,City 9
C277,C277,Region 10,City 8
C014,C014,Region 7,City 15
C170,C170,Region 4,City 21
C175,C175,Region 4,City 26
C276,C276,Region 2,City 7
C126,C126,Region 7,City 7
C003,C003,Region 9,City 4
C098,C098,Region 5,City 9
C218,C218,Region 4,City 9
C135,C135,Region 2,City 16
C279,C279,Region 9,City 10
C298,C298,Region 4,City 29
C035,C035,Region 1,City 6
C191,C191,Region 5,City 12
C276,C276,Region 2,City 7
C130,C130,Region 3,City 11
C158,C158,Region 9,City 9
C030,C030,Region 1,City 1
C264,C264,Region 2,City 25
C151,C151,Region 10,City 2
C295,C295,Region 2,City 26
C067,C067,Region 1,City 8
C041,C041,Region 4,City 12
C232,C232,Region 2,City 23
C209,C209,Region 10,City 30
C020,C020,Region 4,City 21
C036,C036,Region 9,City 7
C129,C129,Region 10,City 10
C117,C117,Region 10,City 28
C172,C172,Region 1,City 23
C213,C213,Region 2,City 4
C073,C073,Region 7,City 14
C175,C175,Region 4,City 26
C154,C154,Region 10,City 5
C051,C051,Region 10,City 22
C073,C073,Region 7,City 14
C287,C287,Region 1,City 18
C265,C265,Region 8,City 26
C179,C179,Region 5,City 30
C086,C086,Region 5,City 27
C157,C157,Region 2,City 8
C103,C103,Region 3,City 14
C191,C191,Region 5,City 12
C270,C270,Region 1,City 1
C148,C148,Region 1,City 29
C248,C248,Region 6,City 9
C190,C190,Region 3,City 11
C197,C197,Region 10,City 18
C139,C139,Region 8,City 20
C297,C297,Region 8,City 28
C122,C122,Region 3,City 3
C236,C236,Region 10,City 27
C056,C056,Region 10,City 27
C110,C110,Region 3,City 21
C110,C110,Region 3,City 21
C258,C258,Region 5,City 19
C241,C241,Region 6,City 2
C107,C107,Region 5,City 18
C193,C193,Region 4,City 14
C032,C032,Region 4,City 3
C221,C221,Region 1,City 12
C117,C117,Region 10,City 28
C262,C262,Region 3,City 23
C250,C250,Region 5,City 11
C171,C171,Region 3,City 22
C272,C272,Region 5,City 3
C190,C190,Region 3,City 11
C079,C079,Region 7,City 20
C257,C257,Region 6,City 18
C010,C010,Region 6,City 11
C274,C274,Region 1,City 5
C271,C271,Region 2,City 2
C099,C099,Region 8,City 10
C277,C277,Region 10,City 8
C179,C179,Region 5,City 30
C008,C008,Region 10,City 9
C067,C067,Region 1,City 8
C074,C074,Region 7,City 15
C014,C014,Region 7,City 15
C034,C034,Region 2,City 5
C064,C064,Region 2,City 5
C028,C028,Region 1,City 29
C174,C174,Region 10,City 25
C048,C048,Region 10,City 19
C206,C206,Region 7,City 27
C273,C273,Region 8,City 4
C265,C265,Region 8,City 26
C221,C221,Region 1,City 12
C005,C005,Region 8,City 6
C261,C261,Region 5,City 22
C249,C249,Region 2,City 10
C199,C199,Region 8,City 20
C020,C020,Region 4,City 21
C065,C065,Region 3,City 6
C108,C108,Region 7,City 19
C004,C004,Region 6,City 5
C164,C164,Region 3,City 15
C180,C180,Region 3,City 1
C095,C095,Region 7,City 6
C054,C054,Region 10,City 25
C252,C252,Region 6,City 13
C153,C153,Region 1,City 4
C207,C207,Region 2,City 28
C144,C144,Region 4,City 25
C037,C037,Region 7,City 8
C073,C073,Region 7,City 14
C208,C208,Region 9,City 29
C174,C174,Region 10,City 25
C271,C271,Region 2,City 2
C139,C139,Region 8,City 20
C291,C291,Region 4,City 22
C226,C226,Region 4,City 17
C156,C156,Region 2,City 7
C077,C077,Region 8,City 18
C108,C108,Region 7,City 19
C009,C009,Region 7,City 10
C027,C027,Region 5,City 28
C222,C222,Region 8,City 13
C221,C221,Region 1,City 12
C130,C130,Region 3,City 11
C224,C224,Region 6,City 15
C058,C058,Region 4,City 29
C271,C271,Region 2,City 2
C097,C097,Region 6,City 8
C224,C224,Region 6,City 15
C107,C107,Region 5,City 18
C296,C296,Region 2,City 27
C130,C130,Region 3,City 11
C195,C195,Region 1,City 16
C126,C126,Region 7,City 7
C168,C168,Region 7,City 19
C024,C024,Region 2,City 25
C185,C185,Region 10,City 6
C155,C155,Region 3,City 6
C024,C024,Region 2,City 25
C189,C189,Region 9,City 10
C284,C284,Region 8,City 15
C092,C092,Region 2,City 3
C069,C069,Region 4,City 10
C165,C165,Region 9,City 16
C251,C251,Region 1,City 12
C120,C120,Region 8,City 1
C125,C125,Region 6,City 6
C120,C120,Region 8,City 1
C022,C022,Region 2,City 23
C218,C218,Region 4,City 9
C084,C084,Region 9,City 25
C261,C261,Region 5,City 22
C224,C224,Region 6,City 15
C072,C072,Region 9,City 13
C247,C247,Region 6,City 8
C012,C012,Region 1,City 13
C298,C298,Region 4,City 29
C178,C178,Region 3,City 29
C036,C036,Region 9,City 7
C092,C092,Region 2,City 3
C139,C139,Region 8,City 20
C161,C161,Region 10,City 12
C009,C009,Region 7,City 10
C232,C232,Region 2,City 23
C200,C200,Region 3,City 21
C087,C087,Region 7,City 28
C060,C060,Region 4,City 1
C169,C169,Region 1,City 20
C011,C011,Region 6,City 12
C188,C188,Region 2,City 9
C068,C068,Region 5,City 9
C274,C274,Region 1,City 5
C166,C166,Region 5,City 17
C049,C049,Region 2,City 20
C105,C105,Region 7,City 16
C299,C299,Region 8,City 30
C041,C041,Region 4,City 12
C027,C027,Region 5,City 28
C258,C258,Region 5,City 19
C129,C129,Region 10,City 10
C234,C234,Region 8,City 25
C014,C014,Region 7,City 15
C274,C274,Region 1,City 5
C079,C079,Region 7,City 20
C279,C279,Region 9,City 10
C030,C030,Region 1,City 1
C284,C284,Region 8,City 15
C127,C127,Region 7,City 8
C133,C133,Region 4,City 14
C214,C214,Region 3,City 5
C082,C082,Region 6,City 23
C038,C038,Region 4,City 9
C178,C178,Region 3,City 29
C170,C170,Region 4,City 21
C192,C192,Region 3,City 13
C181,C181,Region 4,City 2
C224,C224,Region 6,City 15
C281,C281,Region 8,City 12
C169,C169,Region 1,City 20
C240,C240,Region 5,City 1
C089,C089,Region 3,City 30
C294,C294,Region 9,City 25
C213,C213,Region 2,City 4
C008,C008,Region 10,City 9
C243,C243,Region 10,City 4
C071,C071,Region 3,City 12
C199,C199,Region 8,City 20
C188,C188,Region 2,City 9
C140,C140,Region 2,City 21
C096,C096,Region 4,City 7
C298,C298,Region 4,City 29
C088,C088,Region 5,City 29
C133,C133,Region 4,City 14
C243,C243,Region 10,City 4
C282,C282,Region 1,City 13
C291,C291,Region 4,City 22
C292,C292,Region 7,City 23
C227,C227,Region 9,City 18
C170,C170,Region 4,City 21
C285,C285,Region 3,City 16
C212,C212,Region 5,City 3
C216,C216,Region 9,City 7
C231,C231,Region 7,City 22
C089,C089,Region 3,City 30
C036,C036,Region 9,City 7
C170,C170,Region 4,City 21
C055,C055,Region 4,City 26
C049,C049,Region 2,City 20
C272,C272,Region 5,City 3
C034,C034,Region 2,City 5
C106,C106,Region 2,City 17
C036,C036,Region 9,City 7
C265,C265,Region 8,City 26
C280,C280,Region 4,City 11
C040,C040,Region 3,City 11
C298,C298,Region 4,City 29
C114,C114,Region 5,City 25
C127,C127,Region 7,City 8
C094,C094,Region 10,City 5
C276,C276,Region 2,City 7
C008,C008,Region 10,City 9
C115,C115,Region 5,City 26
C111,C111,Region 7,City 22
C099,C099,Region 8,City 10
C257,C257,Region 6,City 18
C039,C039,Region 6,City 10
C009,C009,Region 7,City 10
C193,C193,Region 4,City 14
C241,C241,Region 6,City 2
C207,C207,Region 2,City 28
C204,C204,Region 3,City 25
C167,C167,Region 3,City 18
C266,C266,Region 10,City 27
C160,C160,Region 7,City 11
C083,C083,Region 1,City 24
C170,C170,Region 4,City 21
C226,C226,Region 4,City 17
C121,C121,Region 7,City 2
C014,C014,Region 7,City 15
C052,C052,Region 4,City 23
C133,C133,Region 4,City 14
C051,C051,Region 10,City 22
C252,C252,Region 6,City 13
C061,C061,Region 1,City 2
C279,C279,Region 9,City 10
C062,C062,Region 8,City 3
C290,C290,Region 2,City 21
C263,C263,Region 2,City 24
C041,C041,Region 4,City 12
C067,C067,Region 1,City 8
C250,C250,Region 5,City 11
C161,C161,Region 10,City 12
C148,C148,Region 1,City 29
C242,C242,Region 7,City 3
C059,C059,Region 10,City 30
C282,C282,Region 1,City 13
C062,C062,Region 8,City 3
C260,C260,Region 3,City 21
C257,C257,Region 6,City 18
C170,C170,Region 4,City 21
C240,C240,Region 5,City 1
C094,C094,Region 10,City 5
C053,C053,Region 8,City 24
C053,C053,Region 8,City 24
C167,C167,Region 3,City 18
C117,C117,Region 10,City 28
C139,C139,Region 8,City 20
C146,C146,Region 7,City 27
C129,C129,Region 10,City 10
C102,C102,Region 7,City 13
C239,C239,Region 2,City 30
C007,C007,Region 10,City 8
C290,C290,Region 2,City 21
C013,C013,Region 6,City 14
C248,C248,Region 6,City 9
C279,C279,Region 9,City 10
C283,C283,Region 10,City 14
C075,C075,Region 3,City 16
C196,C196,Region 6,City 17
C251,C251,Region 1,City 12
C192,C192,Region 3,City 13
C069,C069,Region 4,City 10
C030,C030,Region 1,City 1
C297,C297,Region 8,City 28
C108,C108,Region 7,City 19
C169,C169,Region 1,City 20
C241,C241,Region 6,City 2
C038,C038,Region 4,City 9
C005,C005,Region 8,City 6
C022,C022,Region 2,City 23
C241,C241,Region 6,City 2
C181,C181,Region 4,City 2
C219,C219,Region 1,City 10
C192,C192,Region 3,City 13
C235,C235,Region 4,City 26
C158,C158,Region 9,City 9
C193,C193,Region 4,City 14
C151,C151,Region 10,City 2
C114,C114,Region 5,City 25
C263,C263,Region 2,City 24
C043,C043,Region 9,City 14
C171,C171,Region 3,City 22
C051,C051,Region 10,City 22
C233,C233,Region 2,City 24
C258,C258,Region 5,City 19
C176,C176,Region 3,City 27
C116,C116,Region 1,City 27
C274,C274,Region 1,City 5
C238,C238,Region 5,City 29
C149,C149,Region 9,City 30
C039,C039,Region 6,City 10
C207,C207,Region 2,City 28
C171,C171,Region 3,City 22
C130,C130,Region 3,City 11
C029,C029,Region 9,City 30
C278,C278,Region 2,City 9
C174,C174,Region 10,City 25
C078,C078,Region 8,City 19
C085,C085,Region 3,City 26
C114,C114,Region 5,City 25
C203,C203,Region 9,City 24
C055,C055,Region 4,City 26
C222,C222,Region 8,City 13
C117,C117,Region 10,City 28
C199,C199,Region 8,City 20
C128,C128,Region 2,City 9
C254,C254,Region 7,City 15
C226,C226,Region 4,City 17
C089,C089,Region 3,City 30
C288,C288,Region 8,City 19
C269,C269,Region 6,City 30
C216,C216,Region 9,City 7
C053,C053,Region 8,City 24
C195,C195,Region 1,City 16
C087,C087,Region 7,City 28
C008,C008,Region 10,City 9
C296,C296,Region 2,City 27
C131,C131,Region 7,City 12
C112,C112,Region 10,City 23
C095,C095,Region 7,City 6
C216,C216,Region 9,City 7
C112,C112,Region 10,City 23
C120,C120,Region 8,City 1
C224,C224,Region 6,City 15
C225,C225,Region 7,City 16
C132,C132,Region 2,City 13
C069,C069,Region 4,City 10
C100,C100,Region 1,City 11
C204,C204,Region 3,City 25
C185,C185,Region 10,City 6
C203,C203,Region 9,City 24
C069,C069,Region 4,City 10
C240,C240,Region 5,City 1
C194,C194,Region 1,City 15
C117,C117,Region 10,City 28
C183,C183,Region 1,City 4
C106,C106,Region 2,City 17
C190,C190,Region 3,City 11
C003,C003,Region 9,City 4
C263,C263,Region 2,City 24
C148,C148,Region 1,City 29
C154,C154,Region 10,City 5
C235,C235,Region 4,City 26
C271,C271,Region 2,City 2
C249,C249,Region 2,City 10
C244,C244,Region 3,City 5
C238,C238,Region 5,City 29
C191,C191,Region 5,City 12
C221,C221,Region 1,City 12
C027,C027,Region 5,City 28
C168,C168,Region 7,City 19
C045,C045,Region 4,City 16
C039,C039,Region 6,City 10
C299,C299,Region 8,City 30
C292,C292,Region 7,City 23
C144,C144,Region 4,City 25
C028,C028,Region 1,City 29
C017,C017,Region 7,City 18
C178,C178,Region 3,City 29
C146,C146,Region 7,City 27
C206,C206,Region 7,City 27
C043,C043,Region 9,City 14
C159,C159,Region 9,City 10
C282,C282,Region 1,City 13
C086,C086,Region 5,City 27
C293,C293,Region 3,City 24
C207,C207,Region 2,City 28
C278,C278,Region 2,City 9
C278,C278,Region 2,City 9
C185,C185,Region 10,City 6
C150,C150,Region 8,City 1
C168,C168,Region 7,City 19
C248,C248,Region 6,City 9
C110,C110,Region 3,City 21
C283,C283,Region 10,City 14
C225,C225,Region 7,City 16
C114,C114,Region 5,City 25
C214,C214,Region 3,City 5
C144,C144,Region 4,City 25
C143,C143,Region 8,City 24
C153,C153,Region 1,City 4
C043,C043,Region 9,City 14
C109,C109,Region 8,City 20
C171,C171,Region 3,City 22
C268,C268,Region 8,City 29
C066,C066,Region 5,City 7
C258,C258,Region 5,City 19
C140,C140,Region 2,City 21
C044,C044,Region 2,City 15
C201,C201,Region 4,City 22
C077,C077,Region 8,City 18
C010,C010,Region 6,City 11
C286,C286,Region 10,City 17
C109,C109,Region 8,City 20
C109,C109,Region 8,City 20
C243,C243,Region 10,City 4
C138,C138,Region 2,City 19
C052,C052,Region 4,City 23
C226,C226,Region 4,City 17
C007,C007,Region 10,City 8
C114,C114,Region 5,City 25
C215,C215,Region 9,City 6
C132,C132,Region 2,City 13
C288,C288,Region 8,City 19
C022,C022,Region 2,City 23
C101,C101,Region 7,City 12
C274,C274,Region 1,City 5
C234,C234,Region 8,City 25
C012,C012,Region 1,City 13
C051,C051,Region 10,City 22
C211,C211,Region 9,City 2
C036,C036,Region 9,City 7
C007,C007,Region 10,City 8
C177,C177,Region 8,City 28
C107,C107,Region 5,City 18
C285,C285,Region 3,City 16
C036,C036,Region 9,City 7
C013,C013,Region 6,City 14
C262,C262,Region 3,City 23
C283,C283,Region 10,City 14
C265,C265,Region 8,City 26
C038,C038,Region 4,City 9
C180,C180,Region 3,City 1
C087,C087,Region 7,City 28
C050,C050,Region 7,City 21
C148,C148,Region 1,City 29
C087,C087,Region 7,City 28
C198,C198,Region 4,City 19
C118,C118,Region 4,City 29
C109,C109,Region 8,City 20
C124,C124,Region 5,City 5
C016,C016,Region 1,City 17
C107,C107,Region 5,City 18
C142,C142,Region 2,City 23
C236,C236,Region 10,City 27
C116,C116,Region 1,City 27
C300,C300,Region 5,City 1
C262,C262,Region 3,City 23
C032,C032,Region 4,City 3
C291,C291,Region 4,City 22
C064,C064,Region 2,City 5
C269,C269,Region 6,City 30
C275,C275,Region 9,City 6
C164,C164,Region 3,City 15
C283,C283,Region 10,City 14
C260,C260,Region 3,City 21
C095,C095,Region 7,City 6
C024,C024,Region 2,City 25
C109,C109,Region 8,City 20
C007,C007,Region 10,City 8
C286,C286,Region 10,City 17
C280,C280,Region 4,City 11
C231,C231,Region 7,City 22
C261,C261,Region 5,City 22
C059,C059,Region 10,City 30
C216,C216,Region 9,City 7
C005,C005,Region 8,City 6
C099,C099,Region 8,City 10
C196,C196,Region 6,City 17
C073,C073,Region 7,City 14
C096,C096,Region 4,City 7
C300,C300,Region 5,City 1
C184,C184,Region 1,City 5
C067,C067,Region 1,City 8
C027,C027,Region 5,City 28
C166,C166,Region 5,City 17
C073,C073,Region 7,City 14
C229,C229,Region 2,City 20
C260,C260,Region 3,City 21
C180,C180,Region 3,City 1
C296,C296,Region 2,City 27
C130,C130,Region 3,City 11
C205,C205,Region 6,City 26
C210,C210,Region 7,City 1
C106,C106,Region 2,City 17
C281,C281,Region 8,City 12
C193,C193,Region 4,City 14
C206,C206,Region 7,City 27
C189,C189,Region 9,City 10
C062,C062,Region 8,City 3
C015,C015,Region 6,City 16
C271,C271,Region 2,City 2
C258,C258,Region 5,City 19
C279,C279,Region 9,City 10
C222,C222,Region 8,City 13
C227,C227,Region 9,City 18
C079,C079,Region 7,City 20
C017,C017,Region 7,City 18
C073,C073,Region 7,City 14
C162,C162,Region 7,City 13
C006,C006,Region 9,City 7
C264,C264,Region 2,City 25
C185,C185,Region 10,City 6
C156,C156,Region 2,City 7
C257,C257,Region 6,City 18
C132,C132,Region 2,City 13
C230,C230,Region 1,City 21
C036,C036,Region 9,City 7
C053,C053,Region 8,City 24
C065,C065,Region 3,City 6
C085,C085,Region 3,City 26
C299,C299,Region 8,City 30
C096,C096,Region 4,City 7
C023,C023,Region 8,City 24
C230,C230,Region 1,City 21
C182,C182,Region 5,City 3
C101,C101,Region 7,City 12
C256,C256,Region 10,City 17
C127,C127,Region 7,City 8
C049,C049,Region 2,City 20
C128,C128,Region 2,City 9
C058,C058,Region 4,City 29
C297,C297,Region 8,City 28
C062,C062,Region 8,City 3
C273,C273,Region 8,City 4
C074,C074,Region 7,City 15
C285,C285,Region 3,City 16
C195,C195,Region 1,City 16
C159,C159,Region 9,City 10
C143,C143,Region 8,City 24
C296,C296,Region 2,City 27
C202,C202,Region 7,City 23
C258,C258,Region 5,City 19
C059,C059,Region 10,City 30
C019,C019,Region 1,City 20
C036,C036,Region 9,City 7
C046,C046,Region 4,City 17
C018,C018,Region 9,City 19
C113,C113,Region 8,City 24
C221,C221,Region 1,City 12
C239,C239,Region 2,City 30
C259,C259,Region 7,City 20
C283,C283,Region 10,City 14
C243,C243,Region 10,City 4
C034,C034,Region 2,City 5
C087,C087,Region 7,City 28
C211,C211,Region 9,City 2
C155,C155,Region 3,City 6
C092,C092,Region 2,City 3
C149,C149,Region 9,City 30
C290,C290,Region 2,City 21
C146,C146,Region 7,City 27
C224,C224,Region 6,City 15
C123,C123,Region 5,City 4
C055,C055,Region 4,City 26
C260,C260,Region 3,City 21
C241,C241,Region 6,City 2
C285,C285,Region 3,City 16
C227,C227,Region 9,City 18
C212,C212,Region 5,City 3
C040,C040,Region 3,City 11
C175,C175,Region 4,City 26
C202,C202,Region 7,City 23
C097,C097,Region 6,City 8
C088,C088,Region 5,City 29
C146,C146,Region 7,City 27
C129,C129,Region 10,City 10
C299,C299,Region 8,City 30
C177,C177,Region 8,City 28
C057,C057,Region 7,City 28
C163,C163,Region 5,City 14
C240,C240,Region 5,City 1
C170,C170,Region 4,City 21
C196,C196,Region 6,City 17
C205,C205,Region 6,City 26
C220,C220,Region 9,City 11
C297,C297,Region 8,City 28
C150,C150,Region 8,City 1
C115,C115,Region 5,City 26
C265,C265,Region 8,City 26
C111,C111,Region 7,City 22
C212,C212,Region 5,City 3
C080,C080,Region 8,City 21
C294,C294,Region 9,City 25
C240,C240,Region 5,City 1
C153,C153,Region 1,City 4
C013,C013,Region 6,City 14
C265,C265,Region 8,City 26
C291,C291,Region 4,City 22
C156,C156,Region 2,City 7
C252,C252,Region 6,City 13
C028,C028,Region 1,City 29
C096,C096,Region 4,City 7
C192,C192,Region 3,City 13
C216,C216,Region 9,City 7
C113,C113,Region 8,City 24
C115,C115,Region 5,City 26
C162,C162,Region 7,City 13
C265,C265,Region 8,City 26
C049,C049,Region 2,City 20
C243,C243,Region 10,City 4
C223,C223,Region 3,City 14
C270,C270,Region 1,City 1
C131,C131,Region 7,City 12
C050,C050,Region 7,City 21
C150,C150,Region 8,City 1
C109,C109,Region 8,City 20
C106,C106,Region 2,City 17
C024,C024,Region 2,City 25
C293,C293,Region 3,City 24
C277,C277,Region 10,City 8
C296,C296,Region 2,City 27
C129,C129,Region 10,City 10
C127,C127,Region 7,City 8
C280,C280,Region 4,City 11
C037,C037,Region 7,City 8
C141,C141,Region 2,City 22
C097,C097,Region 6,City 8
C123,C123,Region 5,City 4
C174,C174,Region 10,City 25
C083,C083,Region 1,City 24
C276,C276,Region 2,City 7
C129,C129,Region 10,City 10
C257,C257,Region 6,City 18
C085,C085,Region 3,City 26
C144,C144,Region 4,City 25
C124,C124,Region 5,City 5
C222,C222,Region 8,City 13
C240,C240,Region 5,City 1
C016,C016,Region 1,City 17
C277,C277,Region 10,City 8
C209,C209,Region 10,City 30
C011,C011,Region 6,City 12
C079,C079,Region 7,City 20
C058,C058,Region 4,City 29
C131,C131,Region 7,City 12
C093,C093,Region 8,City 4
C224,C224,Region 6,City 15
C263,C263,Region 2,City 24
C277,C277,Region 10,City 8
C031,C031,Region 5,City 2
C017,C017,Region 7,City 18
C029,C029,Region 9,City 30
C179,C179,Region 5,City 30
C012,C012,Region 1,City 13
C180,C180,Region 3,City 1
C132,C132,Region 2,City 13
C065,C065,Region 3,City 6
C055,C055,Region 4,City 26
C053,C053,Region 8,City 24
C055,C055,Region 4,City 26
C083,C083,Region 1,City 24
C162,C162,Region 7,City 13
C102,C102,Region 7,City 13
C022,C022,Region 2,City 23
C107,C107,Region 5,City 18
C068,C068,Region 5,City 9
C012,C012,Region 1,City 13
C239,C239,Region 2,City 30
C080,C080,Region 8,City 21
C140,C140,Region 2,City 21
C005,C005,Region 8,City 6
C199,C199,Region 8,City 20
C227,C227,Region 9,City 18
C251,C251,Region 1,City 12
C252,C252,Region 6,City 13
C104,C104,Region 4,City 15
C076,C076,Region 6,City 17
C259,C259,Region 7,City 20
C134,C134,Region 2,City 15
C247,C247,Region 6,City 8
C171,C171,Region 3,City 22
C166,C166,Region 5,City 17
C293,C293,Region 3,City 24
C004,C004,Region 6,City 5
C148,C148,Region 1,City 29
C059,C059,Region 10,City 30
C132,C132,Region 2,City 13
C095,C095,Region 7,City 6
C086,C086,Region 5,City 27
C089,C089,Region 3,City 30
C267,C267,Region 5,City 28
C066,C066,Region 5,City 7
C281,C281,Region 8,City 12
C001,C001,Region 10,City 2
C142,C142,Region 2,City 23
C193,C193,Region 4,City 14
C243,C243,Region 10,City 4
C127,C127,Region 7,City 8
C177,C177,Region 8,City 28
C217,C217,Region 4,City 8
C295,C295,Region 2,City 26
C033,C033,Region 1,City 4
C255,C255,Region 9,City 16
C150,C150,Region 8,City 1
C276,C276,Region 2,City 7
C047,C047,Region 2,City 18
C008,C008,Region 10,City 9
C246,C246,Region 10,City 7
C144,C144,Region 4,City 25
C056,C056,Region 10,City 27
C170,C170,Region 4,City 21
C111,C111,Region 7,City 22
C124,C124,Region 5,City 5
C108,C108,Region 7,City 19
C113,C113,Region 8,City 24
C232,C232,Region 2,City 23
C245,C245,Region 3,City 6
C204,C204,Region 3,City 25
C123,C123,Region 5,City 4
C263,C263,Region 2,City 24
C100,C100,Region 1,City 11
C255,C255,Region 9,City 16
C260,C260,Region 3,City 21
C056,C056,Region 10,City 27
C167,C167,Region 3,City 18
C067,C067,Region 1,City 8
C273,C273,Region 8,City 4
C204,C204,Region 3,City 25
C187,C187,Region 3,City 8
C023,C023,Region 8,City 24
C151,C151,Region 10,City 2
C283,C283,Region 10,City 14
C268,C268,Region 8,City 29
C107,C107,Region 5,City 18
C033,C033,Region 1,City 4
C276,C276,Region 2,City 7
C280,C280,Region 4,City 11
C095,C095,Region 7,City 6
C155,C155,Region 3,City 6
C086,C086,Region 5,City 27
C035,C035,Region 1,City 6
C047,C047,Region 2,City 18
C140,C140,Region 2,City 21
C185,C185,Region 10,City 6
C017,C017,Region 7,City 18
C250,C250,Region 5,City 11
C163,C163,Region 5,City 14
C211,C211,Region 9,City 2
C093,C093,Region 8,City 4
C240,C240,Region 5,City 1
C127,C127,Region 7,City 8
C268,C268,Region 8,City 29
C160,C160,Region 7,City 11
C218,C218,Region 4,City 9
C282,C282,Region 1,City 13
C173,C173,Region 4,City 24
C291,C291,Region 4,City 22
C176,C176,Region 3,City 27
C003,C003,Region 9,City 4
C274,C274,Region 1,City 5
C170,C170,Region 4,City 21
C153,C153,Region 1,City 4
C004,C004,Region 6,City 5
C060,C060,Region 4,City 1
C141,C141,Region 2,City 22
C158,C158,Region 9,City 9
C201,C201,Region 4,City 22
C282,C282,Region 1,City 13
C278,C278,Region 2,City 9
C086,C086,Region 5,City 27
C006,C006,Region 9,City 7
C298,C298,Region 4,City 29
C065,C065,Region 3,City 6
C259,C259,Region 7,City 20
C005,C005,Region 8,City 6
C176,C176,Region 3,City 27
C025,C025,Region 6,City 26
C295,C295,Region 2,City 26
C252,C252,Region 6,City 13
C284,C284,Region 8,City 15
C183,C183,Region 1,City 4
C141,C141,Region 2,City 22
C116,C116,Region 1,City 27
C270,C270,Region 1,City 1
C221,C221,Region 1,City 12
C098,C098,Region 5,City 9
C294,C294,Region 9,City 25
C156,C156,Region 2,City 7
C020,C020,Region 4,City 21
C047,C047,Region 2,City 18
C287,C287,Region 1,City 18
C290,C290,Region 2,City 21
C052,C052,Region 4,City 23
C031,C031,Region 5,City 2
C129,C129,Region 10,City 10
C024,C024,Region 2,City 25
C218,C218,Region 4,City 9
C220,C220,Region 9,City 11
C046,C046,Region 4,City 17
C159,C159,Region 9,City 10
C195,C195,Region 1,City 16
C119,C119,Region 1,City 30
C179,C179,Region 5,City 30
C072,C072,Region 9,City 13
C224,C224,Region 6,City 15
C186,C186,Region 8,City 7
C167,C167,Region 3,City 18
C264,C264,Region 2,City 25
C061,C061,Region 1,City 2
C216,C216,Region 9,City 7
C075,C075,Region 3,City 16
C204,C204,Region 3,City 25
C264,C264,Region 2,City 25
C185,C185,Region 10,City 6
C114,C114,Region 5,City 25
C071,C071,Region 3,City 12
C273,C273,Region 8,City 4
C240,C240,Region 5,City 1
C269,C269,Region 6,City 30
C125,C125,Region 6,City 6
C096,C096,Region 4,City 7
C095,C095,Region 7,City 6
C198,C198,Region 4,City 19
C031,C031,Region 5,City 2
C159,C159,Region 9,City 10
C001,C001,Region 10,City 2
C025,C025,Region 6,City 26
C186,C186,Region 8,City 7
C025,C025,Region 6,City 26
C100,C100,Region 1,City 11
C196,C196,Region 6,City 17
C087,C087,Region 7,City 28
C265,C265,Region 8,City 26
C014,C014,Region 7,City 15
C274,C274,Region 1,City 5
C173,C173,Region 4,City 24
C060,C060,Region 4,City 1
C177,C177,Region 8,City 28
C218,C218,Region 4,City 9
C107,C107,Region 5,City 18
C209,C209,Region 10,City 30
C085,C085,Region 3,City 26
C289,C289,Region 6,City 20
C033,C033,Region 1,City 4
C120,C120,Region 8,City 1
C244,C244,Region 3,City 5
C154,C154,Region 10,City 5
C193,C193,Region 4,City 14
C122,C122,Region 3,City 3
C090,C090,Region 4,City 1
C164,C164,Region 3,City 15
C202,C202,Region 7,City 23
C177,C177,Region 8,City 28
C058,C058,Region 4,City 29
C173,C173,Region 4,City 24
C078,C078,Region 8,City 19
C126,C126,Region 7,City 7
C165,C165,Region 9,City 16
C124,C124,Region 5,City 5
C142,C142,Region 2,City 23
C081,C081,Region 7,City 22
C164,C164,Region 3,City 15
C292,C292,Region 7,City 23
C051,C051,Region 10,City 22
C183,C183,Region 1,City 4
C131,C131,Region 7,City 12
C076,C076,Region 6,City 17
C165,C165,Region 9,City 16
C205,C205,Region 6,City 26
C024,C024,Region 2,City 25
C042,C042,Region 5,City 13
C017,C017,Region 7,City 18
C255,C255,Region 9,City 16
C292,C292,Region 7,City 23
C030,C030,Region 1,City 1
C161,C161,Region 10,City 12
C155,C155,Region 3,City 6
C203,C203,Region 9,City 24
C064,C064,Region 2,City 5
C082,C082,Region 6,City 23
C008,C008,Region 10,City 9
C022,C022,Region 2,City 23
C190,C190,Region 3,City 11
C223,C223,Region 3,City 14
C021,C021,Region 5,City 22
C253,C253,Region 7,City 14
C180,C180,Region 3,City 1
C137,C137,Region 10,City 18
C100,C100,Region 1,City 11
C225,C225,Region 7,City 16
C057,C057,Region 7,City 28
C288,C288,Region 8,City 19
C043,C043,Region 9,City 14
C158,C158,Region 9,City 9
C259,C259,Region 7,City 20
C106,C106,Region 2,City 17
C247,C247,Region 6,City 8
C009,C009,Region 7,City 10
C017,C017,Region 7,City 18
C230,C230,Region 1,City 21
C165,C165,Region 9,City 16
C298,C298,Region 4,City 29
C175,C175,Region 4,City 26
C259,C259,Region 7,City 20
C185,C185,Region 10,City 6
C040,C040,Region 3,City 11
C172,C172,Region 1,City 23
C223,C223,Region 3,City 14
C083,C083,Region 1,City 24
C153,C153,Region 1,City 4
C283,C283,Region 10,City 14
C136,C136,Region 5,City 17
C162,C162,Region 7,City 13
C103,C103,Region 3,City 14
C037,C037,Region 7,City 8
C138,C138,Region 2,City 19
C231,C231,Region 7,City 22
C288,C288,Region 8,City 19
C235,C235,Region 4,City 26
C256,C256,Region 10,City 17
C006,C006,Region 9,City 7
C181,C181,Region 4,City 2
C229,C229,Region 2,City 20
C154,C154,Region 10,City 5
C204,C204,Region 3,City 25
C221,C221,Region 1,City 12
C298,C298,Region 4,City 29
C114,C114,Region 5,City 25
C037,C037,Region 7,City 8
C128,C128,Region 2,City 9
C267,C267,Region 5,City 28
C154,C154,Region 10,City 5
C201,C201,Region 4,City 22
C186,C186,Region 8,City 7
C125,C125,Region 6,City 6
C107,C107,Region 5,City 18
C267,C267,Region 5,City 28
C051,C051,Region 10,City 22
C105,C105,Region 7,City 16
C073,C073,Region 7,City 14
C132,C132,Region 2,City 13
C118,C118,Region 4,City 29
C092,C092,Region 2,City 3
C211,C211,Region 9,City 2
C294,C294,Region 9,City 25
C055,C055,Region 4,City 26
C185,C185,Region 10,City 6
C178,C178,Region 3,City 29
C139,C139,Region 8,City 20
C113,C113,Region 8,City 24
C050,C050,Region 7,City 21
C113,C113,Region 8,City 24
C260,C260,Region 3,City 21
C299,C299,Region 8,City 30
C235,C235,Region 4,City 26
C027,C027,Region 5,City 28
C008,C008,Region 10,City 9
C002,C002,Region 1,City 3
C172,C172,Region 1,City 23
C026,C026,Region 7,City 27
C114,C114,Region 5,City 25
C076,C076,Region 6,City 17
C245,C245,Region 3,City 6
C058,C058,Region 4,City 29
C278,C278,Region 2,City 9
C107,C107,Region 5,City 18
C044,C044,Region 2,City 15
C174,C174,Region 10,City 25
C210,C210,Region 7,City 1
C269,C269,Region 6,City 30
C007,C007,Region 10,City 8
C255,C255,Region 9,City 16
C056,C056,Region 10,City 27
C095,C095,Region 7,City 6
C136,C136,Region 5,City 17
C223,C223,Region 3,City 14
C252,C252,Region 6,City 13
C190,C190,Region 3,City 11
C225,C225,Region 7,City 16
C267,C267,Region 5,City 28
C144,C144,Region 4,City 25
C131,C131,Region 7,City 12
C123,C123,Region 5,City 4
C145,C145,Region 10,City 26
C082,C082,Region 6,City 23
C255,C255,Region 9,City 16
C206,C206,Region 7,City 27
C251,C251,Region 1,City 12
C156,C156,Region 2,City 7
C099,C099,Region 8,City 10
C072,C072,Region 9,City 13
C036,C036,Region 9,City 7
C235,C235,Region 4,City 26
C042,C042,Region 5,City 13
C039,C039,Region 6,City 10
C031,C031,Region 5,City 2
C272,C272,Region 5,City 3
C083,C083,Region 1,City 24
C024,C024,Region 2,City 25
C005,C005,Region 8,City 6
C271,C271,Region 2,City 2
C143,C143,Region 8,City 24
C062,C062,Region 8,City 3
C185,C185,Region 10,City 6
C006,C006,Region 9,City 7
C179,C179,Region 5,City 30
C290,C290,Region 2,City 21
C045,C045,Region 4,City 16
C009,C009,Region 7,City 10
C262,C262,Region 3,City 23
C200,C200,Region 3,City 21
C297,C297,Region 8,City 28
C120,C120,Region 8,City 1
C271,C271,Region 2,City 2
C026,C026,Region 7,City 27
C021,C021,Region 5,City 22
C219,C219,Region 1,City 10
C281,C281,Region 8,City 12
C238,C238,Region 5,City 29
C249,C249,Region 2,City 10
C176,C176,Region 3,City 27
C268,C268,Region 8,City 29
C235,C235,Region 4,City 26
C084,C084,Region 9,City 25
C257,C257,Region 6,City 18
C292,C292,Region 7,City 23
C092,C092,Region 2,City 3
C264,C264,Region 2,City 25
C166,C166,Region 5,City 17
C275,C275,Region 9,City 6
C123,C123,Region 5,City 4
C167,C167,Region 3,City 18
C043,C043,Region 9,City 14
C113,C113,Region 8,City 24
C299,C299,Region 8,City 30
C096,C096,Region 4,City 7
C008,C008,Region 10,City 9
C184,C184,Region 1,City 5
C296,C296,Region 2,City 27
C098,C098,Region 5,City 9
C090,C090,Region 4,City 1
C063,C063,Region 9,City 4
C078,C078,Region 8,City 19
C196,C196,Region 6,City 17
C252,C252,Region 6,City 13
C207,C207,Region 2,City 28
C257,C257,Region 6,City 18
C062,C062,Region 8,City 3
C287,C287,Region 1,City 18
C120,C120,Region 8,City 1
C037,C037,Region 7,City 8
C040,C040,Region 3,City 11
C242,C242,Region 7,City 3
C041,C041,Region 4,City 12
C279,C279,Region 9,City 10
C106,C106,Region 2,City 17
C126,C126,Region 7,City 7
C142,C142,Region 2,City 23
C045,C045,Region 4,City 16
C275,C275,Region 9,City 6
C107,C107,Region 5,City 18
C273,C273,Region 8,City 4
C019,C019,Region 1,City 20
C237,C237,Region 1,City 28
C179,C179,Region 5,City 30
C133,C133,Region 4,City 14
C045,C045,Region 4,City 16
C221,C221,Region 1,City 12
C213,C213,Region 2,City 4
C178,C178,Region 3,City 29
C016,C016,Region 1,City 17
C063,C063,Region 9,City 4
C249,C249,Region 2,City 10
C283,C283,Region 10,City 14
C147,C147,Region 7,City 28
C085,C085,Region 3,City 26
C018,C018,Region 9,City 19
C239,C239,Region 2,City 30
C101,C101,Region 7,City 12
C236,C236,Region 10,City 27
C015,C015,Region 6,City 16
C038,C038,Region 4,City 9
C070,C070,Region 2,City 11
C177,C177,Region 8,City 28
C218,C218,Region 4,City 9
C139,C139,Region 8,City 20
C124,C124,Region 5,City 5
C258,C258,Region 5,City 19
C011,C011,Region 6,City 12
C118,C118,Region 4,City 29
C131,C131,Region 7,City 12
C234,C234,Region 8,City 25
C185,C185,Region 10,City 6
C222,C222,Region 8,City 13
C056,C056,Region 10,City 27
C021,C021,Region 5,City 22
C046,C046,Region 4,City 17
C097,C097,Region 6,City 8
C195,C195,Region 1,City 16
C028,C028,Region 1,City 29
C028,C028,Region 1,City 29
C118,C118,Region 4,City 29
C071,C071,Region 3,City 12
C113,C113,Region 8,City 24
C199,C199,Region 8,City 20
C253,C253,Region 7,City 14
C083,C083,Region 1,City 24
C102,C102,Region 7,City 13
C135,C135,Region 2,City 16
C118,C118,Region 4,City 29
C107,C107,Region 5,City 18
C148,C148,Region 1,City 29
C191,C191,Region 5,City 12
C124,C124,Region 5,City 5
C147,C147,Region 7,City 28
C018,C018,Region 9,City 19
C161,C161,Region 10,City 12
C176,C176,Region 3,City 27
C291,C291,Region 4,City 22
C230,C230,Region 1,City 21
C167,C167,Region 3,City 18
C065,C065,Region 3,City 6
C148,C148,Region 1,City 29
C202,C202,Region 7,City 23
C135,C135,Region 2,City 16
C098,C098,Region 5,City 9
C029,C029,Region 9,City 30
C296,C296,Region 2,City 27
C092,C092,Region 2,City 3
C112,C112,Region 10,City 23
C006,C006,Region 9,City 7
C104,C104,Region 4,City 15
C118,C118,Region 4,City 29
C255,C255,Region 9,City 16
C111,C111,Region 7,City 22
C155,C155,Region 3,City 6
C180,C180,Region 3,City 1
C094,C094,Region 10,City 5
C228,C228,Region 7,City 19
C268,C268,Region 8,City 29
C183,C183,Region 1,City 4
C155,C155,Region 3,City 6
C105,C105,Region 7,City 16
C258,C258,Region 5,City 19
C291,C291,Region 4,City 22
C019,C019,Region 1,City 20
C141,C141,Region 2,City 22
C093,C093,Region 8,City 4
C052,C052,Region 4,City 23
C210,C210,Region 7,City 1
C032,C032,Region 4,City 3
C171,C171,Region 3,City 22
C196,C196,Region 6,City 17
C049,C049,Region 2,City 20
C286,C286,Region 10,City 17
C128,C128,Region 2,City 9
C184,C184,Region 1,City 5
C246,C246,Region 10,City 7
C018,C018,Region 9,City 19
C219,C219,Region 1,City 10
C097,C097,Region 6,City 8
C040,C040,Region 3,City 11
C014,C014,Region 7,City 15
C090,C090,Region 4,City 1
C242,C242,Region 7,City 3
C183,C183,Region 1,City 4
C265,C265,Region 8,City 26
C139,C139,Region 8,City 20
C165,C165,Region 9,City 16
C180,C180,Region 3,City 1
C085,C085,Region 3,City 26
C086,C086,Region 5,City 27
C186,C186,Region 8,City 7
C292,C292,Region 7,City 23
C086,C086,Region 5,City 27
C242,C242,Region 7,City 3
C151,C151,Region 10,City 2
C117,C117,Region 10,City 28
C039,C039,Region 6,City 10
C023,C023,Region 8,City 24
C168,C168,Region 7,City 19
C123,C123,Region 5,City 4
C143,C143,Region 8,City 24
C191,C191,Region 5,City 12
C243,C243,Region 10,City 4
C033,C033,Region 1,City 4
C111,C111,Region 7,City 22
C282,C282,Region 1,City 13
C048,C048,Region 10,City 19
C098,C098,Region 5,City 9
C113,C113,Region 8,City 24
C126,C126,Region 7,City 7
C082,C082,Region 6,City 23
C210,C210,Region 7,City 1
C275,C275,Region 9,City 6
C120,C120,Region 8,City 1
C203,C203,Region 9,City 24
C242,C242,Region 7,City 3
C148,C148,Region 1,City 29
C021,C021,Region 5,City 22
C250,C250,Region 5,City 11
C012,C012,Region 1,City 13
C135,C135,Region 2,City 16
C045,C045,Region 4,City 16
C060,C060,Region 4,City 1
C160,C160,Region 7,City 11
C221,C221,Region 1,City 12
C218,C218,Region 4,City 9
C034,C034,Region 2,City 5
C072,C072,Region 9,City 13
C023,C023,Region 8,City 24
C170,C170,Region 4,City 21
C023,C023,Region 8,City 24
C115,C115,Region 5,City 26
C092,C092,Region 2,City 3
C019,C019,Region 1,City 20
C047,C047,Region 2,City 18
C043,C043,Region 9,City 14
C220,C220,Region 9,City 11
C246,C246,Region 10,City 7
C219,C219,Region 1,City 10
C141,C141,Region 2,City 22
C196,C196,Region 6,City 17
C163,C163,Region 5,City 14
C275,C275,Region 9,City 6
C208,C208,Region 9,City 29
C028,C028,Region 1,City 29
C047,C047,Region 2,City 18
C260,C260,Region 3,City 21
C117,C117,Region 10,City 28
C124,C124,Region 5,City 5
C117,C117,Region 10,City 28
C111,C111,Region 7,City 22
C291,C291,Region 4,City 22
C232,C232,Region 2,City 23
C122,C122,Region 3,City 3
C181,C181,Region 4,City 2
C033,C033,Region 1,City 4
C080,C080,Region 8,City 21
C046,C046,Region 4,City 17
C096,C096,Region 4,City 7
C263,C263,Region 2,City 24
C018,C018,Region 9,City 19
C091,C091,Region 8,City 2
C056,C056,Region 10,City 27
C230,C230,Region 1,City 21
C190,C190,Region 3,City 11
C252,C252,Region 6,City 13
C207,C207,Region 2,City 28
C084,C084,Region 9,City 25
C125,C125,Region 6,City 6
C268,C268,Region 8,City 29
C005,C005,Region 8,City 6
C218,C218,Region 4,City 9
C018,C018,Region 9,City 19
C291,C291,Region 4,City 22
C083,C083,Region 1,City 24
C155,C155,Region 3,City 6
C228,C228,Region 7,City 19
C002,C002,Region 1,City 3
C206,C206,Region 7,City 27
C195,C195,Region 1,City 16
C277,C277,Region 10,City 8
C024,C024,Region 2,City 25
C055,C055,Region 4,City 26
C242,C242,Region 7,City 3
C012,C012,Region 1,City 13
C253,C253,Region 7,City 14
C242,C242,Region 7,City 3
C160,C160,Region 7,City 11
C236,C236,Region 10,City 27
C223,C223,Region 3,City 14
C222,C222,Region 8,City 13
C044,C044,Region 2,City 15
C280,C280,Region 4,City 11
C005,C005,Region 8,City 6
C060,C060,Region 4,City 1
C010,C010,Region 6,City 11
C272,C272,Region 5,City 3
C050,C050,Region 7,City 21
C033,C033,Region 1,City 4
C084,C084,Region 9,City 25
C182,C182,Region 5,City 3
C219,C219,Region 1,City 10
C289,C289,Region 6,City 20
C268,C268,Region 8,City 29
C095,C095,Region 7,City 6
C258,C258,Region 5,City 19
C141,C141,Region 2,City 22
C174,C174,Region 10,City 25
C190,C190,Region 3,City 11
C195,C195,Region 1,City 16
C004,C004,Region 6,City 5
C113,C113,Region 8,City 24
C063,C063,Region 9,City 4
C071,C071,Region 3,City 12
C029,C029,Region 9,City 30
C202,C202,Region 7,City 23
C143,C143,Region 8,City 24
C126,C126,Region 7,City 7
C181,C181,Region 4,City 2
C123,C123,Region 5,City 4
C194,C194,Region 1,City 15
C197,C197,Region 10,City 18
C014,C014,Region 7,City 15
C216,C216,Region 9,City 7
C256,C256,Region 10,City 17
C147,C147,Region 7,City 28
C128,C128,Region 2,City 9
C022,C022,Region 2,City 23
C293,C293,Region 3,City 24
C246,C246,Region 10,City 7
C138,C138,Region 2,City 19
C093,C093,Region 8,City 4
C036,C036,Region 9,City 7
C061,C061,Region 1,City 2
C250,C250,Region 5,City 11
C009,C009,Region 7,City 10
C265,C265,Region 8,City 26
C117,C117,Region 10,City 28
C257,C257,Region 6,City 18
C139,C139,Region 8,City 20
C246,C246,Region 10,City 7
C118,C118,Region 4,City 29
C277,C277,Region 10,City 8
C191,C191,Region 5,City 12
C093,C093,Region 8,City 4
C211,C211,Region 9,City 2
C179,C179,Region 5,City 30
C135,C135,Region 2,City 16
C118,C118,Region 4,City 29
C034,C034,Region 2,City 5
C029,C029,Region 9,City 30
C061,C061,Region 1,City 2
C053,C053,Region 8,City 24
C274,C274,Region 1,City 5
C039,C039,Region 6,City 10
C267,C267,Region 5,City 28
C098,C098,Region 5,City 9
C127,C127,Region 7,City 8
C094,C094,Region 10,City 5
C142,C142,Region 2,City 23
C048,C048,Region 10,City 19
C219,C219,Region 1,City 10
C103,C103,Region 3,City 14
C300,C300,Region 5,City 1
C247,C247,Region 6,City 8
C241,C241,Region 6,City 2
C080,C080,Region 8,City 21
C014,C014,Region 7,City 15
C266,C266,Region 10,City 27
C077,C077,Region 8,City 18
C179,C179,Region 5,City 30
C085,C085,Region 3,City 26
C008,C008,Region 10,City 9
C148,C148,Region 1,City 29
C139,C139,Region 8,City 20
C057,C057,Region 7,City 28
C104,C104,Region 4,City 15
C182,C182,Region 5,City 3
C226,C226,Region 4,City 17
C272,C272,Region 5,City 3
C195,C195,Region 1,City 16
C144,C144,Region 4,City 25
C065,C065,Region 3,City 6
C270,C270,Region 1,City 1
C272,C272,Region 5,City 3
C188,C188,Region 2,City 9
C282,C282,Region 1,City 13
C245,C245,Region 3,City 6
C039,C039,Region 6,City 10
C060,C060,Region 4,City 1
C153,C153,Region 1,City 4
C154,C154,Region 10,City 5
C074,C074,Region 7,City 15
C171,C171,Region 3,City 22
C085,C085,Region 3,City 26
C005,C005,Region 8,City 6
C293,C293,Region 3,City 24
C087,C087,Region 7,City 28
C257,C257,Region 6,City 18
C004,C004,Region 6,City 5
C290,C290,Region 2,City 21
C166,C166,Region 5,City 17
C254,C254,Region 7,City 15
C260,C260,Region 3,City 21
C060,C060,Region 4,City 1
C159,C159,Region 9,City 10
C028,C028,Region 1,City 29
C285,C285,Region 3,City 16
C132,C132,Region 2,City 13
C167,C167,Region 3,City 18
C098,C098,Region 5,City 9
C120,C120,Region 8,City 1
C268,C268,Region 8,City 29
C270,C270,Region 1,City 1
C278,C278,Region 2,City 9
C145,C145,Region 10,City 26
C255,C255,Region 9,City 16
C268,C268,Region 8,City 29
C279,C279,Region 9,City 10
C191,C191,Region 5,City 12
C282,C282,Region 1,City 13
C262,C262,Region 3,City 23
C201,C201,Region 4,City 22
C265,C265,Region 8,City 26
C080,C080,Region 8,City 21
C238,C238,Region 5,City 29
C051,C051,Region 10,City 22
C019,C019,Region 1,City 20
C012,C012,Region 1,City 13
C003,C003,Region 9,City 4
C285,C285,Region 3,City 16
C211,C211,Region 9,City 2
C263,C263,Region 2,City 24
C160,C160,Region 7,City 11
C258,C258,Region 5,City 19
C180,C180,Region 3,City 1
C270,C270,Region 1,City 1
C078,C078,Region 8,City 19
C155,C155,Region 3,City 6
C020,C020,Region 4,City 21
C293,C293,Region 3,City 24
C196,C196,Region 6,City 17
C172,C172,Region 1,City 23
C214,C214,Region 3,City 5
C038,C038,Region 4,City 9
C215,C215,Region 9,City 6
C002,C002,Region 1,City 3
C070,C070,Region 2,City 11
C086,C086,Region 5,City 27
C245,C245,Region 3,City 6
C028,C028,Region 1,City 29
C116,C116,Region 1,City 27
C148,C148,Region 1,City 29
C148,C148,Region 1,City 29
C069,C069,Region 4,City 10
C084,C084,Region 9,City 25
C084,C084,Region 9,City 25
C030,C030,Region 1,City 1
C230,C230,Region 1,City 21
C034,C034,Region 2,City 5
C061,C061,Region 1,City 2
C299,C299,Region 8,City 30
C216,C216,Region 9,City 7
C147,C147,Region 7,City 28
C102,C102,Region 7,City 13
C151,C151,Region 10,City 2
C161,C161,Region 10,City 12
C262,C262,Region 3,City 23
C015,C015,Region 6,City 16
C286,C286,Region 10,City 17
C081,C081,Region 7,City 22
C297,C297,Region 8,City 28
C196,C196,Region 6,City 17
C164,C164,Region 3,City 15
C242,C242,Region 7,City 3
C032,C032,Region 4,City 3
C268,C268,Region 8,City 29
C084,C084,Region 9,City 25
C146,C146,Region 7,City 27
C108,C108,Region 7,City 19
C221,C221,Region 1,City 12
C115,C115,Region 5,City 26
C291,C291,Region 4,City 22
C284,C284,Region 8,City 15
C229,C229,Region 2,City 20
C247,C247,Region 6,City 8
C064,C064,Region 2,City 5
C077,C077,Region 8,City 18
C298,C298,Region 4,City 29
C261,C261,Region 5,City 22
C145,C145,Region 10,City 26
C144,C144,Region 4,City 25
C280,C280,Region 4,City 11
C293,C293,Region 3,City 24
C232,C232,Region 2,City 23
C154,C154,Region 10,City 5
C098,C098,Region 5,City 9
C203,C203,Region 9,City 24
C201,C201,Region 4,City 22
C216,C216,Region 9,City 7
C139,C139,Region 8,City 20
C272,C272,Region 5,City 3
C263,C263,Region 2,City 24
C142,C142,Region 2,City 23
C043,C043,Region 9,City 14
C145,C145,Region 10,City 26
C298,C298,Region 4,City 29
C112,C112,Region 10,City 23
C079,C079,Region 7,City 20
C246,C246,Region 10,City 7
C110,C110,Region 3,City 21
C125,C125,Region 6,City 6
C292,C292,Region 7,City 23
C217,C217,Region 4,City 8
C226,C226,Region 4,City 17
C127,C127,Region 7,City 8
C070,C070,Region 2,City 11
C060,C060,Region 4,City 1
C273,C273,Region 8,City 4
C225,C225,Region 7,City 16
C008,C008,Region 10,City 9
C011,C011,Region 6,City 12
C047,C047,Region 2,City 18
C038,C038,Region 4,City 9
C167,C167,Region 3,City 18
C185,C185,Region 10,City 6
C168,C168,Region 7,City 19
C284,C284,Region 8,City 15
C260,C260,Region 3,City 21
C153,C153,Region 1,City 4
C229,C229,Region 2,City 20
C131,C131,Region 7,City 12
C277,C277,Region 10,City 8
C295,C295,Region 2,City 26
C050,C050,Region 7,City 21
C223,C223,Region 3,City 14
C188,C188,Region 2,City 9
C003,C003,Region 9,City 4
C045,C045,Region 4,City 16
C269,C269,Region 6,City 30
C090,C090,Region 4,City 1
C105,C105,Region 7,City 16
C069,C069,Region 4,City 10
C196,C196,Region 6,City 17
C028,C028,Region 1,City 29
C223,C223,Region 3,City 14
C207,C207,Region 2,City 28
C219,C219,Region 1,City 10
C093,C093,Region 8,City 4
C221,C221,Region 1,City 12
C160,C160,Region 7,City 11
C105,C105,Region 7,City 16
C142,C142,Region 2,City 23
C055,C055,Region 4,City 26
C267,C267,Region 5,City 28
C192,C192,Region 3,City 13
C127,C127,Region 7,City 8
C026,C026,Region 7,City 27
C062,C062,Region 8,City 3
C154,C154,Region 10,City 5
C250,C250,Region 5,City 11
C295,C295,Region 2,City 26
C184,C184,Region 1,City 5
C289,C289,Region 6,City 20
C133,C133,Region 4,City 14
C225,C225,Region 7,City 16
C060,C060,Region 4,City 1
C252,C252,Region 6,City 13
C062,C062,Region 8,City 3
C078,C078,Region 8,City 19
C199,C199,Region 8,City 20
C282,C282,Region 1,City 13
C295,C295,Region 2,City 26
C135,C135,Region 2,City 16
C043,C043,Region 9,City 14
C154,C154,Region 10,City 5
C152,C152,Region 4,City 3
C108,C108,Region 7,City 19
C158,C158,Region 9,City 9
C013,C013,Region 6,City 14
C252,C252,Region 6,City 13
C180,C180,Region 3,City 1
C033,C033,Region 1,City 4
C116,C116,Region 1,City 27
C230,C230,Region 1,City 21
C073,C073,Region 7,City 14
C230,C230,Region 1,City 21
C212,C212,Region 5,City 3
C067,C067,Region 1,City 8
C160,C160,Region 7,City 11
C105,C105,Region 7,City 16
C030,C030,Region 1,City 1
C085,C085,Region 3,City 26
C190,C190,Region 3,City 11
C098,C098,Region 5,City 9
C096,C096,Region 4,City 7
C013,C013,Region 6,City 14
C045,C045,Region 4,City 16
C040,C040,Region 3,City 11
C139,C139,Region 8,City 20
C052,C052,Region 4,City 23
C193,C193,Region 4,City 14
C092,C092,Region 2,City 3
C019,C019,Region 1,City 20
C273,C273,Region 8,City 4
C250,C250,Region 5,City 11
C123,C123,Region 5,City 4
C035,C035,Region 1,City 6
C214,C214,Region 3,City 5
C120,C120,Region 8,City 1
C122,C122,Region 3,City 3
C240,C240,Region 5,City 1
C277,C277,Region 10,City 8
C235,C235,Region 4,City 26
C287,C287,Region 1,City 18
C055,C055,Region 4,City 26
C073,C073,Region 7,City 14
C232,C232,Region 2,City 23
C004,C004,Region 6,City 5
C241,C241,Region 6,City 2
C116,C116,Region 1,City 27
C052,C052,Region 4,City 23
C232,C232,Region 2,City 23
C210,C210,Region 7,City 1
C237,C237,Region 1,City 28
C231,C231,Region 7,City 22
C253,C253,Region 7,City 14
C039,C039,Region 6,City 10
C182,C182,Region 5,City 3
C170,C170,Region 4,City 21
C048,C048,Region 10,City 19
C132,C132,Region 2,City 13
C256,C256,Region 10,City 17
C039,C039,Region 6,City 10
C161,C161,Region 10,City 12
C136,C136,Region 5,City 17
C181,C181,Region 4,City 2
C156,C156,Region 2,City 7
C223,C223,Region 3,City 14
C114,C114,Region 5,City 25
C284,C284,Region 8,City 15
C139,C139,Region 8,City 20
C088,C088,Region 5,City 29
C265,C265,Region 8,City 26
C055,C055,Region 4,City 26
C056,C056,Region 10,City 27
C067,C067,Region 1,City 8
C236,C236,Region 10,City 27
C265,C265,Region 8,City 26
C007,C007,Region 10,City 8
C165,C165,Region 9,City 16
C186,C186,Region 8,City 7
C173,C173,Region 4,City 24
C129,C129,Region 10,City 10
C194,C194,Region 1,City 15
C239,C239,Region 2,City 30
C106,C106,Region 2,City 17
C262,C262,Region 3,City 23
C220,C220,Region 9,City 11
C162,C162,Region 7,City 13
C191,C191,Region 5,City 12
C234,C234,Region 8,City 25
C287,C287,Region 1,City 18
C216,C216,Region 9,City 7
C158,C158,Region 9,City 9
C270,C270,Region 1,City 1
C101,C101,Region 7,City 12
C111,C111,Region 7,City 22
C010,C010,Region 6,City 11
C260,C260,Region 3,City 21
C068,C068,Region 5,City 9
C289,C289,Region 6,City 20
C126,C126,Region 7,City 7
C021,C021,Region 5,City 22
C271,C271,Region 2,City 2
C095,C095,Region 7,City 6
C073,C073,Region 7,City 14
C288,C288,Region 8,City 19
C271,C271,Region 2,City 2
C044,C044,Region 2,City 15
C227,C227,Region 9,City 18
C178,C178,Region 3,City 29
C084,C084,Region 9,City 25
C182,C182,Region 5,City 3
C009,C009,Region 7,City 10
C122,C122,Region 3,City 3
C055,C055,Region 4,City 26
C040,C040,Region 3,City 11
C001,C001,Region 10,City 2
C284,C284,Region 8,City 15
C102,C102,Region 7,City 13
C256,C256,Region 10,City 17
C106,C106,Region 2,City 17
C200,C200,Region 3,City 21
C183,C183,Region 1,City 4
C041,C041,Region 4,City 12
C281,C281,Region 8,City 12
C210,C210,Region 7,City 1
C031,C031,Region 5,City 2
C079,C079,Region 7,City 20
C221,C221,Region 1,City 12
C277,C277,Region 10,City 8
C205,C205,Region 6,City 26
C101,C101,Region 7,City 12
C076,C076,Region 6,City 17
C199,C199,Region 8,City 20
C189,C189,Region 9,City 10
C034,C034,Region 2,City 5
C227,C227,Region 9,City 18
C300,C300,Region 5,City 1
C100,C100,Region 1,City 11
C293,C293,Region 3,City 24
C196,C196,Region 6,City 17
C244,C244,Region 3,City 5
C146,C146,Region 7,City 27
C261,C261,Region 5,City 22
C201,C201,Region 4,City 22
C270,C270,Region 1,City 1
C074,C074,Region 7,City 15
C278,C278,Region 2,City 9
C225,C225,Region 7,City 16
C288,C288,Region 8,City 19
C145,C145,Region 10,City 26
C006,C006,Region 9,City 7
C096,C096,Region 4,City 7
C231,C231,Region 7,City 22
C080,C080,Region 8,City 21
C257,C257,Region 6,City 18
C250,C250,Region 5,City 11
C228,C228,Region 7,City 19
C080,C080,Region 8,City 21
C228,C228,Region 7,City 19
C089,C089,Region 3,City 30
C233,C233,Region 2,City 24
C158,C158,Region 9,City 9
C209,C209,Region 10,City 30
C296,C296,Region 2,City 27
C158,C158,Region 9,City 9
C163,C163,Region 5,City 14
C098,C098,Region 5,City 9
C288,C288,Region 8,City 19
C172,C172,Region 1,City 23
C102,C102,Region 7,City 13
C220,C220,Region 9,City 11
C149,C149,Region 9,City 30
C246,C246,Region 10,City 7
C103,C103,Region 3,City 14
C048,C048,Region 10,City 19
C134,C134,Region 2,City 15
C188,C188,Region 2,City 9
C067,C067,Region 1,City 8
C288,C288,Region 8,City 19
C299,C299,Region 8,City 30
C098,C098,Region 5,City 9
C024,C024,Region 2,City 25
C002,C002,Region 1,City 3
C159,C159,Region 9,City 10
C064,C064,Region 2,City 5
C007,C007,Region 10,City 8
C149,C149,Region 9,City 30
C150,C150,Region 8,City 1
C214,C214,Region 3,City 5
C113,C113,Region 8,City 24
C267,C267,Region 5,City 28
C218,C218,Region 4,City 9
C124,C124,Region 5,City 5
C054,C054,Region 10,City 25
C263,C263,Region 2,City 24
C071,C071,Region 3,City 12
C141,C141,Region 2,City 22
C007,C007,Region 10,City 8
C278,C278,Region 2,City 9
C009,C009,Region 7,City 10
C097,C097,Region 6,City 8
C073,C073,Region 7,City 14
C182,C182,Region 5,City 3
C185,C185,Region 10,City 6
C254,C254,Region 7,City 15
C218,C218,Region 4,City 9
C203,C203,Region 9,City 24
C046,C046,Region 4,City 17
C080,C080,Region 8,City 21
C216,C216,Region 9,City 7
C245,C245,Region 3,City 6
C068,C068,Region 5,City 9
C159,C159,Region 9,City 10
C020,C020,Region 4,City 21
C015,C015,Region 6,City 16
C194,C194,Region 1,City 15
C047,C047,Region 2,City 18
C219,C219,Region 1,City 10
C181,C181,Region 4,City 2
C230,C230,Region 1,City 21
C261,C261,Region 5,City 22
C097,C097,Region 6,City 8
C145,C145,Region 10,City 26
C202,C202,Region 7,City 23
C162,C162,Region 7,City 13
C240,C240,Region 5,City 1
C218,C218,Region 4,City 9
C036,C036,Region 9,City 7
C214,C214,Region 3,City 5
C220,C220,Region 9,City 11
C265,C265,Region 8,City 26
C286,C286,Region 10,City 17
C211,C211,Region 9,City 2
C084,C084,Region 9,City 25
C207,C207,Region 2,City 28
C043,C043,Region 9,City 14
C221,C221,Region 1,City 12
C090,C090,Region 4,City 1
C151,C151,Region 10,City 2
C216,C216,Region 9,City 7
C266,C266,Region 10,City 27
C061,C061,Region 1,City 2
C229,C229,Region 2,City 20
C177,C177,Region 8,City 28
C179,C179,Region 5,City 30
C222,C222,Region 8,City 13
C188,C188,Region 2,City 9
C242,C242,Region 7,City 3
C234,C234,Region 8,City 25
C015,C015,Region 6,City 16
C223,C223,Region 3,City 14
C064,C064,Region 2,City 5
C026,C026,Region 7,City 27
C139,C139,Region 8,City 20
C074,C074,Region 7,City 15
C020,C020,Region 4,City 21
C057,C057,Region 7,City 28
C256,C256,Region 10,City 17
C259,C259,Region 7,City 20
C203,C203,Region 9,City 24
C194,C194,Region 1,City 15
C223,C223,Region 3,City 14
C266,C266,Region 10,City 27
C104,C104,Region 4,City 15
C167,C167,Region 3,City 18
C138,C138,Region 2,City 19
C222,C222,Region 8,City 13
C231,C231,Region 7,City 22
C017,C017,Region 7,City 18
C007,C007,Region 10,City 8
C274,C274,Region 1,City 5
C034,C034,Region 2,City 5
C019,C019,Region 1,City 20
C076,C076,Region 6,City 17
C253,C253,Region 7,City 14
C238,C238,Region 5,City 29
C163,C163,Region 5,City 14
C155,C155,Region 3,City 6
C174,C174,Region 10,City 25
C001,C001,Region 10,City 2
C231,C231,Region 7,City 22
C183,C183,Region 1,City 4
C004,C004,Region 6,City 5
C054,C054,Region 10,City 25
C219,C219,Region 1,City 10
C013,C013,Region 6,City 14
C223,C223,Region 3,City 14
C156,C156,Region 2,City 7
C119,C119,Region 1,City 30
C290,C290,Region 2,City 21
C115,C115,Region 5,City 26
C279,C279,Region 9,City 10
C167,C167,Region 3,City 18
C156,C156,Region 2,City 7
C025,C025,Region 6,City 26
C186,C186,Region 8,City 7
C106,C106,Region 2,City 17
C149,C149,Region 9,City 30
C222,C222,Region 8,City 13
C017,C017,Region 7,City 18
C243,C243,Region 10,City 4
C149,C149,Region 9,City 30
C022,C022,Region 2,City 23
C098,C098,Region 5,City 9
C205,C205,Region 6,City 26
C097,C097,Region 6,City 8
C013,C013,Region 6,City 14
C220,C220,Region 9,City 11
C194,C194,Region 1,City 15
C291,C291,Region 4,City 22
C155,C155,Region 3,City 6
C012,C012,Region 1,City 13
C218,C218,Region 4,City 9
C105,C105,Region 7,City 16
C071,C071,Region 3,City 12
C080,C080,Region 8,City 21
C154,C154,Region 10,City 5
C285,C285,Region 3,City 16
C126,C126,Region 7,City 7
C253,C253,Region 7,City 14
C184,C184,Region 1,City 5
C213,C213,Region 2,City 4
C140,C140,Region 2,City 21
C107,C107,Region 5,City 18
C061,C061,Region 1,City 2
C141,C141,Region 2,City 22
C094,C094,Region 10,City 5
C204,C204,Region 3,City 25
C145,C145,Region 10,City 26
C264,C264,Region 2,City 25
C036,C036,Region 9,City 7
C294,C294,Region 9,City 25
C281,C281,Region 8,City 12
C208,C208,Region 9,City 29
C106,C106,Region 2,City 17
C099,C099,Region 8,City 10
C042,C042,Region 5,City 13
C048,C048,Region 10,City 19
C118,C118,Region 4,City 29
C189,C189,Region 9,City 10
C012,C012,Region 1,City 13
C267,C267,Region 5,City 28
C109,C109,Region 8,City 20
C218,C218,Region 4,City 9
C119,C119,Region 1,City 30
C258,C258,Region 5,City 19
C116,C116,Region 1,City 27
C171,C171,Region 3,City 22
C185,C185,Region 10,City 6
C085,C085,Region 3,City 26
C053,C053,Region 8,City 24
C011,C011,Region 6,City 12
C104,C104,Region 4,City 15
C289,C289,Region 6,City 20
C191,C191,Region 5,City 12
C239,C239,Region 2,City 30
C105,C105,Region 7,City 16
C016,C016,Region 1,City 17
C181,C181,Region 4,City 2
C248,C248,Region 6,City 9
C194,C194,Region 1,City 15
C232,C232,Region 2,City 23
C040,C040,Region 3,City 11
C253,C253,Region 7,City 14
C208,C208,Region 9,City 29
C141,C141,Region 2,City 22
C155,C155,Region 3,City 6
C028,C028,Region 1,City 29
C019,C019,Region 1,City 20
C200,C200,Region 3,City 21
C099,C099,Region 8,City 10
C183,C183,Region 1,City 4
C073,C073,Region 7,City 14
C263,C263,Region 2,City 24
C160,C160,Region 7,City 11
C122,C122,Region 3,City 3
C189,C189,Region 9,City 10
C271,C271,Region 2,City 2
C106,C106,Region 2,City 17
C230,C230,Region 1,City 21
C218,C218,Region 4,City 9
C237,C237,Region 1,City 28
C157,C157,Region 2,City 8
C071,C071,Region 3,City 12
C184,C184,Region 1,City 5
C185,C185,Region 10,City 6
C042,C042,Region 5,City 13
C280,C280,Region 4,City 11
C162,C162,Region 7,City 13
C125,C125,Region 6,City 6
C158,C158,Region 9,City 9
C102,C102,Region 7,City 13
C283,C283,Region 10,City 14
C300,C300,Region 5,City 1
C184,C184,Region 1,City 5
C156,C156,Region 2,City 7
C032,C032,Region 4,City 3
C283,C283,Region 10,City 14
C199,C199,Region 8,City 20
C146,C146,Region 7,City 27
C084,C084,Region 9,City 25
C019,C019,Region 1,City 20
C201,C201,Region 4,City 22
C010,C010,Region 6,City 11
C213,C213,Region 2,City 4
C173,C173,Region 4,City 24
C232,C232,Region 2,City 23
C219,C219,Region 1,City 10
C290,C290,Region 2,City 21
C140,C140,Region 2,City 21
C131,C131,Region 7,City 12
C296,C296,Region 2,City 27
C162,C162,Region 7,City 13
C163,C163,Region 5,City 14
C260,C260,Region 3,City 21
C243,C243,Region 10,City 4
C229,C229,Region 2,City 20
C160,C160,Region 7,City 11
C224,C224,Region 6,City 15
C144,C144,Region 4,City 25
C143,C143,Region 8,City 24
C291,C291,Region 4,City 22
C174,C174,Region 10,City 25
C110,C110,Region 3,City 21
C131,C131,Region 7,City 12
C060,C060,Region 4,City 1
C267,C267,Region 5,City 28
C173,C173,Region 4,City 24
C027,C027,Region 5,City 28
C233,C233,Region 2,City 24
C146,C146,Region 7,City 27
C062,C062,Region 8,City 3
C247,C247,Region 6,City 8
C144,C144,Region 4,City 25
C018,C018,Region 9,City 19
C070,C070,Region 2,City 11
C175,C175,Region 4,City 26
C111,C111,Region 7,City 22
C084,C084,Region 9,City 25
C082,C082,Region 6,City 23
C138,C138,Region 2,City 19
C055,C055,Region 4,City 26
C291,C291,Region 4,City 22
C245,C245,Region 3,City 6
C234,C234,Region 8,City 25
C171,C171,Region 3,City 22
C160,C160,Region 7,City 11
C284,C284,Region 8,City 15
C065,C065,Region 3,City 6
C273,C273,Region 8,City 4
C187,C187,Region 3,City 8
C264,C264,Region 2,City 25
C120,C120,Region 8,City 1
C007,C007,Region 10,City 8
C137,C137,Region 10,City 18
C161,C161,Region 10,City 12
C268,C268,Region 8,City 29
C246,C246,Region 10,City 7
C236,C236,Region 10,City 27
C136,C136,Region 5,City 17
C279,C279,Region 9,City 10
C001,C001,Region 10,City 2
C203,C203,Region 9,City 24
C248,C248,Region 6,City 9
C174,C174,Region 10,City 25
C055,C055,Region 4,City 26
C076,C076,Region 6,City 17
C111,C111,Region 7,City 22
C261,C261,Region 5,City 22
C096,C096,Region 4,City 7
C152,C152,Region 4,City 3
C272,C272,Region 5,City 3
C066,C066,Region 5,City 7
C201,C201,Region 4,City 22
C075,C075,Region 3,City 16
C269,C269,Region 6,City 30
C014,C014,Region 7,City 15
C205,C205,Region 6,City 26
C280,C280,Region 4,City 11
C207,C207,Region 2,City 28
C101,C101,Region 7,City 12
C136,C136,Region 5,City 17
C256,C256,Region 10,City 17
C149,C149,Region 9,City 30
C207,C207,Region 2,City 28
C183,C183,Region 1,City 4
C100,C100,Region 1,City 11
C078,C078,Region 8,City 19
C038,C038,Region 4,City 9
C235,C235,Region 4,City 26
C076,C076,Region 6,City 17
C128,C128,Region 2,City 9
C117,C117,Region 10,City 28
C118,C118,Region 4,City 29
C024,C024,Region 2,City 25
C111,C111,Region 7,City 22
C044,C044,Region 2,City 15
C080,C080,Region 8,City 21
C172,C172,Region 1,City 23
C226,C226,Region 4,City 17
C177,C177,Region 8,City 28
C151,C151,Region 10,City 2
C201,C201,Region 4,City 22
C019,C019,Region 1,City 20
C049,C049,Region 2,City 20
C179,C179,Region 5,City 30
C132,C132,Region 2,City 13
C247,C247,Region 6,City 8
C181,C181,Region 4,City 2
C091,C091,Region 8,City 2
C105,C105,Region 7,City 16
C247,C247,Region 6,City 8
C250,C250,Region 5,City 11
C146,C146,Region 7,City 27
C264,C264,Region 2,City 25
C207,C207,Region 2,City 28
C177,C177,Region 8,City 28
C062,C062,Region 8,City 3
C119,C119,Region 1,City 30
C211,C211,Region 9,City 2
C062,C062,Region 8,City 3
C045,C045,Region 4,City 16
C168,C168,Region 7,City 19
C146,C146,Region 7,City 27
C073,C073,Region 7,City 14
C010,C010,Region 6,City 11
C186,C186,Region 8,City 7
C032,C032,Region 4,City 3
C178,C178,Region 3,City 29
C244,C244,Region 3,City 5
C079,C079,Region 7,City 20
C080,C080,Region 8,City 21
C126,C126,Region 7,City 7
C212,C212,Region 5,City 3
C276,C276,Region 2,City 7
C270,C270,Region 1,City 1
C095,C095,Region 7,City 6
C008,C008,Region 10,City 9
C094,C094,Region 10,City 5
C219,C219,Region 1,City 10
C049,C049,Region 2,City 20
C183,C183,Region 1,City 4
C142,C142,Region 2,City 23
C169,C169,Region 1,City 20
C076,C076,Region 6,City 17
C284,C284,Region 8,City 15
C254,C254,Region 7,City 15
C005,C005,Region 8,City 6
C044,C044,Region 2,City 15
C131,C131,Region 7,City 12
C069,C069,Region 4,City 10
C004,C004,Region 6,City 5
C246,C246,Region 10,City 7
C187,C187,Region 3,City 8
C026,C026,Region 7,City 27
C263,C263,Region 2,City 24
C093,C093,Region 8,City 4
C047,C047,Region 2,City 18
C099,C099,Region 8,City 10
C256,C256,Region 10,City 17
C129,C129,Region 10,City 10
C074,C074,Region 7,City 15
C262,C262,Region 3,City 23
C063,C063,Region 9,City 4
C280,C280,Region 4,City 11
C268,C268,Region 8,City 29
C166,C166,Region 5,City 17
C070,C070,Region 2,City 11
C088,C088,Region 5,City 29
C049,C049,Region 2,City 20
C235,C235,Region 4,City 26
C077,C077,Region 8,City 18
C054,C054,Region 10,City 25
C291,C291,Region 4,City 22
C299,C299,Region 8,City 30
C240,C240,Region 5,City 1
C001,C001,Region 10,City 2
C289,C289,Region 6,City 20
C233,C233,Region 2,City 24
C008,C008,Region 10,City 9
C096,C096,Region 4,City 7
C059,C059,Region 10,City 30
C011,C011,Region 6,City 12
C219,C219,Region 1,City 10
C220,C220,Region 9,City 11
C136,C136,Region 5,City 17
C271,C271,Region 2,City 2
C296,C296,Region 2,City 27
C145,C145,Region 10,City 26
C009,C009,Region 7,City 10
C223,C223,Region 3,City 14
C214,C214,Region 3,City 5
C151,C151,Region 10,City 2
C106,C106,Region 2,City 17
C235,C235,Region 4,City 26
C023,C023,Region 8,City 24
C094,C094,Region 10,City 5
C268,C268,Region 8,City 29
C067,C067,Region 1,City 8
C249,C249,Region 2,City 10
C230,C230,Region 1,City 21
C075,C075,Region 3,City 16
C194,C194,Region 1,City 15
C178,C178,Region 3,City 29
C104,C104,Region 4,City 15
C024,C024,Region 2,City 25
C265,C265,Region 8,City 26
C044,C044,Region 2,City 15
C025,C025,Region 6,City 26
C287,C287,Region 1,City 18
C137,C137,Region 10,City 18
C040,C040,Region 3,City 11
C104,C104,Region 4,City 15
C162,C162,Region 7,City 13
C007,C007,Region 10,City 8
C033,C033,Region 1,City 4
C134,C134,Region 2,City 15
C116,C116,Region 1,City 27
C133,C133,Region 4,City 14
C016,C016,Region 1,City 17
C187,C187,Region 3,City 8
C251,C251,Region 1,City 12
C103,C103,Region 3,City 14
C125,C125,Region 6,City 6
C025,C025,Region 6,City 26
C004,C004,Region 6,City 5
C028,C028,Region 1,City 29
C043,C043,Region 9,City 14
C140,C140,Region 2,City 21
C156,C156,Region 2,City 7
C085,C085,Region 3,City 26
C236,C236,Region 10,City 27
C276,C276,Region 2,City 7
C086,C086,Region 5,City 27
C215,C215,Region 9,City 6
C102,C102,Region 7,City 13
C237,C237,Region 1,City 28
C291,C291,Region 4,City 22
C244,C244,Region 3,City 5
C135,C135,Region 2,City 16
C196,C196,Region 6,City 17
C255,C255,Region 9,City 16
C118,C118,Region 4,City 29
C223,C223,Region 3,City 14
C280,C280,Region 4,City 11
C196,C196,Region 6,City 17
C217,C217,Region 4,City 8
C238,C238,Region 5,City 29
C037,C037,Region 7,City 8
C140,C140,Region 2,City 21
C229,C229,Region 2,City 20
C260,C260,Region 3,City 21
C105,C105,Region 7,City 16
C122,C122,Region 3,City 3
C289,C289,Region 6,City 20
C238,C238,Region 5,City 29
C156,C156,Region 2,City 7
C042,C042,Region 5,City 13
C097,C097,Region 6,City 8
C031,C031,Region 5,City 2
C145,C145,Region 10,City 26
C196,C196,Region 6,City 17
C059,C059,Region 10,City 30
C132,C132,Region 2,City 13
C282,C282,Region 1,City 13
C244,C244,Region 3,City 5
C053,C053,Region 8,City 24
C194,C194,Region 1,City 15
C082,C082,Region 6,City 23
C289,C289,Region 6,City 20
C098,C098,Region 5,City 9
C100,C100,Region 1,City 11
C080,C080,Region 8,City 21
C194,C194,Region 1,City 15
C264,C264,Region 2,City 25
C136,C136,Region 5,City 17
C044,C044,Region 2,City 15
C230,C230,Region 1,City 21
C275,C275,Region 9,City 6
C065,C065,Region 3,City 6
C026,C026,Region 7,City 27
C079,C079,Region 7,City 20
C257,C257,Region 6,City 18
C083,C083,Region 1,City 24
C113,C113,Region 8,City 24
C182,C182,Region 5,City 3
C184,C184,Region 1,City 5
C107,C107,Region 5,City 18
C234,C234,Region 8,City 25
C006,C006,Region 9,City 7
C090,C090,Region 4,City 1
C034,C034,Region 2,City 5
C205,C205,Region 6,City 26
C255,C255,Region 9,City 16
C283,C283,Region 10,City 14
C102,C102,Region 7,City 13
C229,C229,Region 2,City 20
C018,C018,Region 9,City 19
C111,C111,Region 7,City 22
C005,C005,Region 8,City 6
C004,C004,Region 6,City 5
C025,C025,Region 6,City 26
C260,C260,Region 3,City 21
C041,C041,Region 4,City 12
C298,C298,Region 4,City 29
C107,C107,Region 5,City 18
C136,C136,Region 5,City 17
C241,C241,Region 6,City 2
C155,C155,Region 3,City 6
C093,C093,Region 8,City 4
C152,C152,Region 4,City 3
C282,C282,Region 1,City 13
C036,C036,Region 9,City 7
C240,C240,Region 5,City 1
C107,C107,Region 5,City 18
C254,C254,Region 7,City 15
C072,C072,Region 9,City 13
C224,C224,Region 6,City 15
C058,C058,Region 4,City 29
C032,C032,Region 4,City 3
C190,C190,Region 3,City 11
C066,C066,Region 5,City 7
C146,C146,Region 7,City 27
C098,C098,Region 5,City 9
C151,C151,Region 10,City 2
C200,C200,Region 3,City 21
C243,C243,Region 10,City 4
C133,C133,Region 4,City 14
C267,C267,Region 5,City 28
C240,C240,Region 5,City 1
C141,C141,Region 2,City 22
C202,C202,Region 7,City 23
C059,C059,Region 10,City 30
C073,C073,Region 7,City 14
C043,C043,Region 9,City 14
C060,C060,Region 4,City 1
C031,C031,Region 5,City 2
C055,C055,Region 4,City 26
C249,C249,Region 2,City 10
C228,C228,Region 7,City 19
C204,C204,Region 3,City 25
C227,C227,Region 9,City 18
C263,C263,Region 2,City 24
C241,C241,Region 6,City 2
C088,C088,Region 5,City 29
C181,C181,Region 4,City 2
C202,C202,Region 7,City 23
C258,C258,Region 5,City 19
C020,C020,Region 4,City 21
C096,C096,Region 4,City 7
C170,C170,Region 4,City 21
C250,C250,Region 5,City 11
C150,C150,Region 8,City 1
C239,C239,Region 2,City 30
C187,C187,Region 3,City 8
C241,C241,Region 6,City 2
C229,C229,Region 2,City 20
C065,C065,Region 3,City 6
C032,C032,Region 4,City 3
C095,C095,Region 7,City 6
C225,C225,Region 7,City 16
C229,C229,Region 2,City 20
C219,C219,Region 1,City 10
C166,C166,Region 5,City 17
C272,C272,Region 5,City 3
C124,C124,Region 5,City 5
C207,C207,Region 2,City 28
C265,C265,Region 8,City 26
C073,C073,Region 7,City 14
C215,C215,Region 9,City 6
C032,C032,Region 4,City 3
C290,C290,Region 2,City 21
C289,C289,Region 6,City 20
C101,C101,Region 7,City 12
C091,C091,Region 8,City 2
C046,C046,Region 4,City 17
C195,C195,Region 1,City 16
C237,C237,Region 1,City 28
C196,C196,Region 6,City 17
C010,C010,Region 6,City 11
C018,C018,Region 9,City 19
C279,C279,Region 9,City 10
C254,C254,Region 7,City 15
C239,C239,Region 2,City 30
C241,C241,Region 6,City 2
C112,C112,Region 10,City 23
C096,C096,Region 4,City 7
C090,C090,Region 4,City 1
C114,C114,Region 5,City 25
C080,C080,Region 8,City 21
C102,C102,Region 7,City 13
C015,C015,Region 6,City 16
C246,C246,Region 10,City 7
C074,C074,Region 7,City 15
C220,C220,Region 9,City 11
C210,C210,Region 7,City 1
C232,C232,Region 2,City 23
C180,C180,Region 3,City 1
C160,C160,Region 7,City 11
C015,C015,Region 6,City 16
C130,C130,Region 3,City 11
C293,C293,Region 3,City 24
C182,C182,Region 5,City 3
C221,C221,Region 1,City 12
C287,C287,Region 1,City 18
C169,C169,Region 1,City 20
C141,C141,Region 2,City 22
C261,C261,Region 5,City 22
C274,C274,Region 1,City 5
C016,C016,Region 1,City 17
C177,C177,Region 8,City 28
C039,C039,Region 6,City 10
C117,C117,Region 10,City 28
C128,C128,Region 2,City 9
C013,C013,Region 6,City 14
C178,C178,Region 3,City 29
C052,C052,Region 4,City 23
C262,C262,Region 3,City 23
C222,C222,Region 8,City 13
C155,C155,Region 3,City 6
C294,C294,Region 9,City 25
C042,C042,Region 5,City 13
C076,C076,Region 6,City 17
C262,C262,Region 3,City 23
C177,C177,Region 8,City 28
C182,C182,Region 5,City 3
C008,C008,Region 10,City 9
C238,C238,Region 5,City 29
C223,C223,Region 3,City 14
C230,C230,Region 1,City 21
C253,C253,Region 7,City 14
C076,C076,Region 6,City 17
C050,C050,Region 7,City 21
C216,C216,Region 9,City 7
C005,C005,Region 8,City 6
C140,C140,Region 2,City 21
C012,C012,Region 1,City 13
C105,C105,Region 7,City 16
C240,C240,Region 5,City 1
C201,C201,Region 4,City 22
C130,C130,Region 3,City 11
C041,C041,Region 4,City 12
C015,C015,Region 6,City 16
C250,C250,Region 5,City 11
C040,C040,Region 3,City 11
C258,C258,Region 5,City 19
C244,C244,Region 3,City 5
C033,C033,Region 1,City 4
C288,C288,Region 8,City 19
C161,C161,Region 10,City 12
C267,C267,Region 5,City 28
C288,C288,Region 8,City 19
C034,C034,Region 2,City 5
C055,C055,Region 4,City 26
C014,C014,Region 7,City 15
C266,C266,Region 10,City 27
C069,C069,Region 4,City 10
C230,C230,Region 1,City 21
C164,C164,Region 3,City 15
C036,C036,Region 9,City 7
C212,C212,Region 5,City 3
C117,C117,Region 10,City 28
C245,C245,Region 3,City 6
C131,C131,Region 7,City 12
C051,C051,Region 10,City 22
C198,C198,Region 4,City 19
C057,C057,Region 7,City 28
C089,C089,Region 3,City 30
C256,C256,Region 10,City 17
C103,C103,Region 3,City 14
C147,C147,Region 7,City 28
C072,C072,Region 9,City 13
C095,C095,Region 7,City 6
C114,C114,Region 5,City 25
C196,C196,Region 6,City 17
C019,C019,Region 1,City 20
C232,C232,Region 2,City 23
C276,C276,Region 2,City 7
C170,C170,Region 4,City 21
C292,C292,Region 7,City 23
C030,C030,Region 1,City 1
C217,C217,Region 4,City 8
C083,C083,Region 1,City 24
C113,C113,Region 8,City 24
C103,C103,Region 3,City 14
C296,C296,Region 2,City 27
C178,C178,Region 3,City 29
C076,C076,Region 6,City 17
C024,C024,Region 2,City 25
C189,C189,Region 9,City 10
C134,C134,Region 2,City 15
C004,C004,Region 6,City 5
C274,C274,Region 1,City 5
C063,C063,Region 9,City 4
C279,C279,Region 9,City 10
C247,C247,Region 6,City 8
C292,C292,Region 7,City 23
C276,C276,Region 2,City 7
C038,C038,Region 4,City 9
C048,C048,Region 10,City 19
C194,C194,Region 1,City 15
C242,C242,Region 7,City 3
C047,C047,Region 2,City 18
C299,C299,Region 8,City 30
C092,C092,Region 2,City 3
C264,C264,Region 2,City 25
C012,C012,Region 1,City 13
C087,C087,Region 7,City 28
C183,C183,Region 1,City 4
C097,C097,Region 6,City 8
C099,C099,Region 8,City 10
C093,C093,Region 8,City 4
C262,C262,Region 3,City 23
C272,C272,Region 5,City 3
C236,C236,Region 10,City 27
C115,C115,Region 5,City 26
C011,C011,Region 6,City 12
C004,C004,Region 6,City 5
C140,C140,Region 2,City 21
C018,C018,Region 9,City 19
C083,C083,Region 1,City 24
C032,C032,Region 4,City 3
C156,C156,Region 2,City 7
C256,C256,Region 10,City 17
C264,C264,Region 2,City 25
C216,C216,Region 9,City 7
C246,C246,Region 10,City 7
C238,C238,Region 5,City 29
C046,C046,Region 4,City 17
C230,C230,Region 1,City 21
C100,C100,Region 1,City 11
C177,C177,Region 8,City 28
C044,C044,Region 2,City 15
C022,C022,Region 2,City 23
C103,C103,Region 3,City 14
C187,C187,Region 3,City 8
C193,C193,Region 4,City 14
C061,C061,Region 1,City 2
C238,C238,Region 5,City 29
C287,C287,Region 1,City 18
C057,C057,Region 7,City 28
C241,C241,Region 6,City 2
C124,C124,Region 5,City 5
C126,C126,Region 7,City 7
C241,C241,Region 6,City 2
C048,C048,Region 10,City 19
C276,C276,Region 2,City 7
C061,C061,Region 1,City 2
C026,C026,Region 7,City 27
C145,C145,Region 10,City 26
C151,C151,Region 10,City 2
C295,C295,Region 2,City 26
C059,C059,Region 10,City 30
C164,C164,Region 3,City 15
C252,C252,Region 6,City 13
C091,C091,Region 8,City 2
C255,C255,Region 9,City 16
C101,C101,Region 7,City 12
C091,C091,Region 8,City 2
C228,C228,Region 7,City 19
C137,C137,Region 10,City 18
C261,C261,Region 5,City 22
C172,C172,Region 1,City 23
C204,C204,Region 3,City 25
C046,C046,Region 4,City 17
C226,C226,Region 4,City 17
C281,C281,Region 8,City 12
C257,C257,Region 6,City 18
C021,C021,Region 5,City 22
C177,C177,Region 8,City 28
C147,C147,Region 7,City 28
C090,C090,Region 4,City 1
C264,C264,Region 2,City 25
C237,C237,Region 1,City 28
C027,C027,Region 5,City 28
C121,C121,Region 7,City 2
C210,C210,Region 7,City 1
C106,C106,Region 2,City 17
C119,C119,Region 1,City 30
C149,C149,Region 9,City 30
C153,C153,Region 1,City 4
C250,C250,Region 5,City 11
C097,C097,Region 6,City 8
C044,C044,Region 2,City 15
C084,C084,Region 9,City 25
C242,C242,Region 7,City 3
C280,C280,Region 4,City 11
C288,C288,Region 8,City 19
C025,C025,Region 6,City 26
C139,C139,Region 8,City 20
C257,C257,Region 6,City 18
C048,C048,Region 10,City 19
C070,C070,Region 2,City 11
C227,C227,Region 9,City 18
C157,C157,Region 2,City 8
C296,C296,Region 2,City 27
C194,C194,Region 1,City 15
C203,C203,Region 9,City 24
C236,C236,Region 10,City 27
C225,C225,Region 7,City 16
C155,C155,Region 3,City 6
C133,C133,Region 4,City 14
C160,C160,Region 7,City 11
C106,C106,Region 2,City 17
C251,C251,Region 1,City 12
C220,C220,Region 9,City 11
C228,C228,Region 7,City 19
C168,C168,Region 7,City 19
C111,C111,Region 7,City 22
C274,C274,Region 1,City 5
C088,C088,Region 5,City 29
C163,C163,Region 5,City 14
C184,C184,Region 1,City 5
C274,C274,Region 1,City 5
C013,C013,Region 6,City 14
C093,C093,Region 8,City 4
C020,C020,Region 4,City 21
C135,C135,Region 2,City 16
C104,C104,Region 4,City 15
C111,C111,Region 7,City 22
C263,C263,Region 2,City 24
C165,C165,Region 9,City 16
C062,C062,Region 8,City 3
C019,C019,Region 1,City 20
C147,C147,Region 7,City 28
C085,C085,Region 3,City 26
C226,C226,Region 4,City 17
C065,C065,Region 3,City 6
C019,C019,Region 1,City 20
C291,C291,Region 4,City 22
C021,C021,Region 5,City 22
C039,C039,Region 6,City 10
C090,C090,Region 4,City 1
C204,C204,Region 3,City 25
C175,C175,Region 4,City 26
C220,C220,Region 9,City 11
C121,C121,Region 7,City 2
C250,C250,Region 5,City 11
C108,C108,Region 7,City 19
C073,C073,Region 7,City 14
C194,C194,Region 1,City 15
C247,C247,Region 6,City 8
C077,C077,Region 8,City 18
C176,C176,Region 3,City 27
C294,C294,Region 9,City 25
C177,C177,Region 8,City 28
C090,C090,Region 4,City 1
C187,C187,Region 3,City 8
C071,C071,Region 3,City 12
C043,C043,Region 9,City 14
C241,C241,Region 6,City 2
C261,C261,Region 5,City 22
C132,C132,Region 2,City 13
C098,C098,Region 5,City 9
C187,C187,Region 3,City 8
C020,C020,Region 4,City 21
C127,C127,Region 7,City 8
C232,C232,Region 2,City 23
C247,C247,Region 6,City 8
C158,C158,Region 9,City 9
C274,C274,Region 1,City 5
C268,C268,Region 8,City 29
C106,C106,Region 2,City 17
C094,C094,Region 10,City 5
C215,C215,Region 9,City 6
C291,C291,Region 4,City 22
C090,C090,Region 4,City 1
C245,C245,Region 3,City 6
C216,C216,Region 9,City 7
C092,C092,Region 2,City 3
C170,C170,Region 4,City 21
C093,C093,Region 8,City 4
C197,C197,Region 10,City 18
C137,C137,Region 10,City 18
C181,C181,Region 4,City 2
C097,C097,Region 6,City 8
C025,C025,Region 6,City 26
C205,C205,Region 6,City 26
C003,C003,Region 9,City 4
C025,C025,Region 6,City 26
C152,C152,Region 4,City 3
C078,C078,Region 8,City 19
C092,C092,Region 2,City 3
C186,C186,Region 8,City 7
C284,C284,Region 8,City 15
C286,C286,Region 10,City 17
C245,C245,Region 3,City 6
C239,C239,Region 2,City 30
C060,C060,Region 4,City 1
C117,C117,Region 10,City 28
C077,C077,Region 8,City 18
C079,C079,Region 7,City 20
C094,C094,Region 10,City 5
C022,C022,Region 2,City 23
C111,C111,Region 7,City 22
C181,C181,Region 4,City 2
C044,C044,Region 2,City 15
C290,C290,Region 2,City 21
C257,C257,Region 6,City 18
C070,C070,Region 2,City 11
C165,C165,Region 9,City 16
C080,C080,Region 8,City 21
C285,C285,Region 3,City 16
C144,C144,Region 4,City 25
C041,C041,Region 4,City 12
C209,C209,Region 10,City 30
C010,C010,Region 6,City 11
C038,C038,Region 4,City 9
C096,C096,Region 4,City 7
C099,C099,Region 8,City 10
C008,C008,Region 10,City 9
C277,C277,Region 10,City 8
C085,C085,Region 3,City 26
C129,C129,Region 10,City 10
C113,C113,Region 8,City 24
C173,C173,Region 4,City 24
C123,C123,Region 5,City 4
C002,C002,Region 1,City 3
C037,C037,Region 7,City 8
C055,C055,Region 4,City 26
C124,C124,Region 5,City 5
C228,C228,Region 7,City 19
C120,C120,Region 8,City 1
C297,C297,Region 8,City 28
C213,C213,Region 2,City 4
C195,C195,Region 1,City 16
C175,C175,Region 4,City 26
C162,C162,Region 7,City 13
C058,C058,Region 4,City 29
C199,C199,Region 8,City 20
C087,C087,Region 7,City 28
C175,C175,Region 4,City 26
C238,C238,Region 5,City 29
C052,C052,Region 4,City 23
C085,C085,Region 3,City 26
C186,C186,Region 8,City 7
C289,C289,Region 6,City 20
C281,C281,Region 8,City 12
C216,C216,Region 9,City 7
C135,C135,Region 2,City 16
C264,C264,Region 2,City 25
C255,C255,Region 9,City 16
C030,C030,Region 1,City 1
C003,C003,Region 9,City 4
C297,C297,Region 8,City 28
C035,C035,Region 1,City 6
C197,C197,Region 10,City 18
C281,C281,Region 8,City 12
C160,C160,Region 7,City 11
C063,C063,Region 9,City 4
C287,C287,Region 1,City 18
C237,C237,Region 1,City 28
C145,C145,Region 10,City 26
C106,C106,Region 2,City 17
C226,C226,Region 4,City 17
C126,C126,Region 7,City 7
C289,C289,Region 6,City 20
C217,C217,Region 4,City 8
C055,C055,Region 4,City 26
C039,C039,Region 6,City 10
C256,C256,Region 10,City 17
C160,C160,Region 7,City 11
C094,C094,Region 10,City 5
C105,C105,Region 7,City 16
C273,C273,Region 8,City 4
C265,C265,Region 8,City 26
C235,C235,Region 4,City 26
C199,C199,Region 8,City 20
C174,C174,Region 10,City 25
C217,C217,Region 4,City 8
C261,C261,Region 5,City 22
C130,C130,Region 3,City 11
C200,C200,Region 3,City 21
C068,C068,Region 5,City 9
C238,C238,Region 5,City 29
C168,C168,Region 7,City 19
C190,C190,Region 3,City 11
C046,C046,Region 4,City 17
C228,C228,Region 7,City 19
C113,C113,Region 8,City 24
C041,C041,Region 4,City 12
C100,C100,Region 1,City 11
C199,C199,Region 8,City 20
C113,C113,Region 8,City 24
C108,C108,Region 7,City 19
C127,C127,Region 7,City 8
C187,C187,Region 3,City 8
C017,C017,Region 7,City 18
C079,C079,Region 7,City 20
C004,C004,Region 6,City 5
C209,C209,Region 10,City 30
C255,C255,Region 9,City 16
C096,C096,Region 4,City 7
C153,C153,Region 1,City 4
C061,C061,Region 1,City 2
C204,C204,Region 3,City 25
C300,C300,Region 5,City 1
C153,C153,Region 1,City 4
C082,C082,Region 6,City 23
C263,C263,Region 2,City 24
C075,C075,Region 3,City 16
C122,C122,Region 3,City 3
C021,C021,Region 5,City 22
C094,C094,Region 10,City 5
C187,C187,Region 3,City 8
C225,C225,Region 7,City 16
C083,C083,Region 1,City 24
C039,C039,Region 6,City 10
C039,C039,Region 6,City 10
C143,C143,Region 8,City 24
C182,C182,Region 5,City 3
C069,C069,Region 4,City 10
C088,C088,Region 5,City 29
C288,C288,Region 8,City 19
C216,C216,Region 9,City 7
C206,C206,Region 7,City 27
C232,C232,Region 2,City 23
C173,C173,Region 4,City 24
C048,C048,Region 10,City 19
C253,C253,Region 7,City 14
C268,C268,Region 8,City 29
C128,C128,Region 2,City 9
C212,C212,Region 5,City 3
C158,C158,Region 9,City 9
C059,C059,Region 10,City 30
C079,C079,Region 7,City 20
C027,C027,Region 5,City 28
C050,C050,Region 7,City 21
C139,C139,Region 8,City 20
C191,C191,Region 5,City 12
C075,C075,Region 3,City 16
C010,C010,Region 6,City 11
C159,C159,Region 9,City 10
C141,C141,Region 2,City 22
C227,C227,Region 9,City 18
C296,C296,Region 2,City 27
C127,C127,Region 7,City 8
C149,C149,Region 9,City 30
C042,C042,Region 5,City 13
C118,C118,Region 4,City 29
C183,C183,Region 1,City 4
C275,C275,Region 9,City 6
C236,C236,Region 10,City 27
C063,C063,Region 9,City 4
C249,C249,Region 2,City 10
C170,C170,Region 4,City 21
C008,C008,Region 10,City 9
C036,C036,Region 9,City 7
C164,C164,Region 3,City 15
C260,C260,Region 3,City 21
C234,C234,Region 8,City 25
C283,C283,Region 10,City 14
C243,C243,Region 10,City 4
C234,C234,Region 8,City 25
C121,C121,Region 7,City 2
C194,C194,Region 1,City 15
C272,C272,Region 5,City 3
C208,C208,Region 9,City 29
C189,C189,Region 9,City 10
C152,C152,Region 4,City 3
C118,C118,Region 4,City 29
C028,C028,Region 1,City 29
C300,C300,Region 5,City 1
C280,C280,Region 4,City 11
C111,C111,Region 7,City 22
C047,C047,Region 2,City 18
C261,C261,Region 5,City 22
C177,C177,Region 8,City 28
C212,C212,Region 5,City 3
C195,C195,Region 1,City 16
C145,C145,Region 10,City 26
C270,C270,Region 1,City 1
C199,C199,Region 8,City 20
C254,C254,Region 7,City 15
C272,C272,Region 5,City 3
C252,C252,Region 6,City 13
C254,C254,Region 7,City 15
C239,C239,Region 2,City 30
C231,C231,Region 7,City 22
C159,C159,Region 9,City 10
C159,C159,Region 9,City 10
C091,C091,Region 8,City 2
C061,C061,Region 1,City 2
C100,C100,Region 1,City 11
C291,C291,Region 4,City 22
C113,C113,Region 8,City 24
C208,C208,Region 9,City 29
C145,C145,Region 10,City 26
C178,C178,Region 3,City 29
C257,C257,Region 6,City 18
C250,C250,Region 5,City 11
C265,C265,Region 8,City 26
C189,C189,Region 9,City 10
C154,C154,Region 10,City 5
C133,C133,Region 4,City 14
C061,C061,Region 1,City 2
C180,C180,Region 3,City 1
C029,C029,Region 9,City 30
C226,C226,Region 4,City 17
C076,C076,Region 6,City 17
C002,C002,Region 1,City 3
C205,C205,Region 6,City 26
C196,C196,Region 6,City 17
C273,C273,Region 8,City 4
C243,C243,Region 10,City 4
C201,C201,Region 4,City 22
C232,C232,Region 2,City 23
C161,C161,Region 10,City 12
C165,C165,Region 9,City 16
C224,C224,Region 6,City 15
C114,C114,Region 5,City 25
C107,C107,Region 5,City 18
C226,C226,Region 4,City 17
C219,C219,Region 1,City 10
C250,C250,Region 5,City 11
C167,C167,Region 3,City 18
C122,C122,Region 3,City 3
C293,C293,Region 3,City 24
C032,C032,Region 4,City 3
C226,C226,Region 4,City 17
C165,C165,Region 9,City 16
C108,C108,Region 7,City 19
C033,C033,Region 1,City 4
C002,C002,Region 1,City 3
C160,C160,Region 7,City 11
C210,C210,Region 7,City 1
C031,C031,Region 5,City 2
C155,C155,Region 3,City 6
C219,C219,Region 1,City 10
C225,C225,Region 7,City 16
C124,C124,Region 5,City 5
C063,C063,Region 9,City 4
C079,C079,Region 7,City 20
C225,C225,Region 7,City 16
C232,C232,Region 2,City 23
C022,C022,Region 2,City 23
C042,C042,Region 5,City 13
C007,C007,Region 10,City 8
C228,C228,Region 7,City 19
C068,C068,Region 5,City 9
C211,C211,Region 9,City 2
C032,C032,Region 4,City 3
C153,C153,Region 1,City 4
C279,C279,Region 9,City 10
C068,C068,Region 5,City 9
C250,C250,Region 5,City 11
C015,C015,Region 6,City 16
C098,C098,Region 5,City 9
C084,C084,Region 9,City 25
C254,C254,Region 7,City 15
C213,C213,Region 2,City 4
C063,C063,Region 9,City 4
C197,C197,Region 10,City 18
C159,C159,Region 9,City 10
C080,C080,Region 8,City 21
C054,C054,Region 10,City 25
C204,C204,Region 3,City 25
C134,C134,Region 2,City 15
C272,C272,Region 5,City 3
C268,C268,Region 8,City 29
C210,C210,Region 7,City 1
C272,C272,Region 5,City 3
C098,C098,Region 5,City 9
C261,C261,Region 5,City 22
C166,C166,Region 5,City 17
C219,C219,Region 1,City 10
C246,C246,Region 10,City 7
C212,C212,Region 5,City 3
C126,C126,Region 7,City 7
C092,C092,Region 2,City 3
C203,C203,Region 9,City 24
C175,C175,Region 4,City 26
C105,C105,Region 7,City 16
C004,C004,Region 6,City 5
C272,C272,Region 5,City 3
C125,C125,Region 6,City 6
C062,C062,Region 8,City 3
C219,C219,Region 1,City 10
C196,C196,Region 6,City 17
C290,C290,Region 2,City 21
C228,C228,Region 7,City 19
C281,C281,Region 8,City 12
C208,C208,Region 9,City 29
C067,C067,Region 1,City 8
C007,C007,Region 10,City 8
C077,C077,Region 8,City 18
C240,C240,Region 5,City 1
C055,C055,Region 4,City 26
C198,C198,Region 4,City 19
C118,C118,Region 4,City 29
C007,C007,Region 10,City 8
C046,C046,Region 4,City 17
C084,C084,Region 9,City 25
C133,C133,Region 4,City 14
C083,C083,Region 1,City 24
C115,C115,Region 5,City 26
C257,C257,Region 6,City 18
C256,C256,Region 10,City 17
C208,C208,Region 9,City 29
C145,C145,Region 10,City 26
C168,C168,Region 7,City 19
C051,C051,Region 10,City 22
C287,C287,Region 1,City 18
C259,C259,Region 7,City 20
C269,C269,Region 6,City 30
C074,C074,Region 7,City 15
C182,C182,Region 5,City 3
C042,C042,Region 5,City 13
C214,C214,Region 3,City 5
C220,C220,Region 9,City 11
C122,C122,Region 3,City 3
C074,C074,Region 7,City 15
C196,C196,Region 6,City 17
C194,C194,Region 1,City 15
C295,C295,Region 2,City 26
C299,C299,Region 8,City 30
C160,C160,Region 7,City 11
C164,C164,Region 3,City 15
C135,C135,Region 2,City 16
C069,C069,Region 4,City 10
C031,C031,Region 5,City 2
C051,C051,Region 10,City 22
C300,C300,Region 5,City 1
C073,C073,Region 7,City 14
C167,C167,Region 3,City 18
C195,C195,Region 1,City 16
C202,C202,Region 7,City 23
C233,C233,Region 2,City 24
C059,C059,Region 10,City 30
C200,C200,Region 3,City 21
C099,C099,Region 8,City 10
C174,C174,Region 10,City 25
C092,C092,Region 2,City 3
C048,C048,Region 10,City 19
C272,C272,Region 5,City 3
C205,C205,Region 6,City 26
C019,C019,Region 1,City 20
C290,C290,Region 2,City 21
C126,C126,Region 7,City 7
C273,C273,Region 8,City 4
C177,C177,Region 8,City 28
C056,C056,Region 10,City 27
C200,C200,Region 3,City 21
C096,C096,Region 4,City 7
C145,C145,Region 10,City 26
C153,C153,Region 1,City 4
C256,C256,Region 10,City 17
C106,C106,Region 2,City 17
C174,C174,Region 10,City 25
C249,C249,Region 2,City 10
C015,C015,Region 6,City 16
C172,C172,Region 1,City 23
C043,C043,Region 9,City 14
C072,C072,Region 9,City 13
C081,C081,Region 7,City 22
C136,C136,Region 5,City 17
C300,C300,Region 5,City 1
C080,C080,Region 8,City 21
C140,C140,Region 2,City 21
C130,C130,Region 3,City 11
C127,C127,Region 7,City 8
C020,C020,Region 4,City 21
C192,C192,Region 3,City 13
C121,C121,Region 7,City 2
C160,C160,Region 7,City 11
C086,C086,Region 5,City 27
C051,C051,Region 10,City 22
C274,C274,Region 1,City 5
C174,C174,Region 10,City 25
C157,C157,Region 2,City 8
C263,C263,Region 2,City 24
C052,C052,Region 4,City 23
C143,C143,Region 8,City 24
C221,C221,Region 1,City 12
C004,C004,Region 6,City 5
C089,C089,Region 3,City 30
C094,C094,Region 10,City 5
C166,C166,Region 5,City 17
C260,C260,Region 3,City 21
C069,C069,Region 4,City 10
C222,C222,Region 8,City 13
C195,C195,Region 1,City 16
C092,C092,Region 2,City 3
C240,C240,Region 5,City 1
C091,C091,Region 8,City 2
C091,C091,Region 8,City 2
C181,C181,Region 4,City 2
C251,C251,Region 1,City 12
C159,C159,Region 9,City 10
C037,C037,Region 7,City 8
C042,C042,Region 5,City 13
C300,C300,Region 5,City 1
C032,C032,Region 4,City 3
C271,C271,Region 2,City 2
C019,C019,Region 1,City 20
C204,C204,Region 3,City 25
C164,C164,Region 3,City 15
C040,C040,Region 3,City 11
C179,C179,Region 5,City 30
C196,C196,Region 6,City 17
C174,C174,Region 10,City 25
C040,C040,Region 3,City 11
C177,C177,Region 8,City 28
C269,C269,Region 6,City 30
C068,C068,Region 5,City 9
C225,C225,Region 7,City 16
C043,C043,Region 9,City 14
C261,C261,Region 5,City 22
C099,C099,Region 8,City 10
C140,C140,Region 2,City 21
C207,C207,Region 2,City 28
C222,C222,Region 8,City 13
C128,C128,Region 2,City 9
C165,C165,Region 9,City 16
C031,C031,Region 5,City 2
C206,C206,Region 7,City 27
C104,C104,Region 4,City 15
C128,C128,Region 2,City 9
C223,C223,Region 3,City 14
C067,C067,Region 1,City 8
C250,C250,Region 5,City 11
C078,C078,Region 8,City 19
C153,C153,Region 1,City 4
C260,C260,Region 3,City 21
C018,C018,Region 9,City 19
C036,C036,Region 9,City 7
C045,C045,Region 4,City 16
C178,C178,Region 3,City 29
C079,C079,Region 7,City 20
C036,C036,Region 9,City 7
C154,C154,Region 10,City 5
C042,C042,Region 5,City 13
C093,C093,Region 8,City 4
C082,C082,Region 6,City 23
C245,C245,Region 3,City 6
C233,C233,Region 2,City 24
C075,C075,Region 3,City 16
C096,C096,Region 4,City 7
C122,C122,Region 3,City 3
C235,C235,Region 4,City 26
C013,C013,Region 6,City 14
C243,C243,Region 10,City 4
C252,C252,Region 6,City 13
C236,C236,Region 10,City 27
C210,C210,Region 7,City 1
C235,C235,Region 4,City 26
C186,C186,Region 8,City 7
C242,C242,Region 7,City 3
C195,C195,Region 1,City 16
C230,C230,Region 1,City 21
C208,C208,Region 9,City 29
C151,C151,Region 10,City 2
C192,C192,Region 3,City 13
C124,C124,Region 5,City 5
C182,C182,Region 5,City 3
C213,C213,Region 2,City 4
C046,C046,Region 4,City 17
C253,C253,Region 7,City 14
C059,C059,Region 10,City 30
C166,C166,Region 5,City 17
C285,C285,Region 3,City 16
C083,C083,Region 1,City 24
C268,C268,Region 8,City 29
C016,C016,Region 1,City 17
C225,C225,Region 7,City 16
C023,C023,Region 8,City 24
C191,C191,Region 5,City 12
C161,C161,Region 10,City 12
C300,C300,Region 5,City 1
C190,C190,Region 3,City 11
C277,C277,Region 10,City 8
C184,C184,Region 1,City 5
C050,C050,Region 7,City 21
C133,C133,Region 4,City 14
C283,C283,Region 10,City 14
C148,C148,Region 1,City 29
C032,C032,Region 4,City 3
C250,C250,Region 5,City 11
C235,C235,Region 4,City 26
C154,C154,Region 10,City 5
C026,C026,Region 7,City 27
C274,C274,Region 1,City 5
C067,C067,Region 1,City 8
C137,C137,Region 10,City 18
C218,C218,Region 4,City 9
C106,C106,Region 2,City 17
C110,C110,Region 3,City 21
C273,C273,Region 8,City 4
C239,C239,Region 2,City 30
C130,C130,Region 3,City 11
C146,C146,Region 7,City 27
C289,C289,Region 6,City 20
C071,C071,Region 3,City 12
C047,C047,Region 2,City 18
C218,C218,Region 4,City 9
C199,C199,Region 8,City 20
C119,C119,Region 1,City 30
C179,C179,Region 5,City 30
C030,C030,Region 1,City 1
C107,C107,Region 5,City 18
C176,C176,Region 3,City 27
C278,C278,Region 2,City 9
C175,C175,Region 4,City 26
C159,C159,Region 9,City 10
C170,C170,Region 4,City 21
C199,C199,Region 8,City 20
C069,C069,Region 4,City 10
C182,C182,Region 5,City 3
C104,C104,Region 4,City 15
C150,C150,Region 8,City 1
C050,C050,Region 7,City 21
C036,C036,Region 9,City 7
C271,C271,Region 2,City 2
C249,C249,Region 2,City 10
C275,C275,Region 9,City 6
C110,C110,Region 3,City 21
C088,C088,Region 5,City 29
C130,C130,Region 3,City 11
C234,C234,Region 8,City 25
C238,C238,Region 5,City 29
C094,C094,Region 10,City 5
C298,C298,Region 4,City 29
C154,C154,Region 10,City 5
C019,C019,Region 1,City 20
C213,C213,Region 2,City 4
C182,C182,Region 5,City 3
C222,C222,Region 8,City 13
C105,C105,Region 7,City 16
C113,C113,Region 8,City 24
C006,C006,Region 9,City 7
C094,C094,Region 10,City 5
C261,C261,Region 5,City 22
C130,C130,Region 3,City 11
C274,C274,Region 1,City 5
C200,C200,Region 3,City 21
C056,C056,Region 10,City 27
C086,C086,Region 5,City 27
C132,C132,Region 2,City 13
C102,C102,Region 7,City 13
C244,C244,Region 3,City 5
C084,C084,Region 9,City 25
C011,C011,Region 6,City 12
C109,C109,Region 8,City 20
C032,C032,Region 4,City 3
C220,C220,Region 9,City 11
C132,C132,Region 2,City 13
C006,C006,Region 9,City 7
C179,C179,Region 5,City 30
C015,C015,Region 6,City 16
C218,C218,Region 4,City 9
C282,C282,Region 1,City 13
C212,C212,Region 5,City 3
C006,C006,Region 9,City 7
C189,C189,Region 9,City 10
C097,C097,Region 6,City 8
C225,C225,Region 7,City 16
C263,C263,Region 2,City 24
C250,C250,Region 5,City 11
C222,C222,Region 8,City 13
C128,C128,Region 2,City 9
C275,C275,Region 9,City 6
C274,C274,Region 1,City 5
C104,C104,Region 4,City 15
C146,C146,Region 7,City 27
C217,C217,Region 4,City 8
C260,C260,Region 3,City 21
C120,C120,Region 8,City 1
C194,C194,Region 1,City 15
C088,C088,Region 5,City 29
C252,C252,Region 6,City 13
C035,C035,Region 1,City 6
C265,C265,Region 8,City 26
C094,C094,Region 10,City 5
C066,C066,Region 5,City 7
C238,C238,Region 5,City 29
C089,C089,Region 3,City 30
C157,C157,Region 2,City 8
C205,C205,Region 6,City 26
C129,C129,Region 10,City 10
C219,C219,Region 1,City 10
C137,C137,Region 10,City 18
C143,C143,Region 8,City 24
C292,C292,Region 7,City 23
C216,C216,Region 9,City 7
C120,C120,Region 8,City 1
C284,C284,Region 8,City 15
C239,C239,Region 2,City 30
C206,C206,Region 7,City 27
C075,C075,Region 3,City 16
C139,C139,Region 8,City 20
C201,C201,Region 4,City 22
C122,C122,Region 3,City 3
C037,C037,Region 7,City 8
C023,C023,Region 8,City 24
C220,C220,Region 9,City 11
C286,C286,Region 10,City 17
C046,C046,Region 4,City 17
C048,C048,Region 10,City 19
C156,C156,Region 2,City 7
C125,C125,Region 6,City 6
C098,C098,Region 5,City 9
C274,C274,Region 1,City 5
C164,C164,Region 3,City 15
C242,C242,Region 7,City 3
C223,C223,Region 3,City 14
C110,C110,Region 3,City 21
C012,C012,Region 1,City 13
C156,C156,Region 2,City 7
C248,C248,Region 6,City 9
C249,C249,Region 2,City 10
C122,C122,Region 3,City 3
C237,C237,Region 1,City 28
C207,C207,Region 2,City 28
C234,C234,Region 8,City 25
C052,C052,Region 4,City 23
C028,C028,Region 1,City 29
C001,C001,Region 10,City 2
C129,C129,Region 10,City 10
C009,C009,Region 7,City 10
C057,C057,Region 7,City 28
C210,C210,Region 7,City 1
C144,C144,Region 4,City 25
C212,C212,Region 5,City 3
C169,C169,Region 1,City 20
C027,C027,Region 5,City 28
C061,C061,Region 1,City 2
C181,C181,Region 4,City 2
C289,C289,Region 6,City 20
C271,C271,Region 2,City 2
C108,C108,Region 7,City 19
C025,C025,Region 6,City 26
C279,C279,Region 9,City 10
C193,C193,Region 4,City 14
C080,C080,Region 8,City 21
C147,C147,Region 7,City 28
C293,C293,Region 3,City 24
C060,C060,Region 4,City 1
C293,C293,Region 3,City 24
C095,C095,Region 7,City 6
C074,C074,Region 7,City 15
C062,C062,Region 8,City 3
C010,C010,Region 6,City 11
C009,C009,Region 7,City 10
C172,C172,Region 1,City 23
C179,C179,Region 5,City 30
C236,C236,Region 10,City 27
C165,C165,Region 9,City 16
C067,C067,Region 1,City 8
C018,C018,Region 9,City 19
C086,C086,Region 5,City 27
C086,C086,Region 5,City 27
C272,C272,Region 5,City 3
C144,C144,Region 4,City 25
C258,C258,Region 5,City 19
C241,C241,Region 6,City 2
C258,C258,Region 5,City 19
C007,C007,Region 10,City 8
C117,C117,Region 10,City 28
C106,C106,Region 2,City 17
C221,C221,Region 1,City 12
C037,C037,Region 7,City 8
C148,C148,Region 1,City 29
C138,C138,Region 2,City 19
C124,C124,Region 5,City 5
C287,C287,Region 1,City 18
C282,C282,Region 1,City 13
C234,C234,Region 8,City 25
C099,C099,Region 8,City 10
C164,C164,Region 3,City 15
C083,C083,Region 1,City 24
C163,C163,Region 5,City 14
C256,C256,Region 10,City 17
C209,C209,Region 10,City 30
C091,C091,Region 8,City 2
C236,C236,Region 10,City 27
C254,C254,Region 7,City 15
C209,C209,Region 10,City 30
C027,C027,Region 5,City 28
C002,C002,Region 1,City 3
C085,C085,Region 3,City 26
C174,C174,Region 10,City 25
C212,C212,Region 5,City 3
C270,C270,Region 1,City 1
C184,C184,Region 1,City 5
C016,C016,Region 1,City 17
C147,C147,Region 7,City 28
C186,C186,Region 8,City 7
C018,C018,Region 9,City 19
C224,C224,Region 6,City 15
C155,C155,Region 3,City 6
C074,C074,Region 7,City 15
C032,C032,Region 4,City 3
C036,C036,Region 9,City 7
C053,C053,Region 8,City 24
C247,C247,Region 6,City 8
C125,C125,Region 6,City 6
C069,C069,Region 4,City 10
C140,C140,Region 2,City 21
C297,C297,Region 8,City 28
C054,C054,Region 10,City 25
C267,C267,Region 5,City 28
C232,C232,Region 2,City 23
C141,C141,Region 2,City 22
C269,C269,Region 6,City 30
C164,C164,Region 3,City 15
C088,C088,Region 5,City 29
C103,C103,Region 3,City 14
C089,C089,Region 3,City 30
C187,C187,Region 3,City 8
C294,C294,Region 9,City 25
C255,C255,Region 9,City 16
C056,C056,Region 10,City 27
C235,C235,Region 4,City 26
C142,C142,Region 2,City 23
C259,C259,Region 7,City 20
C208,C208,Region 9,City 29
C172,C172,Region 1,City 23
C004,C004,Region 6,City 5
C013,C013,Region 6,City 14
C186,C186,Region 8,City 7
C113,C113,Region 8,City 24
C228,C228,Region 7,City 19
C227,C227,Region 9,City 18
C158,C158,Region 9,City 9
C209,C209,Region 10,City 30
C013,C013,Region 6,City 14
C042,C042,Region 5,City 13
C054,C054,Region 10,City 25
C265,C265,Region 8,City 26
C056,C056,Region 10,City 27
C231,C231,Region 7,City 22
C179,C179,Region 5,City 30
C102,C102,Region 7,City 13
C103,C103,Region 3,City 14
C067,C067,Region 1,City 8
C030,C030,Region 1,City 1
C075,C075,Region 3,City 16
C073,C073,Region 7,City 14
C073,C073,Region 7,City 14
C108,C108,Region 7,City 19
C257,C257,Region 6,City 18
C061,C061,Region 1,City 2
C090,C090,Region 4,City 1
C289,C289,Region 6,City 20
C147,C147,Region 7,City 28
C097,C097,Region 6,City 8
C115,C115,Region 5,City 26
C251,C251,Region 1,City 12
C172,C172,Region 1,City 23
C265,C265,Region 8,City 26
C062,C062,Region 8,City 3
C099,C099,Region 8,City 10
C167,C167,Region 3,City 18
C013,C013,Region 6,City 14
C038,C038,Region 4,City 9
C217,C217,Region 4,City 8
C246,C246,Region 10,City 7
C171,C171,Region 3,City 22
C255,C255,Region 9,City 16
C244,C244,Region 3,City 5
C094,C094,Region 10,City 5
C107,C107,Region 5,City 18
C207,C207,Region 2,City 28
C110,C110,Region 3,City 21
C073,C073,Region 7,City 14
C099,C099,Region 8,City 10
C063,C063,Region 9,City 4
C034,C034,Region 2,City 5
C101,C101,Region 7,City 12
C199,C199,Region 8,City 20
C192,C192,Region 3,City 13
C278,C278,Region 2,City 9
C214,C214,Region 3,City 5
C185,C185,Region 10,City 6
C095,C095,Region 7,City 6
C286,C286,Region 10,City 17
C014,C014,Region 7,City 15
C191,C191,Region 5,City 12
C168,C168,Region 7,City 19
C095,C095,Region 7,City 6
C154,C154,Region 10,City 5
C161,C161,Region 10,City 12
C136,C136,Region 5,City 17
C148,C148,Region 1,City 29
C071,C071,Region 3,City 12
C297,C297,Region 8,City 28
C297,C297,Region 8,City 28
C160,C160,Region 7,City 11
C064,C064,Region 2,City 5
C100,C100,Region 1,City 11
C242,C242,Region 7,City 3
C081,C081,Region 7,City 22
C241,C241,Region 6,City 2
C067,C067,Region 1,City 8
C168,C168,Region 7,City 19
C029,C029,Region 9,City 30
C206,C206,Region 7,City 27
C261,C261,Region 5,City 22
C237,C237,Region 1,City 28
C076,C076,Region 6,City 17
C240,C240,Region 5,City 1
C228,C228,Region 7,City 19
C122,C122,Region 3,City 3
C198,C198,Region 4,City 19
C251,C251,Region 1,City 12
C192,C192,Region 3,City 13
C289,C289,Region 6,City 20
C104,C104,Region 4,City 15
C261,C261,Region 5,City 22
C279,C279,Region 9,City 10
C163,C163,Region 5,City 14
C069,C069,Region 4,City 10
C068,C068,Region 5,City 9
C003,C003,Region 9,City 4
C212,C212,Region 5,City 3
C241,C241,Region 6,City 2
C132,C132,Region 2,City 13
C110,C110,Region 3,City 21
C165,C165,Region 9,City 16
C129,C129,Region 10,City 10
C184,C184,Region 1,City 5
C190,C190,Region 3,City 11
C138,C138,Region 2,City 19
C170,C170,Region 4,City 21
C249,C249,Region 2,City 10
C144,C144,Region 4,City 25
C120,C120,Region 8,City 1
C256,C256,Region 10,City 17
C278,C278,Region 2,City 9
C188,C188,Region 2,City 9
C172,C172,Region 1,City 23
C219,C219,Region 1,City 10
C263,C263,Region 2,City 24
C141,C141,Region 2,City 22
C204,C204,Region 3,City 25
C166,C166,Region 5,City 17
C198,C198,Region 4,City 19
C171,C171,Region 3,City 22
C146,C146,Region 7,City 27
C153,C153,Region 1,City 4
C276,C276,Region 2,City 7
C232,C232,Region 2,City 23
C003,C003,Region 9,City 4
C116,C116,Region 1,City 27
C146,C146,Region 7,City 27
C211,C211,Region 9,City 2
C275,C275,Region 9,City 6
C038,C038,Region 4,City 9
C084,C084,Region 9,City 25
C052,C052,Region 4,City 23
C197,C197,Region 10,City 18
C273,C273,Region 8,City 4
C143,C143,Region 8,City 24
C196,C196,Region 6,City 17
C024,C024,Region 2,City 25
C249,C249,Region 2,City 10
C227,C227,Region 9,City 18
C085,C085,Region 3,City 26
C149,C149,Region 9,City 30
C221,C221,Region 1,City 12
C061,C061,Region 1,City 2
C043,C043,Region 9,City 14
C278,C278,Region 2,City 9
C295,C295,Region 2,City 26
C059,C059,Region 10,City 30
C289,C289,Region 6,City 20
C185,C185,Region 10,City 6
C167,C167,Region 3,City 18
C004,C004,Region 6,City 5
C063,C063,Region 9,City 4
C155,C155,Region 3,City 6
C244,C244,Region 3,City 5
C170,C170,Region 4,City 21
C185,C185,Region 10,City 6
C040,C040,Region 3,City 11
C061,C061,Region 1,City 2
C288,C288,Region 8,City 19
C056,C056,Region 10,City 27
C072,C072,Region 9,City 13
C105,C105,Region 7,City 16
C010,C010,Region 6,City 11
C015,C015,Region 6,City 16
C051,C051,Region 10,City 22
C026,C026,Region 7,City 27
C049,C049,Region 2,City 20
C284,C284,Region 8,City 15
C210,C210,Region 7,City 1
C188,C188,Region 2,City 9
C071,C071,Region 3,City 12
C148,C148,Region 1,City 29
C169,C169,Region 1,City 20
C167,C167,Region 3,City 18
C061,C061,Region 1,City 2
C029,C029,Region 9,City 30
C005,C005,Region 8,City 6
C011,C011,Region 6,City 12
C121,C121,Region 7,City 2
C213,C213,Region 2,City 4
C046,C046,Region 4,City 17
C203,C203,Region 9,City 24
C075,C075,Region 3,City 16
C205,C205,Region 6,City 26
C182,C182,Region 5,City 3
C052,C052,Region 4,City 23
C218,C218,Region 4,City 9
C214,C214,Region 3,City 5
C295,C295,Region 2,City 26
C059,C059,Region 10,City 30
C217,C217,Region 4,City 8
C023,C023,Region 8,City 24
C102,C102,Region 7,City 13
C244,C244,Region 3,City 5
C040,C040,Region 3,City 11
C209,C209,Region 10,City 30
C108,C108,Region 7,City 19
C031,C031,Region 5,City 2
C101,C101,Region 7,City 12
C177,C177,Region 8,City 28
C156,C156,Region 2,City 7
C225,C225,Region 7,City 16
C148,C148,Region 1,City 29
C221,C221,Region 1,City 12
C282,C282,Region 1,City 13
C082,C082,Region 6,City 23
C122,C122,Region 3,City 3
C297,C297,Region 8,City 28
C030,C030,Region 1,City 1
C212,C212,Region 5,City 3
C292,C292,Region 7,City 23
C099,C099,Region 8,City 10
C163,C163,Region 5,City 14
C136,C136,Region 5,City 17
C154,C154,Region 10,City 5
C049,C049,Region 2,City 20
C236,C236,Region 10,City 27
C198,C198,Region 4,City 19
C121,C121,Region 7,City 2
C011,C011,Region 6,City 12
C207,C207,Region 2,City 28
C289,C289,Region 6,City 20
C163,C163,Region 5,City 14
C099,C099,Region 8,City 10
C255,C255,Region 9,City 16
C200,C200,Region 3,City 21
C263,C263,Region 2,City 24
C098,C098,Region 5,City 9
C138,C138,Region 2,City 19
C071,C071,Region 3,City 12
C104,C104,Region 4,City 15
C124,C124,Region 5,City 5
C274,C274,Region 1,City 5
C093,C093,Region 8,City 4
C217,C217,Region 4,City 8
C141,C141,Region 2,City 22
C194,C194,Region 1,City 15
C113,C113,Region 8,City 24
C080,C080,Region 8,City 21
C292,C292,Region 7,City 23
C153,C153,Region 1,City 4
C141,C141,Region 2,City 22
C218,C218,Region 4,City 9
C115,C115,Region 5,City 26
C030,C030,Region 1,City 1
C243,C243,Region 10,City 4
C060,C060,Region 4,City 1
C227,C227,Region 9,City 18
C020,C020,Region 4,City 21
C011,C011,Region 6,City 12
C072,C072,Region 9,City 13
C171,C171,Region 3,City 22
C264,C264,Region 2,City 25
C295,C295,Region 2,City 26
C245,C245,Region 3,City 6
C020,C020,Region 4,City 21
C215,C215,Region 9,City 6
C241,C241,Region 6,City 2
C090,C090,Region 4,City 1
C292,C292,Region 7,City 23
C199,C199,Region 8,City 20
C099,C099,Region 8,City 10
C116,C116,Region 1,City 27
C207,C207,Region 2,City 28
C083,C083,Region 1,City 24
C175,C175,Region 4,City 26
C106,C106,Region 2,City 17
C128,C128,Region 2,City 9
C190,C190,Region 3,City 11
C271,C271,Region 2,City 2
C244,C244,Region 3,City 5
C016,C016,Region 1,City 17
C249,C249,Region 2,City 10
C191,C191,Region 5,City 12
C149,C149,Region 9,City 30
C248,C248,Region 6,City 9
C195,C195,Region 1,City 16
C291,C291,Region 4,City 22
C227,C227,Region 9,City 18
C117,C117,Region 10,City 28
C050,C050,Region 7,City 21
C288,C288,Region 8,City 19
C060,C060,Region 4,City 1
C211,C211,Region 9,City 2
C264,C264,Region 2,City 25
C197,C197,Region 10,City 18
C196,C196,Region 6,City 17
C220,C220,Region 9,City 11
C068,C068,Region 5,City 9
C247,C247,Region 6,City 8
C143,C143,Region 8,City 24
C212,C212,Region 5,City 3
C077,C077,Region 8,City 18
C040,C040,Region 3,City 11
C020,C020,Region 4,City 21
C142,C142,Region 2,City 23
C201,C201,Region 4,City 22
C118,C118,Region 4,City 29
C201,C201,Region 4,City 22
C244,C244,Region 3,City 5
C244,C244,Region 3,City 5
C186,C186,Region 8,City 7
C191,C191,Region 5,City 12
C025,C025,Region 6,City 26
C234,C234,Region 8,City 25
C017,C017,Region 7,City 18
C215,C215,Region 9,City 6
C129,C129,Region 10,City 10
C277,C277,Region 10,City 8
C101,C101,Region 7,City 12
C130,C130,Region 3,City 11
C151,C151,Region 10,City 2
C091,C091,Region 8,City 2
C298,C298,Region 4,City 29
C031,C031,Region 5,City 2
C270,C270,Region 1,City 1
C199,C199,Region 8,City 20
C013,C013,Region 6,City 14
C234,C234,Region 8,City 25
C261,C261,Region 5,City 22
C260,C260,Region 3,City 21
C104,C104,Region 4,City 15
C078,C078,Region 8,City 19
C274,C274,Region 1,City 5
C284,C284,Region 8,City 15
C212,C212,Region 5,City 3
C091,C091,Region 8,City 2
C123,C123,Region 5,City 4
C299,C299,Region 8,City 30
C198,C198,Region 4,City 19
C260,C260,Region 3,City 21
C220,C220,Region 9,City 11
C250,C250,Region 5,City 11
C158,C158,Region 9,City 9
C233,C233,Region 2,City 24
C096,C096,Region 4,City 7
C040,C040,Region 3,City 11
C038,C038,Region 4,City 9
C143,C143,Region 8,City 24
C224,C224,Region 6,City 15
C131,C131,Region 7,City 12
C245,C245,Region 3,City 6
C088,C088,Region 5,City 29
C053,C053,Region 8,City 24
C036,C036,Region 9,City 7
C070,C070,Region 2,City 11
C164,C164,Region 3,City 15
C135,C135,Region 2,City 16
C134,C134,Region 2,City 15
C093,C093,Region 8,City 4
C194,C194,Region 1,City 15
C055,C055,Region 4,City 26
C245,C245,Region 3,City 6
C229,C229,Region 2,City 20
C152,C152,Region 4,City 3
C233,C233,Region 2,City 24
C140,C140,Region 2,City 21
C006,C006,Region 9,City 7
C231,C231,Region 7,City 22
C221,C221,Region 1,City 12
C217,C217,Region 4,City 8
C130,C130,Region 3,City 11
C154,C154,Region 10,City 5
C230,C230,Region 1,City 21
C022,C022,Region 2,City 23
C187,C187,Region 3,City 8
C130,C130,Region 3,City 11
C178,C178,Region 3,City 29
C019,C019,Region 1,City 20
C238,C238,Region 5,City 29
C119,C119,Region 1,City 30
C022,C022,Region 2,City 23
C033,C033,Region 1,City 4
C077,C077,Region 8,City 18
C281,C281,Region 8,City 12
C022,C022,Region 2,City 23
C088,C088,Region 5,City 29
C111,C111,Region 7,City 22
C075,C075,Region 3,City 16
C133,C133,Region 4,City 14
C235,C235,Region 4,City 26
C246,C246,Region 10,City 7
C210,C210,Region 7,City 1
C065,C065,Region 3,City 6
C108,C108,Region 7,City 19
C150,C150,Region 8,City 1
C054,C054,Region 10,City 25
C116,C116,Region 1,City 27
C009,C009,Region 7,City 10
C234,C234,Region 8,City 25
C006,C006,Region 9,City 7
C175,C175,Region 4,City 26
C293,C293,Region 3,City 24
C293,C293,Region 3,City 24
C018,C018,Region 9,City 19
C274,C274,Region 1,City 5
C297,C297,Region 8,City 28
C144,C144,Region 4,City 25
C048,C048,Region 10,City 19
C056,C056,Region 10,City 27
C127,C127,Region 7,City 8
C018,C018,Region 9,City 19
C121,C121,Region 7,City 2
C241,C241,Region 6,City 2
C206,C206,Region 7,City 27
C091,C091,Region 8,City 2
C128,C128,Region 2,City 9
C191,C191,Region 5,City 12
C272,C272,Region 5,City 3
C231,C231,Region 7,City 22
C133,C133,Region 4,City 14
C176,C176,Region 3,City 27
C025,C025,Region 6,City 26
C062,C062,Region 8,City 3
C243,C243,Region 10,City 4
C007,C007,Region 10,City 8
C037,C037,Region 7,City 8
C016,C016,Region 1,City 17
C160,C160,Region 7,City 11
C257,C257,Region 6,City 18
C045,C045,Region 4,City 16
C053,C053,Region 8,City 24
C145,C145,Region 10,City 26
C087,C087,Region 7,City 28
C102,C102,Region 7,City 13
C013,C013,Region 6,City 14
C158,C158,Region 9,City 9
C093,C093,Region 8,City 4
C197,C197,Region 10,City 18
C085,C085,Region 3,City 26
C111,C111,Region 7,City 22
C251,C251,Region 1,City 12
C215,C215,Region 9,City 6
C245,C245,Region 3,City 6
C204,C204,Region 3,City 25
C014,C014,Region 7,City 15
C029,C029,Region 9,City 30
C036,C036,Region 9,City 7
C077,C077,Region 8,City 18
C202,C202,Region 7,City 23
C292,C292,Region 7,City 23
C240,C240,Region 5,City 1
C241,C241,Region 6,City 2
C119,C119,Region 1,City 30
C129,C129,Region 10,City 10
C042,C042,Region 5,City 13
C138,C138,Region 2,City 19
C201,C201,Region 4,City 22
C226,C226,Region 4,City 17
C129,C129,Region 10,City 10
C047,C047,Region 2,City 18
C272,C272,Region 5,City 3
C059,C059,Region 10,City 30
C139,C139,Region 8,City 20
C045,C045,Region 4,City 16
C171,C171,Region 3,City 22
C108,C108,Region 7,City 19
C041,C041,Region 4,City 12
C013,C013,Region 6,City 14
C052,C052,Region 4,City 23
C078,C078,Region 8,City 19
C218,C218,Region 4,City 9
C248,C248,Region 6,City 9
C138,C138,Region 2,City 19
C261,C261,Region 5,City 22
C235,C235,Region 4,City 26
C133,C133,Region 4,City 14
C215,C215,Region 9,City 6
C197,C197,Region 10,City 18
C084,C084,Region 9,City 25
C141,C141,Region 2,City 22
C143,C143,Region 8,City 24
C046,C046,Region 4,City 17
C289,C289,Region 6,City 20
C041,C041,Region 4,City 12
C140,C140,Region 2,City 21
C147,C147,Region 7,City 28
C152,C152,Region 4,City 3
C283,C283,Region 10,City 14
C076,C076,Region 6,City 17
C025,C025,Region 6,City 26
C233,C233,Region 2,City 24
C017,C017,Region 7,City 18
C048,C048,Region 10,City 19
C198,C198,Region 4,City 19
C075,C075,Region 3,City 16
C144,C144,Region 4,City 25
C046,C046,Region 4,City 17
C137,C137,Region 10,City 18
C042,C042,Region 5,City 13
C159,C159,Region 9,City 10
C072,C072,Region 9,City 13
C098,C098,Region 5,City 9
C193,C193,Region 4,City 14
C145,C145,Region 10,City 26
C001,C001,Region 10,City 2
C086,C086,Region 5,City 27
C051,C051,Region 10,City 22
C250,C250,Region 5,City 11
C234,C234,Region 8,City 25
C069,C069,Region 4,City 10
C161,C161,Region 10,City 12
C109,C109,Region 8,City 20
C167,C167,Region 3,City 18
C076,C076,Region 6,City 17
C188,C188,Region 2,City 9
C182,C182,Region 5,City 3
C119,C119,Region 1,City 30
C289,C289,Region 6,City 20
C067,C067,Region 1,City 8
C062,C062,Region 8,City 3
C278,C278,Region 2,City 9
C255,C255,Region 9,City 16
C028,C028,Region 1,City 29
C272,C272,Region 5,City 3
C130,C130,Region 3,City 11
C188,C188,Region 2,City 9
C126,C126,Region 7,City 7
C010,C010,Region 6,City 11
C149,C149,Region 9,City 30
C121,C121,Region 7,City 2
C150,C150,Region 8,City 1
C115,C115,Region 5,City 26
C200,C200,Region 3,City 21
C173,C173,Region 4,City 24
C260,C260,Region 3,City 21
C088,C088,Region 5,City 29
C226,C226,Region 4,City 17
C094,C094,Region 10,City 5
C002,C002,Region 1,City 3
C266,C266,Region 10,City 27
C103,C103,Region 3,City 14
C162,C162,Region 7,City 13
C242,C242,Region 7,City 3
C071,C071,Region 3,City 12
C153,C153,Region 1,City 4
C165,C165,Region 9,City 16
C189,C189,Region 9,City 10
C180,C180,Region 3,City 1
C026,C026,Region 7,City 27
C239,C239,Region 2,City 30
C300,C300,Region 5,City 1
C168,C168,Region 7,City 19
C097,C097,Region 6,City 8
C020,C020,Region 4,City 21
C168,C168,Region 7,City 19
C111,C111,Region 7,City 22
C222,C222,Region 8,City 13
C158,C158,Region 9,City 9
C230,C230,Region 1,City 21
C105,C105,Region 7,City 16
C093,C093,Region 8,City 4
C004,C004,Region 6,City 5
C105,C105,Region 7,City 16
C159,C159,Region 9,City 10
C029,C029,Region 9,City 30
C291,C291,Region 4,City 22
C164,C164,Region 3,City 15
C180,C180,Region 3,City 1
C120,C120,Region 8,City 1
C023,C023,Region 8,City 24
C215,C215,Region 9,City 6
C105,C105,Region 7,City 16
C055,C055,Region 4,City 26
C280,C280,Region 4,City 11
C132,C132,Region 2,City 13
C291,C291,Region 4,City 22
C091,C091,Region 8,City 2
C204,C204,Region 3,City 25
C018,C018,Region 9,City 19
C168,C168,Region 7,City 19
C127,C127,Region 7,City 8
C252,C252,Region 6,City 13
C099,C099,Region 8,City 10
C042,C042,Region 5,City 13
C296,C296,Region 2,City 27
C205,C205,Region 6,City 26
C159,C159,Region 9,City 10
C227,C227,Region 9,City 18
C185,C185,Region 10,City 6
C063,C063,Region 9,City 4
C061,C061,Region 1,City 2
C172,C172,Region 1,City 23
C012,C012,Region 1,City 13
C208,C208,Region 9,City 29
C237,C237,Region 1,City 28
C057,C057,Region 7,City 28
C112,C112,Region 10,City 23
C001,C001,Region 10,City 2
C012,C012,Region 1,City 13
C091,C091,Region 8,City 2
C035,C035,Region 1,City 6
C062,C062,Region 8,City 3
C236,C236,Region 10,City 27
C068,C068,Region 5,City 9
C095,C095,Region 7,City 6
C079,C079,Region 7,City 20
C125,C125,Region 6,City 6
C035,C035,Region 1,City 6
C050,C050,Region 7,City 21
C251,C251,Region 1,City 12
C052,C052,Region 4,City 23
C235,C235,Region 4,City 26
C013,C013,Region 6,City 14
C052,C052,Region 4,City 23
C115,C115,Region 5,City 26
C111,C111,Region 7,City 22
C225,C225,Region 7,City 16
C200,C200,Region 3,City 21
C139,C139,Region 8,City 20
C018,C018,Region 9,City 19
C242,C242,Region 7,City 3
C284,C284,Region 8,City 15
C225,C225,Region 7,City 16
C090,C090,Region 4,City 1
C008,C008,Region 10,City 9
C022,C022,Region 2,City 23
C234,C234,Region 8,City 25
C080,C080,Region 8,City 21
C186,C186,Region 8,City 7
C073,C073,Region 7,City 14
C266,C266,Region 10,City 27
C052,C052,Region 4,City 23
C183,C183,Region 1,City 4
C265,C265,Region 8,City 26
C030,C030,Region 1,City 1
C090,C090,Region 4,City 1
C204,C204,Region 3,City 25
C212,C212,Region 5,City 3
C085,C085,Region 3,City 26
C074,C074,Region 7,City 15
C188,C188,Region 2,City 9
C248,C248,Region 6,City 9
C001,C001,Region 10,City 2
C105,C105,Region 7,City 16
C299,C299,Region 8,City 30
C072,C072,Region 9,City 13
C207,C207,Region 2,City 28
C193,C193,Region 4,City 14
C223,C223,Region 3,City 14
C030,C030,Region 1,City 1
C164,C164,Region 3,City 15
C300,C300,Region 5,City 1
C129,C129,Region 10,City 10
C197,C197,Region 10,City 18
C183,C183,Region 1,City 4
C218,C218,Region 4,City 9
C146,C146,Region 7,City 27
C016,C016,Region 1,City 17
C286,C286,Region 10,City 17
C089,C089,Region 3,City 30
C051,C051,Region 10,City 22
C281,C281,Region 8,City 12
C203,C203,Region 9,City 24
C094,C094,Region 10,City 5
C093,C093,Region 8,City 4
C010,C010,Region 6,City 11
C173,C173,Region 4,City 24
C069,C069,Region 4,City 10
C050,C050,Region 7,City 21
C186,C186,Region 8,City 7
C006,C006,Region 9,City 7
C111,C111,Region 7,City 22
C201,C201,Region 4,City 22
C292,C292,Region 7,City 23
C027,C027,Region 5,City 28
C035,C035,Region 1,City 6
C236,C236,Region 10,City 27
C110,C110,Region 3,City 21
C203,C203,Region 9,City 24
C027,C027,Region 5,City 28
C102,C102,Region 7,City 13
C299,C299,Region 8,City 30
C248,C248,Region 6,City 9
C269,C269,Region 6,City 30
C289,C289,Region 6,City 20
C067,C067,Region 1,City 8
C215,C215,Region 9,City 6
C131,C131,Region 7,City 12
C231,C231,Region 7,City 22
C178,C178,Region 3,City 29
C029,C029,Region 9,City 30
C135,C135,Region 2,City 16
C156,C156,Region 2,City 7
C182,C182,Region 5,City 3
C119,C119,Region 1,City 30
C215,C215,Region 9,City 6
C299,C299,Region 8,City 30
C039,C039,Region 6,City 10
C059,C059,Region 10,City 30
C236,C236,Region 10,City 27
C038,C038,Region 4,City 9
C114,C114,Region 5,City 25
C152,C152,Region 4,City 3
C289,C289,Region 6,City 20
C109,C109,Region 8,City 20
C091,C091,Region 8,City 2
C229,C229,Region 2,City 20
C165,C165,Region 9,City 16
C181,C181,Region 4,City 2
C112,C112,Region 10,City 23
C109,C109,Region 8,City 20
C210,C210,Region 7,City 1
C103,C103,Region 3,City 14
C012,C012,Region 1,City 13
C164,C164,Region 3,City 15
C096,C096,Region 4,City 7
C086,C086,Region 5,City 27
C140,C140,Region 2,City 21
C168,C168,Region 7,City 19
C104,C104,Region 4,City 15
C238,C238,Region 5,City 29
C088,C088,Region 5,City 29
C277,C277,Region 10,City 8
C144,C144,Region 4,City 25
C101,C101,Region 7,City 12
C121,C121,Region 7,City 2
C060,C060,Region 4,City 1
C117,C117,Region 10,City 28
C045,C045,Region 4,City 16
C087,C087,Region 7,City 28
C240,C240,Region 5,City 1
C180,C180,Region 3,City 1
C031,C031,Region 5,City 2
C252,C252,Region 6,City 13
C042,C042,Region 5,City 13
C093,C093,Region 8,City 4
C015,C015,Region 6,City 16
C206,C206,Region 7,City 27
C196,C196,Region 6,City 17
C135,C135,Region 2,City 16
C201,C201,Region 4,City 22
C079,C079,Region 7,City 20
C201,C201,Region 4,City 22
C221,C221,Region 1,City 12
C193,C193,Region 4,City 14
C292,C292,Region 7,City 23
C143,C143,Region 8,City 24
C196,C196,Region 6,City 17
C122,C122,Region 3,City 3
C125,C125,Region 6,City 6
C158,C158,Region 9,City 9
C195,C195,Region 1,City 16
C193,C193,Region 4,City 14
C175,C175,Region 4,City 26
C232,C232,Region 2,City 23
C277,C277,Region 10,City 8
C156,C156,Region 2,City 7
C281,C281,Region 8,City 12
C055,C055,Region 4,City 26
C247,C247,Region 6,City 8
C249,C249,Region 2,City 10
C247,C247,Region 6,City 8
C038,C038,Region 4,City 9
C262,C262,Region 3,City 23
C029,C029,Region 9,City 30
C280,C280,Region 4,City 11
C104,C104,Region 4,City 15
C115,C115,Region 5,City 26
C087,C087,Region 7,City 28
C058,C058,Region 4,City 29
C215,C215,Region 9,City 6
C214,C214,Region 3,City 5
C052,C052,Region 4,City 23
C278,C278,Region 2,City 9
C158,C158,Region 9,City 9
C117,C117,Region 10,City 28
C058,C058,Region 4,City 29
C066,C066,Region 5,City 7
C067,C067,Region 1,City 8
C116,C116,Region 1,City 27
C187,C187,Region 3,City 8
C081,C081,Region 7,City 22
C235,C235,Region 4,City 26
C145,C145,Region 10,City 26
C124,C124,Region 5,City 5
C012,C012,Region 1,City 13
C096,C096,Region 4,City 7
C061,C061,Region 1,City 2
C220,C220,Region 9,City 11
C042,C042,Region 5,City 13
C256,C256,Region 10,City 17
C204,C204,Region 3,City 25
C064,C064,Region 2,City 5
C010,C010,Region 6,City 11
C133,C133,Region 4,City 14
C009,C009,Region 7,City 10
C056,C056,Region 10,City 27
C105,C105,Region 7,City 16
C155,C155,Region 3,City 6
C102,C102,Region 7,City 13
C261,C261,Region 5,City 22
C061,C061,Region 1,City 2
C200,C200,Region 3,City 21
C150,C150,Region 8,City 1
C170,C170,Region 4,City 21
C124,C124,Region 5,City 5
C216,C216,Region 9,City 7
C051,C051,Region 10,City 22
C251,C251,Region 1,City 12
C170,C170,Region 4,City 21
C097,C097,Region 6,City 8
C060,C060,Region 4,City 1
C186,C186,Region 8,City 7
C300,C300,Region 5,City 1
C146,C146,Region 7,City 27
C273,C273,Region 8,City 4
C235,C235,Region 4,City 26
C050,C050,Region 7,City 21
C286,C286,Region 10,City 17
C095,C095,Region 7,City 6
C070,C070,Region 2,City 11
C239,C239,Region 2,City 30
C257,C257,Region 6,City 18
C269,C269,Region 6,City 30
C151,C151,Region 10,City 2
C227,C227,Region 9,City 18
C270,C270,Region 1,City 1
C010,C010,Region 6,City 11
C280,C280,Region 4,City 11
C207,C207,Region 2,City 28
C004,C004,Region 6,City 5
C108,C108,Region 7,City 19
C120,C120,Region 8,City 1
C102,C102,Region 7,City 13
C032,C032,Region 4,City 3
C162,C162,Region 7,City 13
C042,C042,Region 5,City 13
C203,C203,Region 9,City 24
C218,C218,Region 4,City 9
C281,C281,Region 8,City 12
C036,C036,Region 9,City 7
C013,C013,Region 6,City 14
C188,C188,Region 2,City 9
C006,C006,Region 9,City 7
C162,C162,Region 7,City 13
C148,C148,Region 1,City 29
C190,C190,Region 3,City 11
C223,C223,Region 3,City 14
C264,C264,Region 2,City 25
C063,C063,Region 9,City 4
C059,C059,Region 10,City 30
C115,C115,Region 5,City 26
C063,C063,Region 9,City 4
C137,C137,Region 10,City 18
C174,C174,Region 10,City 25
C202,C202,Region 7,City 23
C083,C083,Region 1,City 24
C079,C079,Region 7,City 20
C278,C278,Region 2,City 9
C185,C185,Region 10,City 6
C134,C134,Region 2,City 15
C014,C014,Region 7,City 15
C143,C143,Region 8,City 24
C067,C067,Region 1,City 8
C207,C207,Region 2,City 28
C094,C094,Region 10,City 5
C233,C233,Region 2,City 24
C219,C219,Region 1,City 10
C075,C075,Region 3,City 16
C026,C026,Region 7,City 27
C074,C074,Region 7,City 15
C013,C013,Region 6,City 14
C175,C175,Region 4,City 26
C145,C145,Region 10,City 26
C113,C113,Region 8,City 24
C242,C242,Region 7,City 3
C169,C169,Region 1,City 20
C130,C130,Region 3,City 11
C251,C251,Region 1,City 12
C095,C095,Region 7,City 6
C116,C116,Region 1,City 27
C075,C075,Region 3,City 16
C228,C228,Region 7,City 19
C099,C099,Region 8,City 10
C113,C113,Region 8,City 24
C005,C005,Region 8,City 6
C020,C020,Region 4,City 21
C021,C021,Region 5,City 22
C098,C098,Region 5,City 9
C066,C066,Region 5,City 7
C006,C006,Region 9,City 7
C171,C171,Region 3,City 22
C201,C201,Region 4,City 22
C267,C267,Region 5,City 28
C107,C107,Region 5,City 18
C268,C268,Region 8,City 29
C141,C141,Region 2,City 22
C274,C274,Region 1,City 5
C059,C059,Region 10,City 30
C105,C105,Region 7,City 16
C067,C067,Region 1,City 8
C214,C214,Region 3,City 5
C130,C130,Region 3,City 11
C175,C175,Region 4,City 26
C054,C054,Region 10,City 25
C286,C286,Region 10,City 17
C003,C003,Region 9,City 4
C023,C023,Region 8,City 24
C233,C233,Region 2,City 24
C176,C176,Region 3,City 27
C181,C181,Region 4,City 2
C061,C061,Region 1,City 2
C146,C146,Region 7,City 27
C003,C003,Region 9,City 4
C298,C298,Region 4,City 29
C028,C028,Region 1,City 29
C079,C079,Region 7,City 20
C290,C290,Region 2,City 21
C150,C150,Region 8,City 1
C018,C018,Region 9,City 19
C123,C123,Region 5,City 4
C287,C287,Region 1,City 18
C105,C105,Region 7,City 16
C084,C084,Region 9,City 25
C106,C106,Region 2,City 17
C164,C164,Region 3,City 15
C259,C259,Region 7,City 20
C142,C142,Region 2,City 23
C263,C263,Region 2,City 24
C089,C089,Region 3,City 30
C134,C134,Region 2,City 15
C060,C060,Region 4,City 1
C158,C158,Region 9,City 9
C264,C264,Region 2,City 25
C166,C166,Region 5,City 17
C245,C245,Region 3,City 6
C056,C056,Region 10,City 27
C224,C224,Region 6,City 15
C193,C193,Region 4,City 14
C064,C064,Region 2,City 5
C067,C067,Region 1,City 8
C072,C072,Region 9,City 13
C025,C025,Region 6,City 26
C152,C152,Region 4,City 3
C081,C081,Region 7,City 22
C257,C257,Region 6,City 18
C064,C064,Region 2,City 5
C294,C294,Region 9,City 25
C145,C145,Region 10,City 26
C174,C174,Region 10,City 25
C118,C118,Region 4,City 29
C085,C085,Region 3,City 26
C069,C069,Region 4,City 10
C224,C224,Region 6,City 15
C059,C059,Region 10,City 30
C088,C088,Region 5,City 29
C265,C265,Region 8,City 26
C100,C100,Region 1,City 11
C239,C239,Region 2,City 30
C074,C074,Region 7,City 15
C209,C209,Region 10,City 30
C206,C206,Region 7,City 27
C167,C167,Region 3,City 18
C176,C176,Region 3,City 27
C293,C293,Region 3,City 24
C210,C210,Region 7,City 1
C010,C010,Region 6,City 11
C218,C218,Region 4,City 9
C204,C204,Region 3,City 25
C267,C267,Region 5,City 28
C039,C039,Region 6,City 10
C126,C126,Region 7,City 7
C060,C060,Region 4,City 1
C219,C219,Region 1,City 10
C197,C197,Region 10,City 18
C228,C228,Region 7,City 19
C017,C017,Region 7,City 18
C005,C005,Region 8,City 6
C079,C079,Region 7,City 20
C080,C080,Region 8,City 21
C260,C260,Region 3,City 21
C208,C208,Region 9,City 29
C082,C082,Region 6,City 23
C043,C043,Region 9,City 14
C016,C016,Region 1,City 17
C235,C235,Region 4,City 26
C083,C083,Region 1,City 24
C212,C212,Region 5,City 3
C035,C035,Region 1,City 6
C255,C255,Region 9,City 16
C239,C239,Region 2,City 30
C148,C148,Region 1,City 29
C164,C164,Region 3,City 15
C139,C139,Region 8,City 20
C055,C055,Region 4,City 26
C040,C040,Region 3,City 11
C107,C107,Region 5,City 18
C236,C236,Region 10,City 27
C185,C185,Region 10,City 6
C079,C079,Region 7,City 20
C245,C245,Region 3,City 6
C085,C085,Region 3,City 26
C049,C049,Region 2,City 20
C038,C038,Region 4,City 9
C199,C199,Region 8,City 20
C104,C104,Region 4,City 15
C127,C127,Region 7,City 8
C039,C039,Region 6,City 10
C043,C043,Region 9,City 14
C051,C051,Region 10,City 22
C066,C066,Region 5,City 7
C029,C029,Region 9,City 30
C102,C102,Region 7,City 13
C300,C300,Region 5,City 1
C244,C244,Region 3,City 5
C131,C131,Region 7,City 12
C125,C125,Region 6,City 6
C044,C044,Region 2,City 15
C265,C265,Region 8,City 26
C273,C273,Region 8,City 4
C031,C031,Region 5,City 2
C106,C106,Region 2,City 17
C021,C021,Region 5,City 22
C010,C010,Region 6,City 11
C180,C180,Region 3,City 1
C151,C151,Region 10,City 2
C100,C100,Region 1,City 11
C196,C196,Region 6,City 17
C124,C124,Region 5,City 5
C011,C011,Region 6,City 12
C299,C299,Region 8,City 30
C236,C236,Region 10,City 27
C218,C218,Region 4,City 9
C265,C265,Region 8,City 26
C150,C150,Region 8,City 1
C274,C274,Region 1,City 5
C062,C062,Region 8,City 3
C225,C225,Region 7,City 16
C159,C159,Region 9,City 10
C212,C212,Region 5,City 3
C141,C141,Region 2,City 22
C186,C186,Region 8,City 7
C104,C104,Region 4,City 15
C250,C250,Region 5,City 11
C028,C028,Region 1,City 29
C042,C042,Region 5,City 13
C200,C200,Region 3,City 21
C223,C223,Region 3,City 14
C090,C090,Region 4,City 1
C003,C003,Region 9,City 4
C063,C063,Region 9,City 4
C048,C048,Region 10,City 19
C293,C293,Region 3,City 24
C186,C186,Region 8,City 7
C298,C298,Region 4,City 29
C211,C211,Region 9,City 2
C170,C170,Region 4,City 21
C196,C196,Region 6,City 17
C040,C040,Region 3,City 11
C128,C128,Region 2,City 9
C258,C258,Region 5,City 19
C241,C241,Region 6,City 2
C255,C255,Region 9,City 16
C072,C072,Region 9,City 13
C206,C206,Region 7,City 27
C247,C247,Region 6,City 8
C256,C256,Region 10,City 17
C025,C025,Region 6,City 26
C234,C234,Region 8,City 25
C041,C041,Region 4,City 12
C201,C201,Region 4,City 22
C106,C106,Region 2,City 17
C175,C175,Region 4,City 26
C109,C109,Region 8,City 20
C191,C191,Region 5,City 12
C155,C155,Region 3,City 6
C020,C020,Region 4,City 21
C197,C197,Region 10,City 18
C297,C297,Region 8,City 28
C079,C079,Region 7,City 20
C043,C043,Region 9,City 14
C177,C177,Region 8,City 28
C191,C191,Region 5,City 12
C092,C092,Region 2,City 3
C253,C253,Region 7,City 14
C096,C096,Region 4,City 7
C228,C228,Region 7,City 19
C268,C268,Region 8,City 29
C219,C219,Region 1,City 10
C205,C205,Region 6,City 26
C217,C217,Region 4,City 8
C014,C014,Region 7,City 15
C043,C043,Region 9,City 14
C074,C074,Region 7,City 15
C229,C229,Region 2,City 20
C107,C107,Region 5,City 18
C143,C143,Region 8,City 24
C072,C072,Region 9,City 13
C220,C220,Region 9,City 11
C074,C074,Region 7,City 15
C257,C257,Region 6,City 18
C093,C093,Region 8,City 4
C010,C010,Region 6,City 11
C270,C270,Region 1,City 1
C251,C251,Region 1,City 12
C226,C226,Region 4,City 17
C136,C136,Region 5,City 17
C085,C085,Region 3,City 26
C292,C292,Region 7,City 23
C297,C297,Region 8,City 28
C213,C213,Region 2,City 4
C279,C279,Region 9,City 10
C025,C025,Region 6,City 26
C009,C009,Region 7,City 10
C165,C165,Region 9,City 16
C216,C216,Region 9,City 7
C143,C143,Region 8,City 24
C039,C039,Region 6,City 10
C061,C061,Region 1,City 2
C148,C148,Region 1,City 29
C084,C084,Region 9,City 25
C267,C267,Region 5,City 28
C114,C114,Region 5,City 25
C277,C277,Region 10,City 8
C295,C295,Region 2,City 26
C165,C165,Region 9,City 16
C159,C159,Region 9,City 10
C225,C225,Region 7,City 16
C257,C257,Region 6,City 18
C197,C197,Region 10,City 18
C199,C199,Region 8,City 20
C224,C224,Region 6,City 15
C164,C164,Region 3,City 15
C034,C034,Region 2,City 5
C173,C173,Region 4,City 24
C259,C259,Region 7,City 20
C047,C047,Region 2,City 18
C169,C169,Region 1,City 20
C169,C169,Region 1,City 20
C041,C041,Region 4,City 12
C295,C295,Region 2,City 26
C064,C064,Region 2,City 5
C015,C015,Region 6,City 16
C005,C005,Region 8,City 6
C237,C237,Region 1,City 28
C283,C283,Region 10,City 14
C241,C241,Region 6,City 2
C022,C022,Region 2,City 23
C059,C059,Region 10,City 30
C100,C100,Region 1,City 11
C267,C267,Region 5,City 28
C227,C227,Region 9,City 18
C078,C078,Region 8,City 19
C048,C048,Region 10,City 19
C058,C058,Region 4,City 29
C069,C069,Region 4,City 10
C022,C022,Region 2,City 23
C126,C126,Region 7,City 7
C261,C261,Region 5,City 22
C130,C130,Region 3,City 11
C294,C294,Region 9,City 25
C116,C116,Region 1,City 27
C180,C180,Region 3,City 1
C177,C177,Region 8,City 28
C025,C025,Region 6,City 26
C258,C258,Region 5,City 19
C056,C056,Region 10,City 27
C033,C033,Region 1,City 4
C042,C042,Region 5,City 13
C091,C091,Region 8,City 2
C002,C002,Region 1,City 3
C129,C129,Region 10,City 10
C268,C268,Region 8,City 29
C198,C198,Region 4,City 19
C116,C116,Region 1,City 27
C112,C112,Region 10,City 23
C206,C206,Region 7,City 27
C123,C123,Region 5,City 4
C017,C017,Region 7,City 18
C137,C137,Region 10,City 18
C215,C215,Region 9,City 6
C211,C211,Region 9,City 2
C201,C201,Region 4,City 22
C015,C015,Region 6,City 16
C001,C001,Region 10,City 2
C265,C265,Region 8,City 26
C050,C050,Region 7,City 21
C277,C277,Region 10,City 8
C253,C253,Region 7,City 14
C244,C244,Region 3,City 5
C023,C023,Region 8,City 24
C071,C071,Region 3,City 12
C179,C179,Region 5,City 30
C158,C158,Region 9,City 9
C242,C242,Region 7,City 3
C288,C288,Region 8,City 19
C235,C235,Region 4,City 26
C046,C046,Region 4,City 17
C178,C178,Region 3,City 29
C273,C273,Region 8,City 4
C143,C143,Region 8,City 24
C198,C198,Region 4,City 19
C186,C186,Region 8,City 7
C141,C141,Region 2,City 22
C300,C300,Region 5,City 1
C231,C231,Region 7,City 22
C213,C213,Region 2,City 4
C041,C041,Region 4,City 12
C002,C002,Region 1,City 3
C004,C004,Region 6,City 5
C166,C166,Region 5,City 17
C274,C274,Region 1,City 5
C232,C232,Region 2,City 23
C088,C088,Region 5,City 29
C075,C075,Region 3,City 16
C036,C036,Region 9,City 7
C235,C235,Region 4,City 26
C168,C168,Region 7,City 19
C103,C103,Region 3,City 14
C005,C005,Region 8,City 6
C294,C294,Region 9,City 25
C269,C269,Region 6,City 30
C271,C271,Region 2,City 2
C013,C013,Region 6,City 14
C294,C294,Region 9,City 25
C049,C049,Region 2,City 20
C164,C164,Region 3,City 15
C098,C098,Region 5,City 9
C184,C184,Region 1,City 5
C006,C006,Region 9,City 7
C080,C080,Region 8,City 21
C034,C034,Region 2,City 5
C275,C275,Region 9,City 6
C188,C188,Region 2,City 9
C025,C025,Region 6,City 26
C226,C226,Region 4,City 17
C167,C167,Region 3,City 18
C260,C260,Region 3,City 21
C256,C256,Region 10,City 17
C259,C259,Region 7,City 20
C005,C005,Region 8,City 6
C047,C047,Region 2,City 18
C147,C147,Region 7,City 28
C047,C047,Region 2,City 18
C182,C182,Region 5,City 3
C295,C295,Region 2,City 26
C148,C148,Region 1,City 29
C157,C157,Region 2,City 8
C289,C289,Region 6,City 20
C083,C083,Region 1,City 24
C150,C150,Region 8,City 1
C021,C021,Region 5,City 22
C299,C299,Region 8,City 30
C287,C287,Region 1,City 18
C070,C070,Region 2,City 11
C192,C192,Region 3,City 13
C283,C283,Region 10,City 14
C285,C285,Region 3,City 16
C104,C104,Region 4,City 15
C012,C012,Region 1,City 13
C125,C125,Region 6,City 6
C123,C123,Region 5,City 4
C049,C049,Region 2,City 20
C212,C212,Region 5,City 3
C051,C051,Region 10,City 22
C116,C116,Region 1,City 27
C101,C101,Region 7,City 12
C044,C044,Region 2,City 15
C143,C143,Region 8,City 24
C226,C226,Region 4,City 17
C011,C011,Region 6,City 12
C163,C163,Region 5,City 14
C261,C261,Region 5,City 22
C001,C001,Region 10,City 2
