ProductID,ProductName,Category,UnitPrice
P089,Product 89,Category 14,220.92
P093,Product 93,Category 3,53.85
P004,Product 4,Category 4,446.21
P049,Product 49,Category 4,491.59
P066,Product 66,Category 6,79.06
P010,Product 10,Category 10,293.01
P028,Product 28,Category 13,186.78
P077,Product 77,Category 2,475.01
P085,Product 85,Category 10,456.11
P093,Product 93,Category 3,53.85
P018,Product 18,Category 3,218.78
P082,Product 82,Category 7,387.7
P069,Product 69,Category 9,386.3
P025,Product 25,Category 10,34.77
P045,Product 45,Category 15,189.29
P004,Product 4,Category 4,446.21
P069,Product 69,Category 9,386.3
P049,Product 49,Category 4,491.59
P072,Product 72,Category 12,27.53
P043,Product 43,Category 13,374.4
P065,Product 65,Category 5,194.4
P019,Product 19,Category 4,20.62
P093,Product 93,Category 3,53.85
P027,Product 27,Category 12,273.37
P030,Product 30,Category 15,225.39
P011,Product 11,Category 11,48.35
P088,Product 88,Category 13,289.01
P079,Product 79,Category 4,47.04
P025,Product 25,Category 10,34.77
P037,Product 37,Category 7,329.5
P080,Product 80,Category 5,322.73
P003,Product 3,Category 3,436.22
P022,Product 22,Category 7,474.2
P084,Product 84,Category 9,410.58
P100,Product 100,Category 10,118.57
P031,Product 31,Category 1,69.9
P091,Product 91,Category 1,338.65
P056,Product 56,Category 11,261.99
P017,Product 17,Category 2,373.36
P040,Product 40,Category 10,456.29
P038,Product 38,Category 8,30.8
P058,Product 58,Category 13,201.63
P082,Product 82,Category 7,387.7
P094,Product 94,Category 4,65.36
P073,Product 73,Category 13,98.73
P093,Product 93,Category 3,53.85
P032,Product 32,Category 2,246.16
P086,Product 86,Category 11,371.95
P083,Product 83,Category 8,465.48
P050,Product 50,Category 5,464.52
P057,Product 57,Category 12,310.13
P067,Product 67,Category 7,245.24
P064,Product 64,Category 4,445.94
P034,Product 34,Category 4,389.34
P099,Product 99,Category 9,154.71
P049,Product 49,Category 4,491.59
P098,Product 98,Category 8,335.46
P092,Product 92,Category 2,134.34
P095,Product 95,Category 5,177.16
P003,Product 3,Category 3,436.22
P015,Product 15,Category 15,366.97
P096,Product 96,Category 6,437.68
P057,Product 57,Category 12,310.13
P015,Product 15,Category 15,366.97
P023,Product 23,Category 8,444.27
P099,Product 99,Category 9,154.71
P091,Product 91,Category 1,338.65
P095,Product 95,Category 5,177.16
P055,Product 55,Category 10,215.67
P093,Product 93,Category 3,53.85
P078,Product 78,Category 3,382.56
P056,Product 56,Category 11,261.99
P090,Product 90,Category 15,299.19
P009,Product 9,Category 9,154.35
P001,Product 1,Category 1,254.75
P050,Product 50,Category 5,464.52
P089,Product 89,Category 14,220.92
P025,Product 25,Category 10,34.77
P014,Product 14,Category 14,159.28
P093,Product 93,Category 3,53.85
P079,Product 79,Category 4,47.04
P039,Product 39,Category 9,489.97
P080,Product 80,Category 5,322.73
P050,Product 50,Category 5,464.52
P014,Product 14,Category 14,159.28
P063,Product 63,Category 3,307.88
P089,Product 89,Category 14,220.92
P100,Product 100,Category 10,118.57
P058,Product 58,Category 13,201.63
P073,Product 73,Category 13,98.73
P017,Product 17,Category 2,373.36
P001,Product 1,Category 1,254.75
P037,Product 37,Category 7,329.5
P098,Product 98,Category 8,335.46
P026,Product 26,Category 11,474.87
P024,Product 24,Category 9,73.05
P005,Product 5,Category 5,86.73
P052,Product 52,Category 7,409.71
P073,Product 73,Category 13,98.73
P031,Product 31,Category 1,69.9
P089,Product 89,Category 14,220.92
P040,Product 40,Category 10,456.29
P085,Product 85,Category 10,456.11
P052,Product 52,Category 7,409.71
P032,Product 32,Category 2,246.16
P040,Product 40,Category 10,456.29
P003,Product 3,Category 3,436.22
P062,Product 62,Category 2,167.7
P082,Product 82,Category 7,387.7
P065,Product 65,Category 5,194.4
P031,Product 31,Category 1,69.9
P056,Product 56,Category 11,261.99
P060,Product 60,Category 15,197.8
P044,Product 44,Category 14,37.1
P085,Product 85,Category 10,456.11
P063,Product 63,Category 3,307.88
P081,Product 81,Category 6,112.74
P031,Product 31,Category 1,69.9
P064,Product 64,Category 4,445.94
P017,Product 17,Category 2,373.36
P071,Product 71,Category 11,289.19
P037,Product 37,Category 7,329.5
P042,Product 42,Category 12,416.99
P050,Product 50,Category 5,464.52
P066,Product 66,Category 6,79.06
P037,Product 37,Category 7,329.5
P068,Product 68,Category 8,366.31
P031,Product 31,Category 1,69.9
P057,Product 57,Category 12,310.13
P019,Product 19,Category 4,20.62
P008,Product 8,Category 8,252.32
P004,Product 4,Category 4,446.21
P059,Product 59,Category 14,348.66
P049,Product 49,Category 4,491.59
P003,Product 3,Category 3,436.22
P041,Product 41,Category 11,267.12
P002,Product 2,Category 2,181.44
P060,Product 60,Category 15,197.8
P081,Product 81,Category 6,112.74
P084,Product 84,Category 9,410.58
P011,Product 11,Category 11,48.35
P083,Product 83,Category 8,465.48
P054,Product 54,Category 9,12.91
P049,Product 49,Category 4,491.59
P040,Product 40,Category 10,456.29
P048,Product 48,Category 3,392.2
P020,Product 20,Category 5,261.28
P025,Product 25,Category 10,34.77
P018,Product 18,Category 3,218.78
P073,Product 73,Category 13,98.73
P078,Product 78,Category 3,382.56
P025,Product 25,Category 10,34.77
P002,Product 2,Category 2,181.44
P067,Product 67,Category 7,245.24
P089,Product 89,Category 14,220.92
P020,Product 20,Category 5,261.28
P010,Product 10,Category 10,293.01
P066,Product 66,Category 6,79.06
P078,Product 78,Category 3,382.56
P029,Product 29,Category 14,260.21
P061,Product 61,Category 1,126.53
P072,Product 72,Category 12,27.53
P002,Product 2,Category 2,181.44
P032,Product 32,Category 2,246.16
P100,Product 100,Category 10,118.57
P032,Product 32,Category 2,246.16
P097,Product 97,Category 7,226.37
P002,Product 2,Category 2,181.44
P095,Product 95,Category 5,177.16
P011,Product 11,Category 11,48.35
P064,Product 64,Category 4,445.94
P074,Product 74,Category 14,291.07
P005,Product 5,Category 5,86.73
P039,Product 39,Category 9,489.97
P083,Product 83,Category 8,465.48
P034,Product 34,Category 4,389.34
P069,Product 69,Category 9,386.3
P021,Product 21,Category 6,126.09
P081,Product 81,Category 6,112.74
P087,Product 87,Category 12,230.44
P100,Product 100,Category 10,118.57
P082,Product 82,Category 7,387.7
P053,Product 53,Category 8,434.3
P060,Product 60,Category 15,197.8
P023,Product 23,Category 8,444.27
P094,Product 94,Category 4,65.36
P096,Product 96,Category 6,437.68
P096,Product 96,Category 6,437.68
P049,Product 49,Category 4,491.59
P047,Product 47,Category 2,198.11
P027,Product 27,Category 12,273.37
P005,Product 5,Category 5,86.73
P073,Product 73,Category 13,98.73
P041,Product 41,Category 11,267.12
P085,Product 85,Category 10,456.11
P053,Product 53,Category 8,434.3
P004,Product 4,Category 4,446.21
P074,Product 74,Category 14,291.07
P064,Product 64,Category 4,445.94
P017,Product 17,Category 2,373.36
P047,Product 47,Category 2,198.11
P057,Product 57,Category 12,310.13
P063,Product 63,Category 3,307.88
P073,Product 73,Category 13,98.73
P085,Product 85,Category 10,456.11
P027,Product 27,Category 12,273.37
P042,Product 42,Category 12,416.99
P061,Product 61,Category 1,126.53
P069,Product 69,Category 9,386.3
P039,Product 39,Category 9,489.97
P072,Product 72,Category 12,27.53
P083,Product 83,Category 8,465.48
P015,Product 15,Category 15,366.97
P066,Product 66,Category 6,79.06
P009,Product 9,Category 9,154.35
P099,Product 99,Category 9,154.71
P018,Product 18,Category 3,218.78
P087,Product 87,Category 12,230.44
P017,Product 17,Category 2,373.36
P022,Product 22,Category 7,474.2
P002,Product 2,Category 2,181.44
P086,Product 86,Category 11,371.95
P059,Product 59,Category 14,348.66
P068,Product 68,Category 8,366.31
P018,Product 18,Category 3,218.78
P052,Product 52,Category 7,409.71
P090,Product 90,Category 15,299.19
P028,Product 28,Category 13,186.78
P023,Product 23,Category 8,444.27
P088,Product 88,Category 13,289.01
P052,Product 52,Category 7,409.71
P076,Product 76,Category 1,21.06
P062,Product 62,Category 2,167.7
P083,Product 83,Category 8,465.48
P034,Product 34,Category 4,389.34
P056,Product 56,Category 11,261.99
P067,Product 67,Category 7,245.24
P010,Product 10,Category 10,293.01
P052,Product 52,Category 7,409.71
P002,Product 2,Category 2,181.44
P055,Product 55,Category 10,215.67
P068,Product 68,Category 8,366.31
P061,Product 61,Category 1,126.53
P012,Product 12,Category 12,453.15
P048,Product 48,Category 3,392.2
P016,Product 16,Category 1,29.92
P078,Product 78,Category 3,382.56
P048,Product 48,Category 3,392.2
P013,Product 13,Category 13,47.04
P061,Product 61,Category 1,126.53
P072,Product 72,Category 12,27.53
P013,Product 13,Category 13,47.04
P099,Product 99,Category 9,154.71
P024,Product 24,Category 9,73.05
P057,Product 57,Category 12,310.13
P009,Product 9,Category 9,154.35
P054,Product 54,Category 9,12.91
P057,Product 57,Category 12,310.13
P021,Product 21,Category 6,126.09
P017,Product 17,Category 2,373.36
P035,Product 35,Category 5,149.03
P043,Product 43,Category 13,374.4
P026,Product 26,Category 11,474.87
P080,Product 80,Category 5,322.73
P037,Product 37,Category 7,329.5
P021,Product 21,Category 6,126.09
P077,Product 77,Category 2,475.01
P061,Product 61,Category 1,126.53
P028,Product 28,Category 13,186.78
P044,Product 44,Category 14,37.1
P039,Product 39,Category 9,489.97
P083,Product 83,Category 8,465.48
P026,Product 26,Category 11,474.87
P038,Product 38,Category 8,30.8
P097,Product 97,Category 7,226.37
P008,Product 8,Category 8,252.32
P042,Product 42,Category 12,416.99
P090,Product 90,Category 15,299.19
P024,Product 24,Category 9,73.05
P007,Product 7,Category 7,451.77
P078,Product 78,Category 3,382.56
P088,Product 88,Category 13,289.01
P006,Product 6,Category 6,65.37
P087,Product 87,Category 12,230.44
P097,Product 97,Category 7,226.37
P094,Product 94,Category 4,65.36
P023,Product 23,Category 8,444.27
P009,Product 9,Category 9,154.35
P071,Product 71,Category 11,289.19
P015,Product 15,Category 15,366.97
P045,Product 45,Category 15,189.29
P083,Product 83,Category 8,465.48
P018,Product 18,Category 3,218.78
P004,Product 4,Category 4,446.21
P075,Product 75,Category 15,418.32
P089,Product 89,Category 14,220.92
P001,Product 1,Category 1,254.75
P061,Product 61,Category 1,126.53
P034,Product 34,Category 4,389.34
P020,Product 20,Category 5,261.28
P066,Product 66,Category 6,79.06
P048,Product 48,Category 3,392.2
P009,Product 9,Category 9,154.35
P068,Product 68,Category 8,366.31
P056,Product 56,Category 11,261.99
P048,Product 48,Category 3,392.2
P098,Product 98,Category 8,335.46
P064,Product 64,Category 4,445.94
P046,Product 46,Category 1,42.09
P098,Product 98,Category 8,335.46
P056,Product 56,Category 11,261.99
P088,Product 88,Category 13,289.01
P011,Product 11,Category 11,48.35
P026,Product 26,Category 11,474.87
P043,Product 43,Category 13,374.4
P056,Product 56,Category 11,261.99
P093,Product 93,Category 3,53.85
P025,Product 25,Category 10,34.77
P017,Product 17,Category 2,373.36
P097,Product 97,Category 7,226.37
P061,Product 61,Category 1,126.53
P084,Product 84,Category 9,410.58
P078,Product 78,Category 3,382.56
P024,Product 24,Category 9,73.05
P093,Product 93,Category 3,53.85
P011,Product 11,Category 11,48.35
P019,Product 19,Category 4,20.62
P018,Product 18,Category 3,218.78
P034,Product 34,Category 4,389.34
P052,Product 52,Category 7,409.71
P011,Product 11,Category 11,48.35
P091,Product 91,Category 1,338.65
P091,Product 91,Category 1,338.65
P029,Product 29,Category 14,260.21
P035,Product 35,Category 5,149.03
P022,Product 22,Category 7,474.2
P034,Product 34,Category 4,389.34
P009,Product 9,Category 9,154.35
P072,Product 72,Category 12,27.53
P093,Product 93,Category 3,53.85
P092,Product 92,Category 2,134.34
P035,Product 35,Category 5,149.03
P067,Product 67,Category 7,245.24
P095,Product 95,Category 5,177.16
P051,Product 51,Category 6,16.21
P073,Product 73,Category 13,98.73
P004,Product 4,Category 4,446.21
P064,Product 64,Category 4,445.94
P100,Product 100,Category 10,118.57
P086,Product 86,Category 11,371.95
P069,Product 69,Category 9,386.3
P070,Product 70,Category 10,231.01
P019,Product 19,Category 4,20.62
P006,Product 6,Category 6,65.37
P099,Product 99,Category 9,154.71
P003,Product 3,Category 3,436.22
P061,Product 61,Category 1,126.53
P079,Product 79,Category 4,47.04
P094,Product 94,Category 4,65.36
P100,Product 100,Category 10,118.57
P001,Product 1,Category 1,254.75
P046,Product 46,Category 1,42.09
P007,Product 7,Category 7,451.77
P077,Product 77,Category 2,475.01
P089,Product 89,Category 14,220.92
P044,Product 44,Category 14,37.1
P027,Product 27,Category 12,273.37
P093,Product 93,Category 3,53.85
P065,Product 65,Category 5,194.4
P056,Product 56,Category 11,261.99
P001,Product 1,Category 1,254.75
P099,Product 99,Category 9,154.71
P043,Product 43,Category 13,374.4
P067,Product 67,Category 7,245.24
P018,Product 18,Category 3,218.78
P078,Product 78,Category 3,382.56
P089,Product 89,Category 14,220.92
P078,Product 78,Category 3,382.56
P008,Product 8,Category 8,252.32
P065,Product 65,Category 5,194.4
P057,Product 57,Category 12,310.13
P025,Product 25,Category 10,34.77
P024,Product 24,Category 9,73.05
P082,Product 82,Category 7,387.7
P045,Product 45,Category 15,189.29
P029,Product 29,Category 14,260.21
P044,Product 44,Category 14,37.1
P024,Product 24,Category 9,73.05
P049,Product 49,Category 4,491.59
P084,Product 84,Category 9,410.58
P094,Product 94,Category 4,65.36
P079,Product 79,Category 4,47.04
P075,Product 75,Category 15,418.32
P047,Product 47,Category 2,198.11
P001,Product 1,Category 1,254.75
P034,Product 34,Category 4,389.34
P044,Product 44,Category 14,37.1
P076,Product 76,Category 1,21.06
P080,Product 80,Category 5,322.73
P038,Product 38,Category 8,30.8
P098,Product 98,Category 8,335.46
P046,Product 46,Category 1,42.09
P096,Product 96,Category 6,437.68
P085,Product 85,Category 10,456.11
P012,Product 12,Category 12,453.15
P024,Product 24,Category 9,73.05
P007,Product 7,Category 7,451.77
P024,Product 24,Category 9,73.05
P049,Product 49,Category 4,491.59
P070,Product 70,Category 10,231.01
P050,Product 50,Category 5,464.52
P071,Product 71,Category 11,289.19
P024,Product 24,Category 9,73.05
P095,Product 95,Category 5,177.16
P086,Product 86,Category 11,371.95
P007,Product 7,Category 7,451.77
P092,Product 92,Category 2,134.34
P059,Product 59,Category 14,348.66
P008,Product 8,Category 8,252.32
P008,Product 8,Category 8,252.32
P067,Product 67,Category 7,245.24
P033,Product 33,Category 3,392.37
P017,Product 17,Category 2,373.36
P061,Product 61,Category 1,126.53
P033,Product 33,Category 3,392.37
P012,Product 12,Category 12,453.15
P086,Product 86,Category 11,371.95
P045,Product 45,Category 15,189.29
P053,Product 53,Category 8,434.3
P012,Product 12,Category 12,453.15
P073,Product 73,Category 13,98.73
P046,Product 46,Category 1,42.09
P091,Product 91,Category 1,338.65
P100,Product 100,Category 10,118.57
P074,Product 74,Category 14,291.07
P010,Product 10,Category 10,293.01
P053,Product 53,Category 8,434.3
P091,Product 91,Category 1,338.65
P083,Product 83,Category 8,465.48
P007,Product 7,Category 7,451.77
P007,Product 7,Category 7,451.77
P083,Product 83,Category 8,465.48
P085,Product 85,Category 10,456.11
P005,Product 5,Category 5,86.73
P055,Product 55,Category 10,215.67
P058,Product 58,Category 13,201.63
P049,Product 49,Category 4,491.59
P022,Product 22,Category 7,474.2
P050,Product 50,Category 5,464.52
P024,Product 24,Category 9,73.05
P063,Product 63,Category 3,307.88
P098,Product 98,Category 8,335.46
P073,Product 73,Category 13,98.73
P071,Product 71,Category 11,289.19
P001,Product 1,Category 1,254.75
P057,Product 57,Category 12,310.13
P029,Product 29,Category 14,260.21
P058,Product 58,Category 13,201.63
P025,Product 25,Category 10,34.77
P013,Product 13,Category 13,47.04
P070,Product 70,Category 10,231.01
P042,Product 42,Category 12,416.99
P017,Product 17,Category 2,373.36
P047,Product 47,Category 2,198.11
P051,Product 51,Category 6,16.21
P027,Product 27,Category 12,273.37
P050,Product 50,Category 5,464.52
P093,Product 93,Category 3,53.85
P042,Product 42,Category 12,416.99
P066,Product 66,Category 6,79.06
P037,Product 37,Category 7,329.5
P091,Product 91,Category 1,338.65
P040,Product 40,Category 10,456.29
P008,Product 8,Category 8,252.32
P097,Product 97,Category 7,226.37
P013,Product 13,Category 13,47.04
P071,Product 71,Category 11,289.19
P051,Product 51,Category 6,16.21
P065,Product 65,Category 5,194.4
P040,Product 40,Category 10,456.29
P077,Product 77,Category 2,475.01
P091,Product 91,Category 1,338.65
P086,Product 86,Category 11,371.95
P016,Product 16,Category 1,29.92
P032,Product 32,Category 2,246.16
P057,Product 57,Category 12,310.13
P030,Product 30,Category 15,225.39
P006,Product 6,Category 6,65.37
P082,Product 82,Category 7,387.7
P074,Product 74,Category 14,291.07
P018,Product 18,Category 3,218.78
P100,Product 100,Category 10,118.57
P070,Product 70,Category 10,231.01
P070,Product 70,Category 10,231.01
P033,Product 33,Category 3,392.37
P078,Product 78,Category 3,382.56
P046,Product 46,Category 1,42.09
P072,Product 72,Category 12,27.53
P003,Product 3,Category 3,436.22
P039,Product 39,Category 9,489.97
P018,Product 18,Category 3,218.78
P055,Product 55,Category 10,215.67
P017,Product 17,Category 2,373.36
P010,Product 10,Category 10,293.01
P057,Product 57,Category 12,310.13
P012,Product 12,Category 12,453.15
P041,Product 41,Category 11,267.12
P006,Product 6,Category 6,65.37
P036,Product 36,Category 6,93.48
P046,Product 46,Category 1,42.09
P085,Product 85,Category 10,456.11
P027,Product 27,Category 12,273.37
P083,Product 83,Category 8,465.48
P027,Product 27,Category 12,273.37
P002,Product 2,Category 2,181.44
P055,Product 55,Category 10,215.67
P066,Product 66,Category 6,79.06
P035,Product 35,Category 5,149.03
P098,Product 98,Category 8,335.46
P012,Product 12,Category 12,453.15
P018,Product 18,Category 3,218.78
P089,Product 89,Category 14,220.92
P026,Product 26,Category 11,474.87
P003,Product 3,Category 3,436.22
P031,Product 31,Category 1,69.9
P055,Product 55,Category 10,215.67
P031,Product 31,Category 1,69.9
P085,Product 85,Category 10,456.11
P020,Product 20,Category 5,261.28
P003,Product 3,Category 3,436.22
P073,Product 73,Category 13,98.73
P043,Product 43,Category 13,374.4
P072,Product 72,Category 12,27.53
P028,Product 28,Category 13,186.78
P020,Product 20,Category 5,261.28
P020,Product 20,Category 5,261.28
P064,Product 64,Category 4,445.94
P024,Product 24,Category 9,73.05
P042,Product 42,Category 12,416.99
P038,Product 38,Category 8,30.8
P056,Product 56,Category 11,261.99
P091,Product 91,Category 1,338.65
P043,Product 43,Category 13,374.4
P074,Product 74,Category 14,291.07
P083,Product 83,Category 8,465.48
P029,Product 29,Category 14,260.21
P066,Product 66,Category 6,79.06
P086,Product 86,Category 11,371.95
P070,Product 70,Category 10,231.01
P040,Product 40,Category 10,456.29
P041,Product 41,Category 11,267.12
P093,Product 93,Category 3,53.85
P046,Product 46,Category 1,42.09
P052,Product 52,Category 7,409.71
P024,Product 24,Category 9,73.05
P085,Product 85,Category 10,456.11
P053,Product 53,Category 8,434.3
P029,Product 29,Category 14,260.21
P062,Product 62,Category 2,167.7
P082,Product 82,Category 7,387.7
P071,Product 71,Category 11,289.19
P100,Product 100,Category 10,118.57
P096,Product 96,Category 6,437.68
P043,Product 43,Category 13,374.4
P093,Product 93,Category 3,53.85
P050,Product 50,Category 5,464.52
P032,Product 32,Category 2,246.16
P023,Product 23,Category 8,444.27
P014,Product 14,Category 14,159.28
P008,Product 8,Category 8,252.32
P090,Product 90,Category 15,299.19
P061,Product 61,Category 1,126.53
P061,Product 61,Category 1,126.53
P100,Product 100,Category 10,118.57
P090,Product 90,Category 15,299.19
P018,Product 18,Category 3,218.78
P027,Product 27,Category 12,273.37
P071,Product 71,Category 11,289.19
P007,Product 7,Category 7,451.77
P029,Product 29,Category 14,260.21
P037,Product 37,Category 7,329.5
P095,Product 95,Category 5,177.16
P077,Product 77,Category 2,475.01
P003,Product 3,Category 3,436.22
P031,Product 31,Category 1,69.9
P049,Product 49,Category 4,491.59
P045,Product 45,Category 15,189.29
P020,Product 20,Category 5,261.28
P078,Product 78,Category 3,382.56
P063,Product 63,Category 3,307.88
P022,Product 22,Category 7,474.2
P033,Product 33,Category 3,392.37
P035,Product 35,Category 5,149.03
P059,Product 59,Category 14,348.66
P082,Product 82,Category 7,387.7
P064,Product 64,Category 4,445.94
P047,Product 47,Category 2,198.11
P018,Product 18,Category 3,218.78
P097,Product 97,Category 7,226.37
P082,Product 82,Category 7,387.7
P011,Product 11,Category 11,48.35
P002,Product 2,Category 2,181.44
P039,Product 39,Category 9,489.97
P086,Product 86,Category 11,371.95
P084,Product 84,Category 9,410.58
P018,Product 18,Category 3,218.78
P004,Product 4,Category 4,446.21
P060,Product 60,Category 15,197.8
P100,Product 100,Category 10,118.57
P035,Product 35,Category 5,149.03
P051,Product 51,Category 6,16.21
P007,Product 7,Category 7,451.77
P075,Product 75,Category 15,418.32
P097,Product 97,Category 7,226.37
P025,Product 25,Category 10,34.77
P075,Product 75,Category 15,418.32
P095,Product 95,Category 5,177.16
P016,Product 16,Category 1,29.92
P072,Product 72,Category 12,27.53
P027,Product 27,Category 12,273.37
P002,Product 2,Category 2,181.44
P080,Product 80,Category 5,322.73
P042,Product 42,Category 12,416.99
P100,Product 100,Category 10,118.57
P046,Product 46,Category 1,42.09
P072,Product 72,Category 12,27.53
P002,Product 2,Category 2,181.44
P054,Product 54,Category 9,12.91
P054,Product 54,Category 9,12.91
P096,Product 96,Category 6,437.68
P077,Product 77,Category 2,475.01
P052,Product 52,Category 7,409.71
P072,Product 72,Category 12,27.53
P072,Product 72,Category 12,27.53
P053,Product 53,Category 8,434.3
P014,Product 14,Category 14,159.28
P093,Product 93,Category 3,53.85
P058,Product 58,Category 13,201.63
P063,Product 63,Category 3,307.88
P015,Product 15,Category 15,366.97
P079,Product 79,Category 4,47.04
P044,Product 44,Category 14,37.1
P038,Product 38,Category 8,30.8
P032,Product 32,Category 2,246.16
P051,Product 51,Category 6,16.21
P038,Product 38,Category 8,30.8
P024,Product 24,Category 9,73.05
P029,Product 29,Category 14,260.21
P022,Product 22,Category 7,474.2
P091,Product 91,Category 1,338.65
P021,Product 21,Category 6,126.09
P021,Product 21,Category 6,126.09
P079,Product 79,Category 4,47.04
P098,Product 98,Category 8,335.46
P091,Product 91,Category 1,338.65
P038,Product 38,Category 8,30.8
P061,Product 61,Category 1,126.53
P003,Product 3,Category 3,436.22
P034,Product 34,Category 4,389.34
P036,Product 36,Category 6,93.48
P021,Product 21,Category 6,126.09
P087,Product 87,Category 12,230.44
P011,Product 11,Category 11,48.35
P080,Product 80,Category 5,322.73
P014,Product 14,Category 14,159.28
P020,Product 20,Category 5,261.28
P031,Product 31,Category 1,69.9
P058,Product 58,Category 13,201.63
P065,Product 65,Category 5,194.4
P021,Product 21,Category 6,126.09
P098,Product 98,Category 8,335.46
P041,Product 41,Category 11,267.12
P025,Product 25,Category 10,34.77
P056,Product 56,Category 11,261.99
P007,Product 7,Category 7,451.77
P083,Product 83,Category 8,465.48
P051,Product 51,Category 6,16.21
P087,Product 87,Category 12,230.44
P044,Product 44,Category 14,37.1
P034,Product 34,Category 4,389.34
P028,Product 28,Category 13,186.78
P059,Product 59,Category 14,348.66
P039,Product 39,Category 9,489.97
P098,Product 98,Category 8,335.46
P069,Product 69,Category 9,386.3
P016,Product 16,Category 1,29.92
P064,Product 64,Category 4,445.94
P047,Product 47,Category 2,198.11
P032,Product 32,Category 2,246.16
P070,Product 70,Category 10,231.01
P044,Product 44,Category 14,37.1
P065,Product 65,Category 5,194.4
P025,Product 25,Category 10,34.77
P002,Product 2,Category 2,181.44
P044,Product 44,Category 14,37.1
P021,Product 21,Category 6,126.09
P065,Product 65,Category 5,194.4
P025,Product 25,Category 10,34.77
P062,Product 62,Category 2,167.7
P078,Product 78,Category 3,382.56
P067,Product 67,Category 7,245.24
P016,Product 16,Category 1,29.92
P071,Product 71,Category 11,289.19
P028,Product 28,Category 13,186.78
P094,Product 94,Category 4,65.36
P085,Product 85,Category 10,456.11
P035,Product 35,Category 5,149.03
P047,Product 47,Category 2,198.11
P032,Product 32,Category 2,246.16
P038,Product 38,Category 8,30.8
P070,Product 70,Category 10,231.01
P027,Product 27,Category 12,273.37
P050,Product 50,Category 5,464.52
P073,Product 73,Category 13,98.73
P040,Product 40,Category 10,456.29
P027,Product 27,Category 12,273.37
P093,Product 93,Category 3,53.85
P035,Product 35,Category 5,149.03
P003,Product 3,Category 3,436.22
P005,Product 5,Category 5,86.73
P090,Product 90,Category 15,299.19
P019,Product 19,Category 4,20.62
P002,Product 2,Category 2,181.44
P010,Product 10,Category 10,293.01
P009,Product 9,Category 9,154.35
P033,Product 33,Category 3,392.37
P069,Product 69,Category 9,386.3
P052,Product 52,Category 7,409.71
P018,Product 18,Category 3,218.78
P098,Product 98,Category 8,335.46
P071,Product 71,Category 11,289.19
P089,Product 89,Category 14,220.92
P031,Product 31,Category 1,69.9
P042,Product 42,Category 12,416.99
P063,Product 63,Category 3,307.88
P068,Product 68,Category 8,366.31
P013,Product 13,Category 13,47.04
P063,Product 63,Category 3,307.88
P026,Product 26,Category 11,474.87
P087,Product 87,Category 12,230.44
P012,Product 12,Category 12,453.15
P038,Product 38,Category 8,30.8
P065,Product 65,Category 5,194.4
P031,Product 31,Category 1,69.9
P054,Product 54,Category 9,12.91
P006,Product 6,Category 6,65.37
P079,Product 79,Category 4,47.04
P011,Product 11,Category 11,48.35
P054,Product 54,Category 9,12.91
P073,Product 73,Category 13,98.73
P061,Product 61,Category 1,126.53
P035,Product 35,Category 5,149.03
P097,Product 97,Category 7,226.37
P085,Product 85,Category 10,456.11
P097,Product 97,Category 7,226.37
P020,Product 20,Category 5,261.28
P006,Product 6,Category 6,65.37
P006,Product 6,Category 6,65.37
P095,Product 95,Category 5,177.16
P066,Product 66,Category 6,79.06
P072,Product 72,Category 12,27.53
P017,Product 17,Category 2,373.36
P037,Product 37,Category 7,329.5
P084,Product 84,Category 9,410.58
P030,Product 30,Category 15,225.39
P095,Product 95,Category 5,177.16
P091,Product 91,Category 1,338.65
P097,Product 97,Category 7,226.37
P087,Product 87,Category 12,230.44
P010,Product 10,Category 10,293.01
P013,Product 13,Category 13,47.04
P003,Product 3,Category 3,436.22
P002,Product 2,Category 2,181.44
P011,Product 11,Category 11,48.35
P076,Product 76,Category 1,21.06
P010,Product 10,Category 10,293.01
P006,Product 6,Category 6,65.37
P038,Product 38,Category 8,30.8
P025,Product 25,Category 10,34.77
P014,Product 14,Category 14,159.28
P052,Product 52,Category 7,409.71
P036,Product 36,Category 6,93.48
P010,Product 10,Category 10,293.01
P054,Product 54,Category 9,12.91
P047,Product 47,Category 2,198.11
P047,Product 47,Category 2,198.11
P006,Product 6,Category 6,65.37
P077,Product 77,Category 2,475.01
P019,Product 19,Category 4,20.62
P098,Product 98,Category 8,335.46
P033,Product 33,Category 3,392.37
P050,Product 50,Category 5,464.52
P048,Product 48,Category 3,392.2
P029,Product 29,Category 14,260.21
P005,Product 5,Category 5,86.73
P028,Product 28,Category 13,186.78
P027,Product 27,Category 12,273.37
P021,Product 21,Category 6,126.09
P050,Product 50,Category 5,464.52
P025,Product 25,Category 10,34.77
P097,Product 97,Category 7,226.37
P025,Product 25,Category 10,34.77
P063,Product 63,Category 3,307.88
P084,Product 84,Category 9,410.58
P044,Product 44,Category 14,37.1
P062,Product 62,Category 2,167.7
P076,Product 76,Category 1,21.06
P004,Product 4,Category 4,446.21
P073,Product 73,Category 13,98.73
P069,Product 69,Category 9,386.3
P072,Product 72,Category 12,27.53
P076,Product 76,Category 1,21.06
P088,Product 88,Category 13,289.01
P041,Product 41,Category 11,267.12
P090,Product 90,Category 15,299.19
P033,Product 33,Category 3,392.37
P043,Product 43,Category 13,374.4
P094,Product 94,Category 4,65.36
P008,Product 8,Category 8,252.32
P026,Product 26,Category 11,474.87
P077,Product 77,Category 2,475.01
P056,Product 56,Category 11,261.99
P010,Product 10,Category 10,293.01
P088,Product 88,Category 13,289.01
P038,Product 38,Category 8,30.8
P058,Product 58,Category 13,201.63
P097,Product 97,Category 7,226.37
P086,Product 86,Category 11,371.95
P048,Product 48,Category 3,392.2
P053,Product 53,Category 8,434.3
P079,Product 79,Category 4,47.04
P077,Product 77,Category 2,475.01
P088,Product 88,Category 13,289.01
P029,Product 29,Category 14,260.21
P050,Product 50,Category 5,464.52
P046,Product 46,Category 1,42.09
P039,Product 39,Category 9,489.97
P076,Product 76,Category 1,21.06
P054,Product 54,Category 9,12.91
P007,Product 7,Category 7,451.77
P031,Product 31,Category 1,69.9
P002,Product 2,Category 2,181.44
P076,Product 76,Category 1,21.06
P054,Product 54,Category 9,12.91
P037,Product 37,Category 7,329.5
P041,Product 41,Category 11,267.12
P032,Product 32,Category 2,246.16
P089,Product 89,Category 14,220.92
P011,Product 11,Category 11,48.35
P090,Product 90,Category 15,299.19
P087,Product 87,Category 12,230.44
P019,Product 19,Category 4,20.62
P038,Product 38,Category 8,30.8
P090,Product 90,Category 15,299.19
P039,Product 39,Category 9,489.97
P020,Product 20,Category 5,261.28
P082,Product 82,Category 7,387.7
P093,Product 93,Category 3,53.85
P005,Product 5,Category 5,86.73
P088,Product 88,Category 13,289.01
P080,Product 80,Category 5,322.73
P016,Product 16,Category 1,29.92
P071,Product 71,Category 11,289.19
P044,Product 44,Category 14,37.1
P037,Product 37,Category 7,329.5
P025,Product 25,Category 10,34.77
P063,Product 63,Category 3,307.88
P047,Product 47,Category 2,198.11
P099,Product 99,Category 9,154.71
P050,Product 50,Category 5,464.52
P026,Product 26,Category 11,474.87
P051,Product 51,Category 6,16.21
P029,Product 29,Category 14,260.21
P036,Product 36,Category 6,93.48
P002,Product 2,Category 2,181.44
P043,Product 43,Category 13,374.4
P008,Product 8,Category 8,252.32
P070,Product 70,Category 10,231.01
P033,Product 33,Category 3,392.37
P045,Product 45,Category 15,189.29
P100,Product 100,Category 10,118.57
P074,Product 74,Category 14,291.07
P014,Product 14,Category 14,159.28
P055,Product 55,Category 10,215.67
P065,Product 65,Category 5,194.4
P099,Product 99,Category 9,154.71
P026,Product 26,Category 11,474.87
P090,Product 90,Category 15,299.19
P069,Product 69,Category 9,386.3
P094,Product 94,Category 4,65.36
P077,Product 77,Category 2,475.01
P037,Product 37,Category 7,329.5
P009,Product 9,Category 9,154.35
P022,Product 22,Category 7,474.2
P019,Product 19,Category 4,20.62
P035,Product 35,Category 5,149.03
P039,Product 39,Category 9,489.97
P015,Product 15,Category 15,366.97
P054,Product 54,Category 9,12.91
P040,Product 40,Category 10,456.29
P014,Product 14,Category 14,159.28
P051,Product 51,Category 6,16.21
P049,Product 49,Category 4,491.59
P074,Product 74,Category 14,291.07
P100,Product 100,Category 10,118.57
P064,Product 64,Category 4,445.94
P097,Product 97,Category 7,226.37
P002,Product 2,Category 2,181.44
P063,Product 63,Category 3,307.88
P066,Product 66,Category 6,79.06
P072,Product 72,Category 12,27.53
P091,Product 91,Category 1,338.65
P089,Product 89,Category 14,220.92
P064,Product 64,Category 4,445.94
P047,Product 47,Category 2,198.11
P012,Product 12,Category 12,453.15
P029,Product 29,Category 14,260.21
P076,Product 76,Category 1,21.06
P003,Product 3,Category 3,436.22
P061,Product 61,Category 1,126.53
P077,Product 77,Category 2,475.01
P004,Product 4,Category 4,446.21
P086,Product 86,Category 11,371.95
P057,Product 57,Category 12,310.13
P075,Product 75,Category 15,418.32
P085,Product 85,Category 10,456.11
P024,Product 24,Category 9,73.05
P013,Product 13,Category 13,47.04
P043,Product 43,Category 13,374.4
P005,Product 5,Category 5,86.73
P096,Product 96,Category 6,437.68
P082,Product 82,Category 7,387.7
P019,Product 19,Category 4,20.62
P096,Product 96,Category 6,437.68
P019,Product 19,Category 4,20.62
P051,Product 51,Category 6,16.21
P046,Product 46,Category 1,42.09
P015,Product 15,Category 15,366.97
P072,Product 72,Category 12,27.53
P006,Product 6,Category 6,65.37
P071,Product 71,Category 11,289.19
P065,Product 65,Category 5,194.4
P074,Product 74,Category 14,291.07
P004,Product 4,Category 4,446.21
P020,Product 20,Category 5,261.28
P084,Product 84,Category 9,410.58
P087,Product 87,Category 12,230.44
P018,Product 18,Category 3,218.78
P085,Product 85,Category 10,456.11
P090,Product 90,Category 15,299.19
P052,Product 52,Category 7,409.71
P091,Product 91,Category 1,338.65
P022,Product 22,Category 7,474.2
P060,Product 60,Category 15,197.8
P062,Product 62,Category 2,167.7
P054,Product 54,Category 9,12.91
P069,Product 69,Category 9,386.3
P087,Product 87,Category 12,230.44
P077,Product 77,Category 2,475.01
P015,Product 15,Category 15,366.97
P042,Product 42,Category 12,416.99
P038,Product 38,Category 8,30.8
P078,Product 78,Category 3,382.56
P062,Product 62,Category 2,167.7
P045,Product 45,Category 15,189.29
P023,Product 23,Category 8,444.27
P085,Product 85,Category 10,456.11
P088,Product 88,Category 13,289.01
P048,Product 48,Category 3,392.2
P022,Product 22,Category 7,474.2
P091,Product 91,Category 1,338.65
P072,Product 72,Category 12,27.53
P082,Product 82,Category 7,387.7
P052,Product 52,Category 7,409.71
P066,Product 66,Category 6,79.06
P016,Product 16,Category 1,29.92
P027,Product 27,Category 12,273.37
P012,Product 12,Category 12,453.15
P047,Product 47,Category 2,198.11
P074,Product 74,Category 14,291.07
P034,Product 34,Category 4,389.34
P029,Product 29,Category 14,260.21
P092,Product 92,Category 2,134.34
P054,Product 54,Category 9,12.91
P046,Product 46,Category 1,42.09
P024,Product 24,Category 9,73.05
P005,Product 5,Category 5,86.73
P092,Product 92,Category 2,134.34
P003,Product 3,Category 3,436.22
P044,Product 44,Category 14,37.1
P048,Product 48,Category 3,392.2
P057,Product 57,Category 12,310.13
P007,Product 7,Category 7,451.77
P084,Product 84,Category 9,410.58
P012,Product 12,Category 12,453.15
P018,Product 18,Category 3,218.78
P099,Product 99,Category 9,154.71
P072,Product 72,Category 12,27.53
P010,Product 10,Category 10,293.01
P077,Product 77,Category 2,475.01
P050,Product 50,Category 5,464.52
P007,Product 7,Category 7,451.77
P042,Product 42,Category 12,416.99
P062,Product 62,Category 2,167.7
P062,Product 62,Category 2,167.7
P037,Product 37,Category 7,329.5
P039,Product 39,Category 9,489.97
P070,Product 70,Category 10,231.01
P097,Product 97,Category 7,226.37
P073,Product 73,Category 13,98.73
P094,Product 94,Category 4,65.36
P052,Product 52,Category 7,409.71
P090,Product 90,Category 15,299.19
P064,Product 64,Category 4,445.94
P022,Product 22,Category 7,474.2
P075,Product 75,Category 15,418.32
P046,Product 46,Category 1,42.09
P005,Product 5,Category 5,86.73
P012,Product 12,Category 12,453.15
P077,Product 77,Category 2,475.01
P067,Product 67,Category 7,245.24
P099,Product 99,Category 9,154.71
P028,Product 28,Category 13,186.78
P038,Product 38,Category 8,30.8
P015,Product 15,Category 15,366.97
P030,Product 30,Category 15,225.39
P039,Product 39,Category 9,489.97
P030,Product 30,Category 15,225.39
P095,Product 95,Category 5,177.16
P100,Product 100,Category 10,118.57
P079,Product 79,Category 4,47.04
P063,Product 63,Category 3,307.88
P008,Product 8,Category 8,252.32
P022,Product 22,Category 7,474.2
P078,Product 78,Category 3,382.56
P051,Product 51,Category 6,16.21
P031,Product 31,Category 1,69.9
P015,Product 15,Category 15,366.97
P017,Product 17,Category 2,373.36
P012,Product 12,Category 12,453.15
P030,Product 30,Category 15,225.39
P048,Product 48,Category 3,392.2
P049,Product 49,Category 4,491.59
P094,Product 94,Category 4,65.36
P050,Product 50,Category 5,464.52
P089,Product 89,Category 14,220.92
P082,Product 82,Category 7,387.7
P036,Product 36,Category 6,93.48
P018,Product 18,Category 3,218.78
P016,Product 16,Category 1,29.92
P023,Product 23,Category 8,444.27
P099,Product 99,Category 9,154.71
P093,Product 93,Category 3,53.85
P002,Product 2,Category 2,181.44
P020,Product 20,Category 5,261.28
P061,Product 61,Category 1,126.53
P065,Product 65,Category 5,194.4
P060,Product 60,Category 15,197.8
P097,Product 97,Category 7,226.37
P069,Product 69,Category 9,386.3
P075,Product 75,Category 15,418.32
P028,Product 28,Category 13,186.78
P035,Product 35,Category 5,149.03
P015,Product 15,Category 15,366.97
P047,Product 47,Category 2,198.11
P019,Product 19,Category 4,20.62
P042,Product 42,Category 12,416.99
P006,Product 6,Category 6,65.37
P092,Product 92,Category 2,134.34
P003,Product 3,Category 3,436.22
P033,Product 33,Category 3,392.37
P015,Product 15,Category 15,366.97
P083,Product 83,Category 8,465.48
P043,Product 43,Category 13,374.4
P016,Product 16,Category 1,29.92
P028,Product 28,Category 13,186.78
P041,Product 41,Category 11,267.12
P061,Product 61,Category 1,126.53
P048,Product 48,Category 3,392.2
P055,Product 55,Category 10,215.67
P022,Product 22,Category 7,474.2
P044,Product 44,Category 14,37.1
P012,Product 12,Category 12,453.15
P048,Product 48,Category 3,392.2
P092,Product 92,Category 2,134.34
P031,Product 31,Category 1,69.9
P066,Product 66,Category 6,79.06
P062,Product 62,Category 2,167.7
P016,Product 16,Category 1,29.92
P063,Product 63,Category 3,307.88
P040,Product 40,Category 10,456.29
P075,Product 75,Category 15,418.32
P083,Product 83,Category 8,465.48
P036,Product 36,Category 6,93.48
P011,Product 11,Category 11,48.35
P072,Product 72,Category 12,27.53
P071,Product 71,Category 11,289.19
P080,Product 80,Category 5,322.73
P011,Product 11,Category 11,48.35
P083,Product 83,Category 8,465.48
P044,Product 44,Category 14,37.1
P093,Product 93,Category 3,53.85
P015,Product 15,Category 15,366.97
P043,Product 43,Category 13,374.4
P079,Product 79,Category 4,47.04
P085,Product 85,Category 10,456.11
P001,Product 1,Category 1,254.75
P099,Product 99,Category 9,154.71
P012,Product 12,Category 12,453.15
P010,Product 10,Category 10,293.01
P036,Product 36,Category 6,93.48
P004,Product 4,Category 4,446.21
P029,Product 29,Category 14,260.21
P084,Product 84,Category 9,410.58
P068,Product 68,Category 8,366.31
P055,Product 55,Category 10,215.67
P029,Product 29,Category 14,260.21
P034,Product 34,Category 4,389.34
P067,Product 67,Category 7,245.24
P089,Product 89,Category 14,220.92
P084,Product 84,Category 9,410.58
P045,Product 45,Category 15,189.29
P069,Product 69,Category 9,386.3
P039,Product 39,Category 9,489.97
P047,Product 47,Category 2,198.11
P051,Product 51,Category 6,16.21
P085,Product 85,Category 10,456.11
P079,Product 79,Category 4,47.04
P003,Product 3,Category 3,436.22
P052,Product 52,Category 7,409.71
P001,Product 1,Category 1,254.75
P050,Product 50,Category 5,464.52
P063,Product 63,Category 3,307.88
P017,Product 17,Category 2,373.36
P012,Product 12,Category 12,453.15
P068,Product 68,Category 8,366.31
P076,Product 76,Category 1,21.06
P076,Product 76,Category 1,21.06
P073,Product 73,Category 13,98.73
P086,Product 86,Category 11,371.95
P013,Product 13,Category 13,47.04
P048,Product 48,Category 3,392.2
P019,Product 19,Category 4,20.62
P086,Product 86,Category 11,371.95
P022,Product 22,Category 7,474.2
P035,Product 35,Category 5,149.03
P074,Product 74,Category 14,291.07
P005,Product 5,Category 5,86.73
P071,Product 71,Category 11,289.19
P072,Product 72,Category 12,27.53
P028,Product 28,Category 13,186.78
P068,Product 68,Category 8,366.31
P063,Product 63,Category 3,307.88
P028,Product 28,Category 13,186.78
P016,Product 16,Category 1,29.92
P031,Product 31,Category 1,69.9
P075,Product 75,Category 15,418.32
P042,Product 42,Category 12,416.99
P092,Product 92,Category 2,134.34
P090,Product 90,Category 15,299.19
P089,Product 89,Category 14,220.92
P016,Product 16,Category 1,29.92
P064,Product 64,Category 4,445.94
P055,Product 55,Category 10,215.67
P075,Product 75,Category 15,418.32
P015,Product 15,Category 15,366.97
P077,Product 77,Category 2,475.01
P059,Product 59,Category 14,348.66
P061,Product 61,Category 1,126.53
P024,Product 24,Category 9,73.05
P030,Product 30,Category 15,225.39
P023,Product 23,Category 8,444.27
P014,Product 14,Category 14,159.28
P075,Product 75,Category 15,418.32
P039,Product 39,Category 9,489.97
P061,Product 61,Category 1,126.53
P026,Product 26,Category 11,474.87
P078,Product 78,Category 3,382.56
P010,Product 10,Category 10,293.01
P077,Product 77,Category 2,475.01
P043,Product 43,Category 13,374.4
P045,Product 45,Category 15,189.29
P024,Product 24,Category 9,73.05
P081,Product 81,Category 6,112.74
P064,Product 64,Category 4,445.94
P088,Product 88,Category 13,289.01
P087,Product 87,Category 12,230.44
P032,Product 32,Category 2,246.16
P046,Product 46,Category 1,42.09
P063,Product 63,Category 3,307.88
P071,Product 71,Category 11,289.19
P020,Product 20,Category 5,261.28
P036,Product 36,Category 6,93.48
P030,Product 30,Category 15,225.39
P089,Product 89,Category 14,220.92
P091,Product 91,Category 1,338.65
P059,Product 59,Category 14,348.66
P022,Product 22,Category 7,474.2
P062,Product 62,Category 2,167.7
P035,Product 35,Category 5,149.03
P007,Product 7,Category 7,451.77
P036,Product 36,Category 6,93.48
P098,Product 98,Category 8,335.46
P072,Product 72,Category 12,27.53
P055,Product 55,Category 10,215.67
P033,Product 33,Category 3,392.37
P004,Product 4,Category 4,446.21
P011,Product 11,Category 11,48.35
P011,Product 11,Category 11,48.35
P036,Product 36,Category 6,93.48
P093,Product 93,Category 3,53.85
P010,Product 10,Category 10,293.01
P032,Product 32,Category 2,246.16
P039,Product 39,Category 9,489.97
P093,Product 93,Category 3,53.85
P014,Product 14,Category 14,159.28
P017,Product 17,Category 2,373.36
P044,Product 44,Category 14,37.1
P070,Product 70,Category 10,231.01
P014,Product 14,Category 14,159.28
P013,Product 13,Category 13,47.04
P099,Product 99,Category 9,154.71
P089,Product 89,Category 14,220.92
P004,Product 4,Category 4,446.21
P050,Product 50,Category 5,464.52
P061,Product 61,Category 1,126.53
P022,Product 22,Category 7,474.2
P053,Product 53,Category 8,434.3
P033,Product 33,Category 3,392.37
P034,Product 34,Category 4,389.34
P049,Product 49,Category 4,491.59
P076,Product 76,Category 1,21.06
P047,Product 47,Category 2,198.11
P020,Product 20,Category 5,261.28
P033,Product 33,Category 3,392.37
P029,Product 29,Category 14,260.21
P081,Product 81,Category 6,112.74
P055,Product 55,Category 10,215.67
P041,Product 41,Category 11,267.12
P007,Product 7,Category 7,451.77
P048,Product 48,Category 3,392.2
P085,Product 85,Category 10,456.11
P013,Product 13,Category 13,47.04
P087,Product 87,Category 12,230.44
P026,Product 26,Category 11,474.87
P070,Product 70,Category 10,231.01
P099,Product 99,Category 9,154.71
P012,Product 12,Category 12,453.15
P054,Product 54,Category 9,12.91
P034,Product 34,Category 4,389.34
P019,Product 19,Category 4,20.62
P089,Product 89,Category 14,220.92
P023,Product 23,Category 8,444.27
P020,Product 20,Category 5,261.28
P043,Product 43,Category 13,374.4
P078,Product 78,Category 3,382.56
P037,Product 37,Category 7,329.5
P089,Product 89,Category 14,220.92
P060,Product 60,Category 15,197.8
P072,Product 72,Category 12,27.53
P055,Product 55,Category 10,215.67
P039,Product 39,Category 9,489.97
P010,Product 10,Category 10,293.01
P070,Product 70,Category 10,231.01
P034,Product 34,Category 4,389.34
P052,Product 52,Category 7,409.71
P071,Product 71,Category 11,289.19
P067,Product 67,Category 7,245.24
P044,Product 44,Category 14,37.1
P004,Product 4,Category 4,446.21
P099,Product 99,Category 9,154.71
P089,Product 89,Category 14,220.92
P016,Product 16,Category 1,29.92
P052,Product 52,Category 7,409.71
P100,Product 100,Category 10,118.57
P015,Product 15,Category 15,366.97
P050,Product 50,Category 5,464.52
P094,Product 94,Category 4,65.36
P073,Product 73,Category 13,98.73
P040,Product 40,Category 10,456.29
P071,Product 71,Category 11,289.19
P057,Product 57,Category 12,310.13
P047,Product 47,Category 2,198.11
P001,Product 1,Category 1,254.75
P058,Product 58,Category 13,201.63
P044,Product 44,Category 14,37.1
P009,Product 9,Category 9,154.35
P095,Product 95,Category 5,177.16
P017,Product 17,Category 2,373.36
P059,Product 59,Category 14,348.66
P009,Product 9,Category 9,154.35
P070,Product 70,Category 10,231.01
P036,Product 36,Category 6,93.48
P020,Product 20,Category 5,261.28
P008,Product 8,Category 8,252.32
P002,Product 2,Category 2,181.44
P085,Product 85,Category 10,456.11
P090,Product 90,Category 15,299.19
P012,Product 12,Category 12,453.15
P097,Product 97,Category 7,226.37
P060,Product 60,Category 15,197.8
P006,Product 6,Category 6,65.37
P034,Product 34,Category 4,389.34
P026,Product 26,Category 11,474.87
P015,Product 15,Category 15,366.97
P072,Product 72,Category 12,27.53
P029,Product 29,Category 14,260.21
P099,Product 99,Category 9,154.71
P042,Product 42,Category 12,416.99
P029,Product 29,Category 14,260.21
P020,Product 20,Category 5,261.28
P088,Product 88,Category 13,289.01
P085,Product 85,Category 10,456.11
P028,Product 28,Category 13,186.78
P055,Product 55,Category 10,215.67
P038,Product 38,Category 8,30.8
P004,Product 4,Category 4,446.21
P014,Product 14,Category 14,159.28
P026,Product 26,Category 11,474.87
P071,Product 71,Category 11,289.19
P054,Product 54,Category 9,12.91
P064,Product 64,Category 4,445.94
P094,Product 94,Category 4,65.36
P059,Product 59,Category 14,348.66
P037,Product 37,Category 7,329.5
P087,Product 87,Category 12,230.44
P025,Product 25,Category 10,34.77
P081,Product 81,Category 6,112.74
P098,Product 98,Category 8,335.46
P031,Product 31,Category 1,69.9
P067,Product 67,Category 7,245.24
P003,Product 3,Category 3,436.22
P073,Product 73,Category 13,98.73
P097,Product 97,Category 7,226.37
P038,Product 38,Category 8,30.8
P082,Product 82,Category 7,387.7
P087,Product 87,Category 12,230.44
P006,Product 6,Category 6,65.37
P057,Product 57,Category 12,310.13
P070,Product 70,Category 10,231.01
P032,Product 32,Category 2,246.16
P009,Product 9,Category 9,154.35
P003,Product 3,Category 3,436.22
P095,Product 95,Category 5,177.16
P043,Product 43,Category 13,374.4
P004,Product 4,Category 4,446.21
P091,Product 91,Category 1,338.65
P023,Product 23,Category 8,444.27
P092,Product 92,Category 2,134.34
P010,Product 10,Category 10,293.01
P004,Product 4,Category 4,446.21
P061,Product 61,Category 1,126.53
P016,Product 16,Category 1,29.92
P019,Product 19,Category 4,20.62
P027,Product 27,Category 12,273.37
P039,Product 39,Category 9,489.97
P087,Product 87,Category 12,230.44
P080,Product 80,Category 5,322.73
P016,Product 16,Category 1,29.92
P016,Product 16,Category 1,29.92
P029,Product 29,Category 14,260.21
P050,Product 50,Category 5,464.52
P054,Product 54,Category 9,12.91
P067,Product 67,Category 7,245.24
P090,Product 90,Category 15,299.19
P033,Product 33,Category 3,392.37
P091,Product 91,Category 1,338.65
P014,Product 14,Category 14,159.28
P019,Product 19,Category 4,20.62
P055,Product 55,Category 10,215.67
P042,Product 42,Category 12,416.99
P059,Product 59,Category 14,348.66
P052,Product 52,Category 7,409.71
P025,Product 25,Category 10,34.77
P063,Product 63,Category 3,307.88
P012,Product 12,Category 12,453.15
P021,Product 21,Category 6,126.09
P064,Product 64,Category 4,445.94
P085,Product 85,Category 10,456.11
P079,Product 79,Category 4,47.04
P020,Product 20,Category 5,261.28
P100,Product 100,Category 10,118.57
P055,Product 55,Category 10,215.67
P081,Product 81,Category 6,112.74
P060,Product 60,Category 15,197.8
P032,Product 32,Category 2,246.16
P091,Product 91,Category 1,338.65
P092,Product 92,Category 2,134.34
P042,Product 42,Category 12,416.99
P062,Product 62,Category 2,167.7
P007,Product 7,Category 7,451.77
P069,Product 69,Category 9,386.3
P003,Product 3,Category 3,436.22
P078,Product 78,Category 3,382.56
P002,Product 2,Category 2,181.44
P066,Product 66,Category 6,79.06
P073,Product 73,Category 13,98.73
P007,Product 7,Category 7,451.77
P099,Product 99,Category 9,154.71
P058,Product 58,Category 13,201.63
P019,Product 19,Category 4,20.62
P081,Product 81,Category 6,112.74
P061,Product 61,Category 1,126.53
P006,Product 6,Category 6,65.37
P033,Product 33,Category 3,392.37
P003,Product 3,Category 3,436.22
P026,Product 26,Category 11,474.87
P085,Product 85,Category 10,456.11
P033,Product 33,Category 3,392.37
P045,Product 45,Category 15,189.29
P058,Product 58,Category 13,201.63
P076,Product 76,Category 1,21.06
P081,Product 81,Category 6,112.74
P094,Product 94,Category 4,65.36
P041,Product 41,Category 11,267.12
P021,Product 21,Category 6,126.09
P030,Product 30,Category 15,225.39
P011,Product 11,Category 11,48.35
P023,Product 23,Category 8,444.27
P065,Product 65,Category 5,194.4
P008,Product 8,Category 8,252.32
P010,Product 10,Category 10,293.01
P052,Product 52,Category 7,409.71
P020,Product 20,Category 5,261.28
P074,Product 74,Category 14,291.07
P058,Product 58,Category 13,201.63
P046,Product 46,Category 1,42.09
P055,Product 55,Category 10,215.67
P089,Product 89,Category 14,220.92
P048,Product 48,Category 3,392.2
P085,Product 85,Category 10,456.11
P059,Product 59,Category 14,348.66
P043,Product 43,Category 13,374.4
P012,Product 12,Category 12,453.15
P030,Product 30,Category 15,225.39
P007,Product 7,Category 7,451.77
P007,Product 7,Category 7,451.77
P099,Product 99,Category 9,154.71
P067,Product 67,Category 7,245.24
P097,Product 97,Category 7,226.37
P093,Product 93,Category 3,53.85
P003,Product 3,Category 3,436.22
P065,Product 65,Category 5,194.4
P055,Product 55,Category 10,215.67
P008,Product 8,Category 8,252.32
P092,Product 92,Category 2,134.34
P034,Product 34,Category 4,389.34
P085,Product 85,Category 10,456.11
P072,Product 72,Category 12,27.53
P023,Product 23,Category 8,444.27
P015,Product 15,Category 15,366.97
P002,Product 2,Category 2,181.44
P066,Product 66,Category 6,79.06
P068,Product 68,Category 8,366.31
P030,Product 30,Category 15,225.39
P006,Product 6,Category 6,65.37
P083,Product 83,Category 8,465.48
P002,Product 2,Category 2,181.44
P005,Product 5,Category 5,86.73
P008,Product 8,Category 8,252.32
P009,Product 9,Category 9,154.35
P095,Product 95,Category 5,177.16
P002,Product 2,Category 2,181.44
P041,Product 41,Category 11,267.12
P083,Product 83,Category 8,465.48
P048,Product 48,Category 3,392.2
P045,Product 45,Category 15,189.29
P064,Product 64,Category 4,445.94
P096,Product 96,Category 6,437.68
P031,Product 31,Category 1,69.9
P053,Product 53,Category 8,434.3
P076,Product 76,Category 1,21.06
P091,Product 91,Category 1,338.65
P075,Product 75,Category 15,418.32
P006,Product 6,Category 6,65.37
P025,Product 25,Category 10,34.77
P078,Product 78,Category 3,382.56
P006,Product 6,Category 6,65.37
P100,Product 100,Category 10,118.57
P053,Product 53,Category 8,434.3
P022,Product 22,Category 7,474.2
P020,Product 20,Category 5,261.28
P054,Product 54,Category 9,12.91
P031,Product 31,Category 1,69.9
P078,Product 78,Category 3,382.56
P037,Product 37,Category 7,329.5
P048,Product 48,Category 3,392.2
P065,Product 65,Category 5,194.4
P098,Product 98,Category 8,335.46
P090,Product 90,Category 15,299.19
P059,Product 59,Category 14,348.66
P056,Product 56,Category 11,261.99
P060,Product 60,Category 15,197.8
P086,Product 86,Category 11,371.95
P036,Product 36,Category 6,93.48
P049,Product 49,Category 4,491.59
P051,Product 51,Category 6,16.21
P037,Product 37,Category 7,329.5
P070,Product 70,Category 10,231.01
P100,Product 100,Category 10,118.57
P087,Product 87,Category 12,230.44
P073,Product 73,Category 13,98.73
P053,Product 53,Category 8,434.3
P005,Product 5,Category 5,86.73
P001,Product 1,Category 1,254.75
P010,Product 10,Category 10,293.01
P009,Product 9,Category 9,154.35
P078,Product 78,Category 3,382.56
P077,Product 77,Category 2,475.01
P056,Product 56,Category 11,261.99
P009,Product 9,Category 9,154.35
P095,Product 95,Category 5,177.16
P072,Product 72,Category 12,27.53
P063,Product 63,Category 3,307.88
P036,Product 36,Category 6,93.48
P061,Product 61,Category 1,126.53
P072,Product 72,Category 12,27.53
P032,Product 32,Category 2,246.16
P016,Product 16,Category 1,29.92
P020,Product 20,Category 5,261.28
P018,Product 18,Category 3,218.78
P076,Product 76,Category 1,21.06
P030,Product 30,Category 15,225.39
P029,Product 29,Category 14,260.21
P049,Product 49,Category 4,491.59
P013,Product 13,Category 13,47.04
P027,Product 27,Category 12,273.37
P044,Product 44,Category 14,37.1
P045,Product 45,Category 15,189.29
P031,Product 31,Category 1,69.9
P094,Product 94,Category 4,65.36
P047,Product 47,Category 2,198.11
P086,Product 86,Category 11,371.95
P006,Product 6,Category 6,65.37
P014,Product 14,Category 14,159.28
P076,Product 76,Category 1,21.06
P016,Product 16,Category 1,29.92
P051,Product 51,Category 6,16.21
P065,Product 65,Category 5,194.4
P040,Product 40,Category 10,456.29
P073,Product 73,Category 13,98.73
P039,Product 39,Category 9,489.97
P004,Product 4,Category 4,446.21
P040,Product 40,Category 10,456.29
P098,Product 98,Category 8,335.46
P033,Product 33,Category 3,392.37
P045,Product 45,Category 15,189.29
P055,Product 55,Category 10,215.67
P073,Product 73,Category 13,98.73
P023,Product 23,Category 8,444.27
P070,Product 70,Category 10,231.01
P024,Product 24,Category 9,73.05
P087,Product 87,Category 12,230.44
P066,Product 66,Category 6,79.06
P041,Product 41,Category 11,267.12
P034,Product 34,Category 4,389.34
P004,Product 4,Category 4,446.21
P012,Product 12,Category 12,453.15
P010,Product 10,Category 10,293.01
P021,Product 21,Category 6,126.09
P079,Product 79,Category 4,47.04
P093,Product 93,Category 3,53.85
P021,Product 21,Category 6,126.09
P062,Product 62,Category 2,167.7
P050,Product 50,Category 5,464.52
P057,Product 57,Category 12,310.13
P021,Product 21,Category 6,126.09
P039,Product 39,Category 9,489.97
P015,Product 15,Category 15,366.97
P097,Product 97,Category 7,226.37
P056,Product 56,Category 11,261.99
P029,Product 29,Category 14,260.21
P052,Product 52,Category 7,409.71
P054,Product 54,Category 9,12.91
P010,Product 10,Category 10,293.01
P064,Product 64,Category 4,445.94
P005,Product 5,Category 5,86.73
P074,Product 74,Category 14,291.07
P054,Product 54,Category 9,12.91
P051,Product 51,Category 6,16.21
P019,Product 19,Category 4,20.62
P055,Product 55,Category 10,215.67
P042,Product 42,Category 12,416.99
P028,Product 28,Category 13,186.78
P042,Product 42,Category 12,416.99
P059,Product 59,Category 14,348.66
P015,Product 15,Category 15,366.97
P084,Product 84,Category 9,410.58
P050,Product 50,Category 5,464.52
P037,Product 37,Category 7,329.5
P097,Product 97,Category 7,226.37
P078,Product 78,Category 3,382.56
P054,Product 54,Category 9,12.91
P091,Product 91,Category 1,338.65
P059,Product 59,Category 14,348.66
P003,Product 3,Category 3,436.22
P087,Product 87,Category 12,230.44
P026,Product 26,Category 11,474.87
P042,Product 42,Category 12,416.99
P035,Product 35,Category 5,149.03
P066,Product 66,Category 6,79.06
P047,Product 47,Category 2,198.11
P069,Product 69,Category 9,386.3
P069,Product 69,Category 9,386.3
P030,Product 30,Category 15,225.39
P076,Product 76,Category 1,21.06
P075,Product 75,Category 15,418.32
P077,Product 77,Category 2,475.01
P069,Product 69,Category 9,386.3
P025,Product 25,Category 10,34.77
P014,Product 14,Category 14,159.28
P045,Product 45,Category 15,189.29
P029,Product 29,Category 14,260.21
P042,Product 42,Category 12,416.99
P056,Product 56,Category 11,261.99
P010,Product 10,Category 10,293.01
P060,Product 60,Category 15,197.8
P078,Product 78,Category 3,382.56
P045,Product 45,Category 15,189.29
P046,Product 46,Category 1,42.09
P044,Product 44,Category 14,37.1
P096,Product 96,Category 6,437.68
P006,Product 6,Category 6,65.37
P060,Product 60,Category 15,197.8
P096,Product 96,Category 6,437.68
P081,Product 81,Category 6,112.74
P020,Product 20,Category 5,261.28
P075,Product 75,Category 15,418.32
P010,Product 10,Category 10,293.01
P071,Product 71,Category 11,289.19
P014,Product 14,Category 14,159.28
P088,Product 88,Category 13,289.01
P022,Product 22,Category 7,474.2
P076,Product 76,Category 1,21.06
P026,Product 26,Category 11,474.87
P070,Product 70,Category 10,231.01
P066,Product 66,Category 6,79.06
P024,Product 24,Category 9,73.05
P089,Product 89,Category 14,220.92
P023,Product 23,Category 8,444.27
P065,Product 65,Category 5,194.4
P075,Product 75,Category 15,418.32
P088,Product 88,Category 13,289.01
P079,Product 79,Category 4,47.04
P090,Product 90,Category 15,299.19
P024,Product 24,Category 9,73.05
P042,Product 42,Category 12,416.99
P078,Product 78,Category 3,382.56
P023,Product 23,Category 8,444.27
P069,Product 69,Category 9,386.3
P048,Product 48,Category 3,392.2
P060,Product 60,Category 15,197.8
P060,Product 60,Category 15,197.8
P075,Product 75,Category 15,418.32
P003,Product 3,Category 3,436.22
P087,Product 87,Category 12,230.44
P075,Product 75,Category 15,418.32
P090,Product 90,Category 15,299.19
P024,Product 24,Category 9,73.05
P069,Product 69,Category 9,386.3
P056,Product 56,Category 11,261.99
P095,Product 95,Category 5,177.16
P015,Product 15,Category 15,366.97
P051,Product 51,Category 6,16.21
P096,Product 96,Category 6,437.68
P003,Product 3,Category 3,436.22
P030,Product 30,Category 15,225.39
P072,Product 72,Category 12,27.53
P083,Product 83,Category 8,465.48
P020,Product 20,Category 5,261.28
P054,Product 54,Category 9,12.91
P071,Product 71,Category 11,289.19
P002,Product 2,Category 2,181.44
P030,Product 30,Category 15,225.39
P006,Product 6,Category 6,65.37
P068,Product 68,Category 8,366.31
P098,Product 98,Category 8,335.46
P005,Product 5,Category 5,86.73
P087,Product 87,Category 12,230.44
P074,Product 74,Category 14,291.07
P003,Product 3,Category 3,436.22
P079,Product 79,Category 4,47.04
P070,Product 70,Category 10,231.01
P071,Product 71,Category 11,289.19
P056,Product 56,Category 11,261.99
P005,Product 5,Category 5,86.73
P036,Product 36,Category 6,93.48
P075,Product 75,Category 15,418.32
P063,Product 63,Category 3,307.88
P090,Product 90,Category 15,299.19
P066,Product 66,Category 6,79.06
P059,Product 59,Category 14,348.66
P093,Product 93,Category 3,53.85
P069,Product 69,Category 9,386.3
P087,Product 87,Category 12,230.44
P006,Product 6,Category 6,65.37
P006,Product 6,Category 6,65.37
P034,Product 34,Category 4,389.34
P063,Product 63,Category 3,307.88
P065,Product 65,Category 5,194.4
P011,Product 11,Category 11,48.35
P075,Product 75,Category 15,418.32
P057,Product 57,Category 12,310.13
P002,Product 2,Category 2,181.44
P063,Product 63,Category 3,307.88
P035,Product 35,Category 5,149.03
P099,Product 99,Category 9,154.71
P032,Product 32,Category 2,246.16
P001,Product 1,Category 1,254.75
P099,Product 99,Category 9,154.71
P051,Product 51,Category 6,16.21
P001,Product 1,Category 1,254.75
P027,Product 27,Category 12,273.37
P067,Product 67,Category 7,245.24
P072,Product 72,Category 12,27.53
P018,Product 18,Category 3,218.78
P065,Product 65,Category 5,194.4
P091,Product 91,Category 1,338.65
P092,Product 92,Category 2,134.34
P040,Product 40,Category 10,456.29
P024,Product 24,Category 9,73.05
P098,Product 98,Category 8,335.46
P023,Product 23,Category 8,444.27
P066,Product 66,Category 6,79.06
P052,Product 52,Category 7,409.71
P098,Product 98,Category 8,335.46
P019,Product 19,Category 4,20.62
P055,Product 55,Category 10,215.67
P041,Product 41,Category 11,267.12
P013,Product 13,Category 13,47.04
P041,Product 41,Category 11,267.12
P083,Product 83,Category 8,465.48
P030,Product 30,Category 15,225.39
P011,Product 11,Category 11,48.35
P035,Product 35,Category 5,149.03
P018,Product 18,Category 3,218.78
P044,Product 44,Category 14,37.1
P096,Product 96,Category 6,437.68
P090,Product 90,Category 15,299.19
P096,Product 96,Category 6,437.68
P057,Product 57,Category 12,310.13
P097,Product 97,Category 7,226.37
P034,Product 34,Category 4,389.34
P089,Product 89,Category 14,220.92
P100,Product 100,Category 10,118.57
P003,Product 3,Category 3,436.22
P090,Product 90,Category 15,299.19
P036,Product 36,Category 6,93.48
P054,Product 54,Category 9,12.91
P074,Product 74,Category 14,291.07
P047,Product 47,Category 2,198.11
P071,Product 71,Category 11,289.19
P062,Product 62,Category 2,167.7
P031,Product 31,Category 1,69.9
P019,Product 19,Category 4,20.62
P077,Product 77,Category 2,475.01
P078,Product 78,Category 3,382.56
P022,Product 22,Category 7,474.2
P030,Product 30,Category 15,225.39
P002,Product 2,Category 2,181.44
P022,Product 22,Category 7,474.2
P067,Product 67,Category 7,245.24
P040,Product 40,Category 10,456.29
P062,Product 62,Category 2,167.7
P038,Product 38,Category 8,30.8
P033,Product 33,Category 3,392.37
P013,Product 13,Category 13,47.04
P046,Product 46,Category 1,42.09
P052,Product 52,Category 7,409.71
P061,Product 61,Category 1,126.53
P013,Product 13,Category 13,47.04
P054,Product 54,Category 9,12.91
P071,Product 71,Category 11,289.19
P020,Product 20,Category 5,261.28
P062,Product 62,Category 2,167.7
P086,Product 86,Category 11,371.95
P051,Product 51,Category 6,16.21
P065,Product 65,Category 5,194.4
P068,Product 68,Category 8,366.31
P028,Product 28,Category 13,186.78
P050,Product 50,Category 5,464.52
P061,Product 61,Category 1,126.53
P015,Product 15,Category 15,366.97
P088,Product 88,Category 13,289.01
P050,Product 50,Category 5,464.52
P004,Product 4,Category 4,446.21
P060,Product 60,Category 15,197.8
P074,Product 74,Category 14,291.07
P058,Product 58,Category 13,201.63
P048,Product 48,Category 3,392.2
P008,Product 8,Category 8,252.32
P096,Product 96,Category 6,437.68
P055,Product 55,Category 10,215.67
P064,Product 64,Category 4,445.94
P084,Product 84,Category 9,410.58
P089,Product 89,Category 14,220.92
P093,Product 93,Category 3,53.85
P019,Product 19,Category 4,20.62
P017,Product 17,Category 2,373.36
P021,Product 21,Category 6,126.09
P072,Product 72,Category 12,27.53
P011,Product 11,Category 11,48.35
P062,Product 62,Category 2,167.7
P080,Product 80,Category 5,322.73
P080,Product 80,Category 5,322.73
P041,Product 41,Category 11,267.12
P037,Product 37,Category 7,329.5
P092,Product 92,Category 2,134.34
P074,Product 74,Category 14,291.07
P047,Product 47,Category 2,198.11
P042,Product 42,Category 12,416.99
P089,Product 89,Category 14,220.92
P018,Product 18,Category 3,218.78
P061,Product 61,Category 1,126.53
P027,Product 27,Category 12,273.37
P001,Product 1,Category 1,254.75
P029,Product 29,Category 14,260.21
P001,Product 1,Category 1,254.75
P005,Product 5,Category 5,86.73
P050,Product 50,Category 5,464.52
P079,Product 79,Category 4,47.04
P044,Product 44,Category 14,37.1
P064,Product 64,Category 4,445.94
P100,Product 100,Category 10,118.57
P053,Product 53,Category 8,434.3
P045,Product 45,Category 15,189.29
P063,Product 63,Category 3,307.88
P004,Product 4,Category 4,446.21
P057,Product 57,Category 12,310.13
P048,Product 48,Category 3,392.2
P006,Product 6,Category 6,65.37
P022,Product 22,Category 7,474.2
P033,Product 33,Category 3,392.37
P042,Product 42,Category 12,416.99
P073,Product 73,Category 13,98.73
P079,Product 79,Category 4,47.04
P083,Product 83,Category 8,465.48
P049,Product 49,Category 4,491.59
P082,Product 82,Category 7,387.7
P061,Product 61,Category 1,126.53
P057,Product 57,Category 12,310.13
P076,Product 76,Category 1,21.06
P029,Product 29,Category 14,260.21
P024,Product 24,Category 9,73.05
P002,Product 2,Category 2,181.44
P061,Product 61,Category 1,126.53
P056,Product 56,Category 11,261.99
P025,Product 25,Category 10,34.77
P025,Product 25,Category 10,34.77
P093,Product 93,Category 3,53.85
P013,Product 13,Category 13,47.04
P042,Product 42,Category 12,416.99
P061,Product 61,Category 1,126.53
P084,Product 84,Category 9,410.58
P034,Product 34,Category 4,389.34
P070,Product 70,Category 10,231.01
P054,Product 54,Category 9,12.91
P045,Product 45,Category 15,189.29
P076,Product 76,Category 1,21.06
P014,Product 14,Category 14,159.28
P073,Product 73,Category 13,98.73
P089,Product 89,Category 14,220.92
P098,Product 98,Category 8,335.46
P001,Product 1,Category 1,254.75
P039,Product 39,Category 9,489.97
P021,Product 21,Category 6,126.09
P011,Product 11,Category 11,48.35
P076,Product 76,Category 1,21.06
P002,Product 2,Category 2,181.44
P065,Product 65,Category 5,194.4
P097,Product 97,Category 7,226.37
P009,Product 9,Category 9,154.35
P021,Product 21,Category 6,126.09
P043,Product 43,Category 13,374.4
P074,Product 74,Category 14,291.07
P069,Product 69,Category 9,386.3
P070,Product 70,Category 10,231.01
P075,Product 75,Category 15,418.32
P084,Product 84,Category 9,410.58
P035,Product 35,Category 5,149.03
P024,Product 24,Category 9,73.05
P016,Product 16,Category 1,29.92
P073,Product 73,Category 13,98.73
P025,Product 25,Category 10,34.77
P050,Product 50,Category 5,464.52
P009,Product 9,Category 9,154.35
P040,Product 40,Category 10,456.29
P054,Product 54,Category 9,12.91
P075,Product 75,Category 15,418.32
P034,Product 34,Category 4,389.34
P015,Product 15,Category 15,366.97
P021,Product 21,Category 6,126.09
P024,Product 24,Category 9,73.05
P063,Product 63,Category 3,307.88
P036,Product 36,Category 6,93.48
P026,Product 26,Category 11,474.87
P100,Product 100,Category 10,118.57
P042,Product 42,Category 12,416.99
P037,Product 37,Category 7,329.5
P089,Product 89,Category 14,220.92
P081,Product 81,Category 6,112.74
P061,Product 61,Category 1,126.53
P065,Product 65,Category 5,194.4
P097,Product 97,Category 7,226.37
P096,Product 96,Category 6,437.68
P063,Product 63,Category 3,307.88
P037,Product 37,Category 7,329.5
P044,Product 44,Category 14,37.1
P084,Product 84,Category 9,410.58
P018,Product 18,Category 3,218.78
P088,Product 88,Category 13,289.01
P084,Product 84,Category 9,410.58
P082,Product 82,Category 7,387.7
P034,Product 34,Category 4,389.34
P001,Product 1,Category 1,254.75
P046,Product 46,Category 1,42.09
P088,Product 88,Category 13,289.01
P048,Product 48,Category 3,392.2
P078,Product 78,Category 3,382.56
P023,Product 23,Category 8,444.27
P085,Product 85,Category 10,456.11
P083,Product 83,Category 8,465.48
P085,Product 85,Category 10,456.11
P029,Product 29,Category 14,260.21
P017,Product 17,Category 2,373.36
P016,Product 16,Category 1,29.92
P085,Product 85,Category 10,456.11
P073,Product 73,Category 13,98.73
P066,Product 66,Category 6,79.06
P073,Product 73,Category 13,98.73
P052,Product 52,Category 7,409.71
P037,Product 37,Category 7,329.5
P086,Product 86,Category 11,371.95
P046,Product 46,Category 1,42.09
P071,Product 71,Category 11,289.19
P071,Product 71,Category 11,289.19
P059,Product 59,Category 14,348.66
P020,Product 20,Category 5,261.28
P046,Product 46,Category 1,42.09
P016,Product 16,Category 1,29.92
P007,Product 7,Category 7,451.77
P026,Product 26,Category 11,474.87
P005,Product 5,Category 5,86.73
P062,Product 62,Category 2,167.7
P046,Product 46,Category 1,42.09
P054,Product 54,Category 9,12.91
P006,Product 6,Category 6,65.37
P008,Product 8,Category 8,252.32
P047,Product 47,Category 2,198.11
P066,Product 66,Category 6,79.06
P042,Product 42,Category 12,416.99
P037,Product 37,Category 7,329.5
P096,Product 96,Category 6,437.68
P015,Product 15,Category 15,366.97
P072,Product 72,Category 12,27.53
P063,Product 63,Category 3,307.88
P029,Product 29,Category 14,260.21
P032,Product 32,Category 2,246.16
P095,Product 95,Category 5,177.16
P021,Product 21,Category 6,126.09
P050,Product 50,Category 5,464.52
P021,Product 21,Category 6,126.09
P061,Product 61,Category 1,126.53
P099,Product 99,Category 9,154.71
P049,Product 49,Category 4,491.59
P060,Product 60,Category 15,197.8
P028,Product 28,Category 13,186.78
P002,Product 2,Category 2,181.44
P047,Product 47,Category 2,198.11
P035,Product 35,Category 5,149.03
P025,Product 25,Category 10,34.77
P043,Product 43,Category 13,374.4
P059,Product 59,Category 14,348.66
P013,Product 13,Category 13,47.04
P098,Product 98,Category 8,335.46
P095,Product 95,Category 5,177.16
P033,Product 33,Category 3,392.37
P052,Product 52,Category 7,409.71
P035,Product 35,Category 5,149.03
P047,Product 47,Category 2,198.11
P002,Product 2,Category 2,181.44
P014,Product 14,Category 14,159.28
P064,Product 64,Category 4,445.94
P044,Product 44,Category 14,37.1
P053,Product 53,Category 8,434.3
P077,Product 77,Category 2,475.01
P006,Product 6,Category 6,65.37
P058,Product 58,Category 13,201.63
P039,Product 39,Category 9,489.97
P081,Product 81,Category 6,112.74
P005,Product 5,Category 5,86.73
P044,Product 44,Category 14,37.1
P015,Product 15,Category 15,366.97
P007,Product 7,Category 7,451.77
P031,Product 31,Category 1,69.9
P031,Product 31,Category 1,69.9
P026,Product 26,Category 11,474.87
P059,Product 59,Category 14,348.66
P005,Product 5,Category 5,86.73
P090,Product 90,Category 15,299.19
P011,Product 11,Category 11,48.35
P092,Product 92,Category 2,134.34
P083,Product 83,Category 8,465.48
P030,Product 30,Category 15,225.39
P018,Product 18,Category 3,218.78
P006,Product 6,Category 6,65.37
P048,Product 48,Category 3,392.2
P006,Product 6,Category 6,65.37
P066,Product 66,Category 6,79.06
P053,Product 53,Category 8,434.3
P013,Product 13,Category 13,47.04
P007,Product 7,Category 7,451.77
P052,Product 52,Category 7,409.71
P018,Product 18,Category 3,218.78
P025,Product 25,Category 10,34.77
P044,Product 44,Category 14,37.1
P001,Product 1,Category 1,254.75
P071,Product 71,Category 11,289.19
P088,Product 88,Category 13,289.01
P040,Product 40,Category 10,456.29
P042,Product 42,Category 12,416.99
P071,Product 71,Category 11,289.19
P091,Product 91,Category 1,338.65
P038,Product 38,Category 8,30.8
P092,Product 92,Category 2,134.34
P066,Product 66,Category 6,79.06
P044,Product 44,Category 14,37.1
P001,Product 1,Category 1,254.75
P093,Product 93,Category 3,53.85
P064,Product 64,Category 4,445.94
P068,Product 68,Category 8,366.31
P100,Product 100,Category 10,118.57
P084,Product 84,Category 9,410.58
P051,Product 51,Category 6,16.21
P026,Product 26,Category 11,474.87
P017,Product 17,Category 2,373.36
P048,Product 48,Category 3,392.2
P074,Product 74,Category 14,291.07
P026,Product 26,Category 11,474.87
P078,Product 78,Category 3,382.56
P036,Product 36,Category 6,93.48
P048,Product 48,Category 3,392.2
P056,Product 56,Category 11,261.99
P095,Product 95,Category 5,177.16
P057,Product 57,Category 12,310.13
P019,Product 19,Category 4,20.62
P069,Product 69,Category 9,386.3
P045,Product 45,Category 15,189.29
P013,Product 13,Category 13,47.04
P039,Product 39,Category 9,489.97
P011,Product 11,Category 11,48.35
P021,Product 21,Category 6,126.09
P033,Product 33,Category 3,392.37
P080,Product 80,Category 5,322.73
P026,Product 26,Category 11,474.87
P077,Product 77,Category 2,475.01
P043,Product 43,Category 13,374.4
P046,Product 46,Category 1,42.09
P093,Product 93,Category 3,53.85
P056,Product 56,Category 11,261.99
P081,Product 81,Category 6,112.74
P082,Product 82,Category 7,387.7
P066,Product 66,Category 6,79.06
P084,Product 84,Category 9,410.58
P019,Product 19,Category 4,20.62
P086,Product 86,Category 11,371.95
P097,Product 97,Category 7,226.37
P011,Product 11,Category 11,48.35
P063,Product 63,Category 3,307.88
P073,Product 73,Category 13,98.73
P081,Product 81,Category 6,112.74
P100,Product 100,Category 10,118.57
P076,Product 76,Category 1,21.06
P060,Product 60,Category 15,197.8
P058,Product 58,Category 13,201.63
P036,Product 36,Category 6,93.48
P080,Product 80,Category 5,322.73
P065,Product 65,Category 5,194.4
P060,Product 60,Category 15,197.8
P099,Product 99,Category 9,154.71
P039,Product 39,Category 9,489.97
P078,Product 78,Category 3,382.56
P007,Product 7,Category 7,451.77
P015,Product 15,Category 15,366.97
P049,Product 49,Category 4,491.59
P084,Product 84,Category 9,410.58
P012,Product 12,Category 12,453.15
P057,Product 57,Category 12,310.13
P072,Product 72,Category 12,27.53
P091,Product 91,Category 1,338.65
P069,Product 69,Category 9,386.3
P100,Product 100,Category 10,118.57
P098,Product 98,Category 8,335.46
P048,Product 48,Category 3,392.2
P066,Product 66,Category 6,79.06
P036,Product 36,Category 6,93.48
P056,Product 56,Category 11,261.99
P013,Product 13,Category 13,47.04
P007,Product 7,Category 7,451.77
P023,Product 23,Category 8,444.27
P021,Product 21,Category 6,126.09
P072,Product 72,Category 12,27.53
P067,Product 67,Category 7,245.24
P074,Product 74,Category 14,291.07
P023,Product 23,Category 8,444.27
P041,Product 41,Category 11,267.12
P099,Product 99,Category 9,154.71
P097,Product 97,Category 7,226.37
P021,Product 21,Category 6,126.09
P038,Product 38,Category 8,30.8
P005,Product 5,Category 5,86.73
P052,Product 52,Category 7,409.71
P089,Product 89,Category 14,220.92
P051,Product 51,Category 6,16.21
P022,Product 22,Category 7,474.2
P001,Product 1,Category 1,254.75
P041,Product 41,Category 11,267.12
P095,Product 95,Category 5,177.16
P007,Product 7,Category 7,451.77
P065,Product 65,Category 5,194.4
P085,Product 85,Category 10,456.11
P092,Product 92,Category 2,134.34
P098,Product 98,Category 8,335.46
P015,Product 15,Category 15,366.97
P099,Product 99,Category 9,154.71
P056,Product 56,Category 11,261.99
P006,Product 6,Category 6,65.37
P001,Product 1,Category 1,254.75
P033,Product 33,Category 3,392.37
P017,Product 17,Category 2,373.36
P066,Product 66,Category 6,79.06
P069,Product 69,Category 9,386.3
P089,Product 89,Category 14,220.92
P013,Product 13,Category 13,47.04
P089,Product 89,Category 14,220.92
P091,Product 91,Category 1,338.65
P068,Product 68,Category 8,366.31
P051,Product 51,Category 6,16.21
P086,Product 86,Category 11,371.95
P054,Product 54,Category 9,12.91
P081,Product 81,Category 6,112.74
P075,Product 75,Category 15,418.32
P024,Product 24,Category 9,73.05
P015,Product 15,Category 15,366.97
P009,Product 9,Category 9,154.35
P080,Product 80,Category 5,322.73
P075,Product 75,Category 15,418.32
P060,Product 60,Category 15,197.8
P087,Product 87,Category 12,230.44
P027,Product 27,Category 12,273.37
P015,Product 15,Category 15,366.97
P011,Product 11,Category 11,48.35
P007,Product 7,Category 7,451.77
P014,Product 14,Category 14,159.28
P011,Product 11,Category 11,48.35
P008,Product 8,Category 8,252.32
P079,Product 79,Category 4,47.04
P008,Product 8,Category 8,252.32
P064,Product 64,Category 4,445.94
P038,Product 38,Category 8,30.8
P056,Product 56,Category 11,261.99
P047,Product 47,Category 2,198.11
P069,Product 69,Category 9,386.3
P076,Product 76,Category 1,21.06
P078,Product 78,Category 3,382.56
P061,Product 61,Category 1,126.53
P083,Product 83,Category 8,465.48
P081,Product 81,Category 6,112.74
P064,Product 64,Category 4,445.94
P083,Product 83,Category 8,465.48
P096,Product 96,Category 6,437.68
P059,Product 59,Category 14,348.66
P022,Product 22,Category 7,474.2
P048,Product 48,Category 3,392.2
P075,Product 75,Category 15,418.32
P099,Product 99,Category 9,154.71
P092,Product 92,Category 2,134.34
P096,Product 96,Category 6,437.68
P076,Product 76,Category 1,21.06
P058,Product 58,Category 13,201.63
P061,Product 61,Category 1,126.53
P033,Product 33,Category 3,392.37
P026,Product 26,Category 11,474.87
P061,Product 61,Category 1,126.53
P063,Product 63,Category 3,307.88
P079,Product 79,Category 4,47.04
P001,Product 1,Category 1,254.75
P056,Product 56,Category 11,261.99
P071,Product 71,Category 11,289.19
P008,Product 8,Category 8,252.32
P016,Product 16,Category 1,29.92
P058,Product 58,Category 13,201.63
P026,Product 26,Category 11,474.87
P066,Product 66,Category 6,79.06
P070,Product 70,Category 10,231.01
P093,Product 93,Category 3,53.85
P020,Product 20,Category 5,261.28
P088,Product 88,Category 13,289.01
P068,Product 68,Category 8,366.31
P083,Product 83,Category 8,465.48
P053,Product 53,Category 8,434.3
P014,Product 14,Category 14,159.28
P026,Product 26,Category 11,474.87
P078,Product 78,Category 3,382.56
P096,Product 96,Category 6,437.68
P099,Product 99,Category 9,154.71
P062,Product 62,Category 2,167.7
P042,Product 42,Category 12,416.99
P018,Product 18,Category 3,218.78
P028,Product 28,Category 13,186.78
P094,Product 94,Category 4,65.36
P079,Product 79,Category 4,47.04
P050,Product 50,Category 5,464.52
P010,Product 10,Category 10,293.01
P043,Product 43,Category 13,374.4
P021,Product 21,Category 6,126.09
P095,Product 95,Category 5,177.16
P045,Product 45,Category 15,189.29
P082,Product 82,Category 7,387.7
P085,Product 85,Category 10,456.11
P093,Product 93,Category 3,53.85
P025,Product 25,Category 10,34.77
P089,Product 89,Category 14,220.92
P015,Product 15,Category 15,366.97
P084,Product 84,Category 9,410.58
P023,Product 23,Category 8,444.27
P059,Product 59,Category 14,348.66
P048,Product 48,Category 3,392.2
P043,Product 43,Category 13,374.4
P079,Product 79,Category 4,47.04
P094,Product 94,Category 4,65.36
P096,Product 96,Category 6,437.68
P050,Product 50,Category 5,464.52
P020,Product 20,Category 5,261.28
P059,Product 59,Category 14,348.66
P093,Product 93,Category 3,53.85
P087,Product 87,Category 12,230.44
P017,Product 17,Category 2,373.36
P007,Product 7,Category 7,451.77
P049,Product 49,Category 4,491.59
P018,Product 18,Category 3,218.78
P024,Product 24,Category 9,73.05
P024,Product 24,Category 9,73.05
P071,Product 71,Category 11,289.19
P086,Product 86,Category 11,371.95
P080,Product 80,Category 5,322.73
P039,Product 39,Category 9,489.97
P081,Product 81,Category 6,112.74
P087,Product 87,Category 12,230.44
P050,Product 50,Category 5,464.52
P012,Product 12,Category 12,453.15
P069,Product 69,Category 9,386.3
P066,Product 66,Category 6,79.06
P045,Product 45,Category 15,189.29
P027,Product 27,Category 12,273.37
P053,Product 53,Category 8,434.3
P045,Product 45,Category 15,189.29
P082,Product 82,Category 7,387.7
P088,Product 88,Category 13,289.01
P025,Product 25,Category 10,34.77
P036,Product 36,Category 6,93.48
P033,Product 33,Category 3,392.37
P039,Product 39,Category 9,489.97
P053,Product 53,Category 8,434.3
P042,Product 42,Category 12,416.99
P044,Product 44,Category 14,37.1
P047,Product 47,Category 2,198.11
P054,Product 54,Category 9,12.91
P044,Product 44,Category 14,37.1
P092,Product 92,Category 2,134.34
P072,Product 72,Category 12,27.53
P046,Product 46,Category 1,42.09
P027,Product 27,Category 12,273.37
P092,Product 92,Category 2,134.34
P010,Product 10,Category 10,293.01
P071,Product 71,Category 11,289.19
P049,Product 49,Category 4,491.59
P014,Product 14,Category 14,159.28
P081,Product 81,Category 6,112.74
P033,Product 33,Category 3,392.37
P017,Product 17,Category 2,373.36
P028,Product 28,Category 13,186.78
P066,Product 66,Category 6,79.06
P015,Product 15,Category 15,366.97
P016,Product 16,Category 1,29.92
P038,Product 38,Category 8,30.8
P037,Product 37,Category 7,329.5
P010,Product 10,Category 10,293.01
P027,Product 27,Category 12,273.37
P072,Product 72,Category 12,27.53
P037,Product 37,Category 7,329.5
P006,Product 6,Category 6,65.37
P064,Product 64,Category 4,445.94
P039,Product 39,Category 9,489.97
P017,Product 17,Category 2,373.36
P078,Product 78,Category 3,382.56
P035,Product 35,Category 5,149.03
P026,Product 26,Category 11,474.87
P023,Product 23,Category 8,444.27
P010,Product 10,Category 10,293.01
P068,Product 68,Category 8,366.31
P073,Product 73,Category 13,98.73
P073,Product 73,Category 13,98.73
P097,Product 97,Category 7,226.37
P066,Product 66,Category 6,79.06
P077,Product 77,Category 2,475.01
P032,Product 32,Category 2,246.16
P040,Product 40,Category 10,456.29
P018,Product 18,Category 3,218.78
P007,Product 7,Category 7,451.77
P058,Product 58,Category 13,201.63
P057,Product 57,Category 12,310.13
P082,Product 82,Category 7,387.7
P072,Product 72,Category 12,27.53
P091,Product 91,Category 1,338.65
P025,Product 25,Category 10,34.77
P053,Product 53,Category 8,434.3
P083,Product 83,Category 8,465.48
P017,Product 17,Category 2,373.36
P016,Product 16,Category 1,29.92
P091,Product 91,Category 1,338.65
P061,Product 61,Category 1,126.53
P006,Product 6,Category 6,65.37
P006,Product 6,Category 6,65.37
P023,Product 23,Category 8,444.27
P092,Product 92,Category 2,134.34
P017,Product 17,Category 2,373.36
P077,Product 77,Category 2,475.01
P078,Product 78,Category 3,382.56
P060,Product 60,Category 15,197.8
P093,Product 93,Category 3,53.85
P077,Product 77,Category 2,475.01
P073,Product 73,Category 13,98.73
P022,Product 22,Category 7,474.2
P059,Product 59,Category 14,348.66
P054,Product 54,Category 9,12.91
P058,Product 58,Category 13,201.63
P089,Product 89,Category 14,220.92
P051,Product 51,Category 6,16.21
P064,Product 64,Category 4,445.94
P052,Product 52,Category 7,409.71
P006,Product 6,Category 6,65.37
P040,Product 40,Category 10,456.29
P077,Product 77,Category 2,475.01
P076,Product 76,Category 1,21.06
P081,Product 81,Category 6,112.74
P004,Product 4,Category 4,446.21
P090,Product 90,Category 15,299.19
P049,Product 49,Category 4,491.59
P083,Product 83,Category 8,465.48
P076,Product 76,Category 1,21.06
P012,Product 12,Category 12,453.15
P014,Product 14,Category 14,159.28
P055,Product 55,Category 10,215.67
P018,Product 18,Category 3,218.78
P091,Product 91,Category 1,338.65
P015,Product 15,Category 15,366.97
P041,Product 41,Category 11,267.12
P064,Product 64,Category 4,445.94
P056,Product 56,Category 11,261.99
P097,Product 97,Category 7,226.37
P071,Product 71,Category 11,289.19
P066,Product 66,Category 6,79.06
P075,Product 75,Category 15,418.32
P068,Product 68,Category 8,366.31
P018,Product 18,Category 3,218.78
P064,Product 64,Category 4,445.94
P072,Product 72,Category 12,27.53
P018,Product 18,Category 3,218.78
P013,Product 13,Category 13,47.04
P021,Product 21,Category 6,126.09
P095,Product 95,Category 5,177.16
P065,Product 65,Category 5,194.4
P056,Product 56,Category 11,261.99
P084,Product 84,Category 9,410.58
P071,Product 71,Category 11,289.19
P043,Product 43,Category 13,374.4
P045,Product 45,Category 15,189.29
P076,Product 76,Category 1,21.06
P053,Product 53,Category 8,434.3
P099,Product 99,Category 9,154.71
P063,Product 63,Category 3,307.88
P051,Product 51,Category 6,16.21
P095,Product 95,Category 5,177.16
P039,Product 39,Category 9,489.97
P049,Product 49,Category 4,491.59
P067,Product 67,Category 7,245.24
P075,Product 75,Category 15,418.32
P098,Product 98,Category 8,335.46
P058,Product 58,Category 13,201.63
P016,Product 16,Category 1,29.92
P072,Product 72,Category 12,27.53
P075,Product 75,Category 15,418.32
P032,Product 32,Category 2,246.16
P080,Product 80,Category 5,322.73
P053,Product 53,Category 8,434.3
P089,Product 89,Category 14,220.92
P088,Product 88,Category 13,289.01
P028,Product 28,Category 13,186.78
P012,Product 12,Category 12,453.15
P033,Product 33,Category 3,392.37
P081,Product 81,Category 6,112.74
P002,Product 2,Category 2,181.44
P019,Product 19,Category 4,20.62
P067,Product 67,Category 7,245.24
P069,Product 69,Category 9,386.3
P082,Product 82,Category 7,387.7
P049,Product 49,Category 4,491.59
P075,Product 75,Category 15,418.32
P042,Product 42,Category 12,416.99
P029,Product 29,Category 14,260.21
P039,Product 39,Category 9,489.97
P073,Product 73,Category 13,98.73
P049,Product 49,Category 4,491.59
P049,Product 49,Category 4,491.59
P088,Product 88,Category 13,289.01
P087,Product 87,Category 12,230.44
P061,Product 61,Category 1,126.53
P042,Product 42,Category 12,416.99
P028,Product 28,Category 13,186.78
P074,Product 74,Category 14,291.07
P094,Product 94,Category 4,65.36
P077,Product 77,Category 2,475.01
P035,Product 35,Category 5,149.03
P094,Product 94,Category 4,65.36
P063,Product 63,Category 3,307.88
P035,Product 35,Category 5,149.03
P021,Product 21,Category 6,126.09
P010,Product 10,Category 10,293.01
P013,Product 13,Category 13,47.04
P046,Product 46,Category 1,42.09
P026,Product 26,Category 11,474.87
P090,Product 90,Category 15,299.19
P064,Product 64,Category 4,445.94
P043,Product 43,Category 13,374.4
P075,Product 75,Category 15,418.32
P005,Product 5,Category 5,86.73
P016,Product 16,Category 1,29.92
P086,Product 86,Category 11,371.95
P071,Product 71,Category 11,289.19
P057,Product 57,Category 12,310.13
P054,Product 54,Category 9,12.91
P057,Product 57,Category 12,310.13
P096,Product 96,Category 6,437.68
P008,Product 8,Category 8,252.32
P088,Product 88,Category 13,289.01
P067,Product 67,Category 7,245.24
P068,Product 68,Category 8,366.31
P036,Product 36,Category 6,93.48
P031,Product 31,Category 1,69.9
P009,Product 9,Category 9,154.35
P093,Product 93,Category 3,53.85
P098,Product 98,Category 8,335.46
P030,Product 30,Category 15,225.39
P044,Product 44,Category 14,37.1
P043,Product 43,Category 13,374.4
P038,Product 38,Category 8,30.8
P052,Product 52,Category 7,409.71
P028,Product 28,Category 13,186.78
P075,Product 75,Category 15,418.32
P056,Product 56,Category 11,261.99
P047,Product 47,Category 2,198.11
P079,Product 79,Category 4,47.04
P080,Product 80,Category 5,322.73
P063,Product 63,Category 3,307.88
P084,Product 84,Category 9,410.58
P017,Product 17,Category 2,373.36
P025,Product 25,Category 10,34.77
P041,Product 41,Category 11,267.12
P005,Product 5,Category 5,86.73
P017,Product 17,Category 2,373.36
P015,Product 15,Category 15,366.97
P068,Product 68,Category 8,366.31
P011,Product 11,Category 11,48.35
P020,Product 20,Category 5,261.28
P055,Product 55,Category 10,215.67
P068,Product 68,Category 8,366.31
P084,Product 84,Category 9,410.58
P001,Product 1,Category 1,254.75
P008,Product 8,Category 8,252.32
P050,Product 50,Category 5,464.52
P095,Product 95,Category 5,177.16
P089,Product 89,Category 14,220.92
P050,Product 50,Category 5,464.52
P028,Product 28,Category 13,186.78
P050,Product 50,Category 5,464.52
P012,Product 12,Category 12,453.15
P076,Product 76,Category 1,21.06
P016,Product 16,Category 1,29.92
P015,Product 15,Category 15,366.97
P015,Product 15,Category 15,366.97
P053,Product 53,Category 8,434.3
P087,Product 87,Category 12,230.44
P061,Product 61,Category 1,126.53
P057,Product 57,Category 12,310.13
P049,Product 49,Category 4,491.59
P017,Product 17,Category 2,373.36
P076,Product 76,Category 1,21.06
P005,Product 5,Category 5,86.73
P072,Product 72,Category 12,27.53
P059,Product 59,Category 14,348.66
P076,Product 76,Category 1,21.06
P062,Product 62,Category 2,167.7
P046,Product 46,Category 1,42.09
P085,Product 85,Category 10,456.11
P036,Product 36,Category 6,93.48
P036,Product 36,Category 6,93.48
P080,Product 80,Category 5,322.73
P008,Product 8,Category 8,252.32
P006,Product 6,Category 6,65.37
P035,Product 35,Category 5,149.03
P079,Product 79,Category 4,47.04
P011,Product 11,Category 11,48.35
P097,Product 97,Category 7,226.37
P039,Product 39,Category 9,489.97
P019,Product 19,Category 4,20.62
P019,Product 19,Category 4,20.62
P072,Product 72,Category 12,27.53
P087,Product 87,Category 12,230.44
P031,Product 31,Category 1,69.9
P079,Product 79,Category 4,47.04
P041,Product 41,Category 11,267.12
P012,Product 12,Category 12,453.15
P030,Product 30,Category 15,225.39
P049,Product 49,Category 4,491.59
P003,Product 3,Category 3,436.22
P073,Product 73,Category 13,98.73
P078,Product 78,Category 3,382.56
P072,Product 72,Category 12,27.53
P088,Product 88,Category 13,289.01
P003,Product 3,Category 3,436.22
P077,Product 77,Category 2,475.01
P075,Product 75,Category 15,418.32
P029,Product 29,Category 14,260.21
P086,Product 86,Category 11,371.95
P083,Product 83,Category 8,465.48
P090,Product 90,Category 15,299.19
P092,Product 92,Category 2,134.34
P084,Product 84,Category 9,410.58
P044,Product 44,Category 14,37.1
P056,Product 56,Category 11,261.99
P089,Product 89,Category 14,220.92
P091,Product 91,Category 1,338.65
P052,Product 52,Category 7,409.71
P012,Product 12,Category 12,453.15
P013,Product 13,Category 13,47.04
P037,Product 37,Category 7,329.5
P065,Product 65,Category 5,194.4
P092,Product 92,Category 2,134.34
P087,Product 87,Category 12,230.44
P059,Product 59,Category 14,348.66
P096,Product 96,Category 6,437.68
P068,Product 68,Category 8,366.31
P095,Product 95,Category 5,177.16
P096,Product 96,Category 6,437.68
P032,Product 32,Category 2,246.16
P035,Product 35,Category 5,149.03
P074,Product 74,Category 14,291.07
P097,Product 97,Category 7,226.37
P016,Product 16,Category 1,29.92
P088,Product 88,Category 13,289.01
P095,Product 95,Category 5,177.16
P015,Product 15,Category 15,366.97
P063,Product 63,Category 3,307.88
P079,Product 79,Category 4,47.04
P015,Product 15,Category 15,366.97
P077,Product 77,Category 2,475.01
P081,Product 81,Category 6,112.74
P080,Product 80,Category 5,322.73
P099,Product 99,Category 9,154.71
P087,Product 87,Category 12,230.44
P018,Product 18,Category 3,218.78
P036,Product 36,Category 6,93.48
P014,Product 14,Category 14,159.28
P043,Product 43,Category 13,374.4
P100,Product 100,Category 10,118.57
P043,Product 43,Category 13,374.4
P011,Product 11,Category 11,48.35
P082,Product 82,Category 7,387.7
P032,Product 32,Category 2,246.16
P074,Product 74,Category 14,291.07
P017,Product 17,Category 2,373.36
P075,Product 75,Category 15,418.32
P094,Product 94,Category 4,65.36
P007,Product 7,Category 7,451.77
P061,Product 61,Category 1,126.53
P085,Product 85,Category 10,456.11
P016,Product 16,Category 1,29.92
P045,Product 45,Category 15,189.29
P087,Product 87,Category 12,230.44
P008,Product 8,Category 8,252.32
P087,Product 87,Category 12,230.44
P009,Product 9,Category 9,154.35
P087,Product 87,Category 12,230.44
P038,Product 38,Category 8,30.8
P044,Product 44,Category 14,37.1
P087,Product 87,Category 12,230.44
P024,Product 24,Category 9,73.05
P007,Product 7,Category 7,451.77
P005,Product 5,Category 5,86.73
P017,Product 17,Category 2,373.36
P071,Product 71,Category 11,289.19
P023,Product 23,Category 8,444.27
P045,Product 45,Category 15,189.29
P007,Product 7,Category 7,451.77
P074,Product 74,Category 14,291.07
P049,Product 49,Category 4,491.59
P013,Product 13,Category 13,47.04
P026,Product 26,Category 11,474.87
P058,Product 58,Category 13,201.63
P018,Product 18,Category 3,218.78
P046,Product 46,Category 1,42.09
P098,Product 98,Category 8,335.46
P066,Product 66,Category 6,79.06
P021,Product 21,Category 6,126.09
P075,Product 75,Category 15,418.32
P010,Product 10,Category 10,293.01
P005,Product 5,Category 5,86.73
P055,Product 55,Category 10,215.67
P050,Product 50,Category 5,464.52
P044,Product 44,Category 14,37.1
P064,Product 64,Category 4,445.94
P098,Product 98,Category 8,335.46
P078,Product 78,Category 3,382.56
P088,Product 88,Category 13,289.01
P001,Product 1,Category 1,254.75
P091,Product 91,Category 1,338.65
P029,Product 29,Category 14,260.21
P036,Product 36,Category 6,93.48
P088,Product 88,Category 13,289.01
P050,Product 50,Category 5,464.52
P008,Product 8,Category 8,252.32
P013,Product 13,Category 13,47.04
P074,Product 74,Category 14,291.07
P003,Product 3,Category 3,436.22
P023,Product 23,Category 8,444.27
P079,Product 79,Category 4,47.04
P031,Product 31,Category 1,69.9
P043,Product 43,Category 13,374.4
P087,Product 87,Category 12,230.44
P072,Product 72,Category 12,27.53
P092,Product 92,Category 2,134.34
P007,Product 7,Category 7,451.77
P040,Product 40,Category 10,456.29
P034,Product 34,Category 4,389.34
P021,Product 21,Category 6,126.09
P098,Product 98,Category 8,335.46
P065,Product 65,Category 5,194.4
P071,Product 71,Category 11,289.19
P084,Product 84,Category 9,410.58
P065,Product 65,Category 5,194.4
P077,Product 77,Category 2,475.01
P091,Product 91,Category 1,338.65
P074,Product 74,Category 14,291.07
P010,Product 10,Category 10,293.01
P090,Product 90,Category 15,299.19
P065,Product 65,Category 5,194.4
P090,Product 90,Category 15,299.19
P062,Product 62,Category 2,167.7
P062,Product 62,Category 2,167.7
P038,Product 38,Category 8,30.8
P074,Product 74,Category 14,291.07
P029,Product 29,Category 14,260.21
P050,Product 50,Category 5,464.52
P075,Product 75,Category 15,418.32
P011,Product 11,Category 11,48.35
P087,Product 87,Category 12,230.44
P056,Product 56,Category 11,261.99
P095,Product 95,Category 5,177.16
P083,Product 83,Category 8,465.48
P014,Product 14,Category 14,159.28
P023,Product 23,Category 8,444.27
P067,Product 67,Category 7,245.24
P053,Product 53,Category 8,434.3
P031,Product 31,Category 1,69.9
P098,Product 98,Category 8,335.46
P080,Product 80,Category 5,322.73
P062,Product 62,Category 2,167.7
P093,Product 93,Category 3,53.85
P056,Product 56,Category 11,261.99
P053,Product 53,Category 8,434.3
P006,Product 6,Category 6,65.37
P072,Product 72,Category 12,27.53
P070,Product 70,Category 10,231.01
P027,Product 27,Category 12,273.37
P067,Product 67,Category 7,245.24
P072,Product 72,Category 12,27.53
P019,Product 19,Category 4,20.62
P039,Product 39,Category 9,489.97
P092,Product 92,Category 2,134.34
P046,Product 46,Category 1,42.09
P071,Product 71,Category 11,289.19
P086,Product 86,Category 11,371.95
P089,Product 89,Category 14,220.92
P074,Product 74,Category 14,291.07
P050,Product 50,Category 5,464.52
P026,Product 26,Category 11,474.87
P073,Product 73,Category 13,98.73
P032,Product 32,Category 2,246.16
P083,Product 83,Category 8,465.48
P052,Product 52,Category 7,409.71
P083,Product 83,Category 8,465.48
P035,Product 35,Category 5,149.03
P095,Product 95,Category 5,177.16
P029,Product 29,Category 14,260.21
P099,Product 99,Category 9,154.71
P071,Product 71,Category 11,289.19
P038,Product 38,Category 8,30.8
P064,Product 64,Category 4,445.94
P007,Product 7,Category 7,451.77
P087,Product 87,Category 12,230.44
P025,Product 25,Category 10,34.77
P075,Product 75,Category 15,418.32
P019,Product 19,Category 4,20.62
P052,Product 52,Category 7,409.71
P080,Product 80,Category 5,322.73
P013,Product 13,Category 13,47.04
P045,Product 45,Category 15,189.29
P002,Product 2,Category 2,181.44
P066,Product 66,Category 6,79.06
P030,Product 30,Category 15,225.39
P023,Product 23,Category 8,444.27
P048,Product 48,Category 3,392.2
P095,Product 95,Category 5,177.16
P022,Product 22,Category 7,474.2
P063,Product 63,Category 3,307.88
P032,Product 32,Category 2,246.16
P071,Product 71,Category 11,289.19
P002,Product 2,Category 2,181.44
P071,Product 71,Category 11,289.19
P061,Product 61,Category 1,126.53
P093,Product 93,Category 3,53.85
P006,Product 6,Category 6,65.37
P093,Product 93,Category 3,53.85
P075,Product 75,Category 15,418.32
P039,Product 39,Category 9,489.97
P029,Product 29,Category 14,260.21
P049,Product 49,Category 4,491.59
P066,Product 66,Category 6,79.06
P049,Product 49,Category 4,491.59
P035,Product 35,Category 5,149.03
P077,Product 77,Category 2,475.01
P064,Product 64,Category 4,445.94
P067,Product 67,Category 7,245.24
P024,Product 24,Category 9,73.05
P029,Product 29,Category 14,260.21
P045,Product 45,Category 15,189.29
P024,Product 24,Category 9,73.05
P067,Product 67,Category 7,245.24
P066,Product 66,Category 6,79.06
P097,Product 97,Category 7,226.37
P024,Product 24,Category 9,73.05
P001,Product 1,Category 1,254.75
P061,Product 61,Category 1,126.53
P027,Product 27,Category 12,273.37
P018,Product 18,Category 3,218.78
P036,Product 36,Category 6,93.48
P035,Product 35,Category 5,149.03
P054,Product 54,Category 9,12.91
P098,Product 98,Category 8,335.46
P023,Product 23,Category 8,444.27
P011,Product 11,Category 11,48.35
P035,Product 35,Category 5,149.03
P010,Product 10,Category 10,293.01
P055,Product 55,Category 10,215.67
P009,Product 9,Category 9,154.35
P030,Product 30,Category 15,225.39
P067,Product 67,Category 7,245.24
P015,Product 15,Category 15,366.97
P021,Product 21,Category 6,126.09
P083,Product 83,Category 8,465.48
P032,Product 32,Category 2,246.16
P090,Product 90,Category 15,299.19
P013,Product 13,Category 13,47.04
P010,Product 10,Category 10,293.01
P095,Product 95,Category 5,177.16
P075,Product 75,Category 15,418.32
P047,Product 47,Category 2,198.11
P008,Product 8,Category 8,252.32
P021,Product 21,Category 6,126.09
P004,Product 4,Category 4,446.21
P040,Product 40,Category 10,456.29
P005,Product 5,Category 5,86.73
P045,Product 45,Category 15,189.29
P068,Product 68,Category 8,366.31
P086,Product 86,Category 11,371.95
P018,Product 18,Category 3,218.78
P026,Product 26,Category 11,474.87
P050,Product 50,Category 5,464.52
P019,Product 19,Category 4,20.62
P093,Product 93,Category 3,53.85
P034,Product 34,Category 4,389.34
P092,Product 92,Category 2,134.34
P051,Product 51,Category 6,16.21
P088,Product 88,Category 13,289.01
P023,Product 23,Category 8,444.27
P067,Product 67,Category 7,245.24
P077,Product 77,Category 2,475.01
P038,Product 38,Category 8,30.8
P089,Product 89,Category 14,220.92
P076,Product 76,Category 1,21.06
P098,Product 98,Category 8,335.46
P020,Product 20,Category 5,261.28
P056,Product 56,Category 11,261.99
P041,Product 41,Category 11,267.12
P065,Product 65,Category 5,194.4
P100,Product 100,Category 10,118.57
P045,Product 45,Category 15,189.29
P065,Product 65,Category 5,194.4
P098,Product 98,Category 8,335.46
P079,Product 79,Category 4,47.04
P034,Product 34,Category 4,389.34
P011,Product 11,Category 11,48.35
P027,Product 27,Category 12,273.37
P048,Product 48,Category 3,392.2
P014,Product 14,Category 14,159.28
P087,Product 87,Category 12,230.44
P085,Product 85,Category 10,456.11
P067,Product 67,Category 7,245.24
P091,Product 91,Category 1,338.65
P081,Product 81,Category 6,112.74
P015,Product 15,Category 15,366.97
P004,Product 4,Category 4,446.21
P098,Product 98,Category 8,335.46
P048,Product 48,Category 3,392.2
P056,Product 56,Category 11,261.99
P076,Product 76,Category 1,21.06
P023,Product 23,Category 8,444.27
P074,Product 74,Category 14,291.07
P076,Product 76,Category 1,21.06
P011,Product 11,Category 11,48.35
P031,Product 31,Category 1,69.9
P014,Product 14,Category 14,159.28
P018,Product 18,Category 3,218.78
P061,Product 61,Category 1,126.53
P055,Product 55,Category 10,215.67
P096,Product 96,Category 6,437.68
P079,Product 79,Category 4,47.04
P084,Product 84,Category 9,410.58
P043,Product 43,Category 13,374.4
P084,Product 84,Category 9,410.58
P029,Product 29,Category 14,260.21
P008,Product 8,Category 8,252.32
P088,Product 88,Category 13,289.01
P060,Product 60,Category 15,197.8
P098,Product 98,Category 8,335.46
P074,Product 74,Category 14,291.07
P006,Product 6,Category 6,65.37
P029,Product 29,Category 14,260.21
P056,Product 56,Category 11,261.99
P093,Product 93,Category 3,53.85
P065,Product 65,Category 5,194.4
P054,Product 54,Category 9,12.91
P024,Product 24,Category 9,73.05
P020,Product 20,Category 5,261.28
P022,Product 22,Category 7,474.2
P018,Product 18,Category 3,218.78
P025,Product 25,Category 10,34.77
P069,Product 69,Category 9,386.3
P006,Product 6,Category 6,65.37
P090,Product 90,Category 15,299.19
P099,Product 99,Category 9,154.71
P047,Product 47,Category 2,198.11
P064,Product 64,Category 4,445.94
P010,Product 10,Category 10,293.01
P066,Product 66,Category 6,79.06
P094,Product 94,Category 4,65.36
P084,Product 84,Category 9,410.58
P021,Product 21,Category 6,126.09
P020,Product 20,Category 5,261.28
P084,Product 84,Category 9,410.58
P028,Product 28,Category 13,186.78
P017,Product 17,Category 2,373.36
P056,Product 56,Category 11,261.99
P056,Product 56,Category 11,261.99
P009,Product 9,Category 9,154.35
P055,Product 55,Category 10,215.67
P084,Product 84,Category 9,410.58
P040,Product 40,Category 10,456.29
P044,Product 44,Category 14,37.1
P068,Product 68,Category 8,366.31
P082,Product 82,Category 7,387.7
P003,Product 3,Category 3,436.22
P053,Product 53,Category 8,434.3
P055,Product 55,Category 10,215.67
P075,Product 75,Category 15,418.32
P028,Product 28,Category 13,186.78
P019,Product 19,Category 4,20.62
P071,Product 71,Category 11,289.19
P058,Product 58,Category 13,201.63
P013,Product 13,Category 13,47.04
P027,Product 27,Category 12,273.37
P055,Product 55,Category 10,215.67
P005,Product 5,Category 5,86.73
P067,Product 67,Category 7,245.24
P047,Product 47,Category 2,198.11
P018,Product 18,Category 3,218.78
P001,Product 1,Category 1,254.75
P074,Product 74,Category 14,291.07
P046,Product 46,Category 1,42.09
P081,Product 81,Category 6,112.74
P030,Product 30,Category 15,225.39
P085,Product 85,Category 10,456.11
P052,Product 52,Category 7,409.71
P075,Product 75,Category 15,418.32
P039,Product 39,Category 9,489.97
P027,Product 27,Category 12,273.37
P011,Product 11,Category 11,48.35
P035,Product 35,Category 5,149.03
P008,Product 8,Category 8,252.32
P049,Product 49,Category 4,491.59
P001,Product 1,Category 1,254.75
P011,Product 11,Category 11,48.35
P047,Product 47,Category 2,198.11
P012,Product 12,Category 12,453.15
P065,Product 65,Category 5,194.4
P041,Product 41,Category 11,267.12
P002,Product 2,Category 2,181.44
P071,Product 71,Category 11,289.19
P077,Product 77,Category 2,475.01
P030,Product 30,Category 15,225.39
P039,Product 39,Category 9,489.97
P092,Product 92,Category 2,134.34
P024,Product 24,Category 9,73.05
P019,Product 19,Category 4,20.62
P063,Product 63,Category 3,307.88
P054,Product 54,Category 9,12.91
P057,Product 57,Category 12,310.13
P006,Product 6,Category 6,65.37
P009,Product 9,Category 9,154.35
P018,Product 18,Category 3,218.78
P016,Product 16,Category 1,29.92
P066,Product 66,Category 6,79.06
P075,Product 75,Category 15,418.32
P080,Product 80,Category 5,322.73
P096,Product 96,Category 6,437.68
P004,Product 4,Category 4,446.21
P098,Product 98,Category 8,335.46
P061,Product 61,Category 1,126.53
P089,Product 89,Category 14,220.92
P072,Product 72,Category 12,27.53
P061,Product 61,Category 1,126.53
P009,Product 9,Category 9,154.35
P062,Product 62,Category 2,167.7
P072,Product 72,Category 12,27.53
P017,Product 17,Category 2,373.36
P042,Product 42,Category 12,416.99
P085,Product 85,Category 10,456.11
P031,Product 31,Category 1,69.9
P011,Product 11,Category 11,48.35
P053,Product 53,Category 8,434.3
P090,Product 90,Category 15,299.19
P075,Product 75,Category 15,418.32
P091,Product 91,Category 1,338.65
P094,Product 94,Category 4,65.36
P094,Product 94,Category 4,65.36
P034,Product 34,Category 4,389.34
P009,Product 9,Category 9,154.35
P032,Product 32,Category 2,246.16
P086,Product 86,Category 11,371.95
P061,Product 61,Category 1,126.53
P015,Product 15,Category 15,366.97
P038,Product 38,Category 8,30.8
P030,Product 30,Category 15,225.39
P063,Product 63,Category 3,307.88
P094,Product 94,Category 4,65.36
P055,Product 55,Category 10,215.67
P070,Product 70,Category 10,231.01
P031,Product 31,Category 1,69.9
P007,Product 7,Category 7,451.77
P019,Product 19,Category 4,20.62
P063,Product 63,Category 3,307.88
P085,Product 85,Category 10,456.11
P007,Product 7,Category 7,451.77
P010,Product 10,Category 10,293.01
P073,Product 73,Category 13,98.73
P094,Product 94,Category 4,65.36
P089,Product 89,Category 14,220.92
P078,Product 78,Category 3,382.56
P057,Product 57,Category 12,310.13
P084,Product 84,Category 9,410.58
P006,Product 6,Category 6,65.37
P035,Product 35,Category 5,149.03
P003,Product 3,Category 3,436.22
P034,Product 34,Category 4,389.34
P050,Product 50,Category 5,464.52
P059,Product 59,Category 14,348.66
P084,Product 84,Category 9,410.58
P051,Product 51,Category 6,16.21
P057,Product 57,Category 12,310.13
P006,Product 6,Category 6,65.37
P010,Product 10,Category 10,293.01
P075,Product 75,Category 15,418.32
P057,Product 57,Category 12,310.13
P023,Product 23,Category 8,444.27
P060,Product 60,Category 15,197.8
P046,Product 46,Category 1,42.09
P074,Product 74,Category 14,291.07
P092,Product 92,Category 2,134.34
P042,Product 42,Category 12,416.99
P019,Product 19,Category 4,20.62
P047,Product 47,Category 2,198.11
P079,Product 79,Category 4,47.04
P082,Product 82,Category 7,387.7
P018,Product 18,Category 3,218.78
P050,Product 50,Category 5,464.52
P093,Product 93,Category 3,53.85
P024,Product 24,Category 9,73.05
P047,Product 47,Category 2,198.11
P016,Product 16,Category 1,29.92
P051,Product 51,Category 6,16.21
P007,Product 7,Category 7,451.77
P070,Product 70,Category 10,231.01
P084,Product 84,Category 9,410.58
P059,Product 59,Category 14,348.66
P004,Product 4,Category 4,446.21
P056,Product 56,Category 11,261.99
P055,Product 55,Category 10,215.67
P068,Product 68,Category 8,366.31
P097,Product 97,Category 7,226.37
P026,Product 26,Category 11,474.87
P086,Product 86,Category 11,371.95
P003,Product 3,Category 3,436.22
P041,Product 41,Category 11,267.12
P006,Product 6,Category 6,65.37
P023,Product 23,Category 8,444.27
P023,Product 23,Category 8,444.27
P040,Product 40,Category 10,456.29
P001,Product 1,Category 1,254.75
P059,Product 59,Category 14,348.66
P027,Product 27,Category 12,273.37
P075,Product 75,Category 15,418.32
P055,Product 55,Category 10,215.67
P058,Product 58,Category 13,201.63
P071,Product 71,Category 11,289.19
P022,Product 22,Category 7,474.2
P080,Product 80,Category 5,322.73
P068,Product 68,Category 8,366.31
P061,Product 61,Category 1,126.53
P088,Product 88,Category 13,289.01
P013,Product 13,Category 13,47.04
P085,Product 85,Category 10,456.11
P060,Product 60,Category 15,197.8
P096,Product 96,Category 6,437.68
P046,Product 46,Category 1,42.09
P095,Product 95,Category 5,177.16
P070,Product 70,Category 10,231.01
P012,Product 12,Category 12,453.15
P043,Product 43,Category 13,374.4
P014,Product 14,Category 14,159.28
P036,Product 36,Category 6,93.48
P078,Product 78,Category 3,382.56
P029,Product 29,Category 14,260.21
P001,Product 1,Category 1,254.75
P014,Product 14,Category 14,159.28
P035,Product 35,Category 5,149.03
P026,Product 26,Category 11,474.87
P031,Product 31,Category 1,69.9
P044,Product 44,Category 14,37.1
P057,Product 57,Category 12,310.13
P030,Product 30,Category 15,225.39
P033,Product 33,Category 3,392.37
P057,Product 57,Category 12,310.13
P072,Product 72,Category 12,27.53
P022,Product 22,Category 7,474.2
P039,Product 39,Category 9,489.97
P060,Product 60,Category 15,197.8
P018,Product 18,Category 3,218.78
P094,Product 94,Category 4,65.36
P054,Product 54,Category 9,12.91
P066,Product 66,Category 6,79.06
P053,Product 53,Category 8,434.3
P080,Product 80,Category 5,322.73
P020,Product 20,Category 5,261.28
P087,Product 87,Category 12,230.44
P083,Product 83,Category 8,465.48
P035,Product 35,Category 5,149.03
P071,Product 71,Category 11,289.19
P081,Product 81,Category 6,112.74
P029,Product 29,Category 14,260.21
P037,Product 37,Category 7,329.5
P065,Product 65,Category 5,194.4
P032,Product 32,Category 2,246.16
P027,Product 27,Category 12,273.37
P096,Product 96,Category 6,437.68
P098,Product 98,Category 8,335.46
P073,Product 73,Category 13,98.73
P027,Product 27,Category 12,273.37
P006,Product 6,Category 6,65.37
P008,Product 8,Category 8,252.32
P050,Product 50,Category 5,464.52
P004,Product 4,Category 4,446.21
P003,Product 3,Category 3,436.22
P037,Product 37,Category 7,329.5
P062,Product 62,Category 2,167.7
P006,Product 6,Category 6,65.37
P054,Product 54,Category 9,12.91
P001,Product 1,Category 1,254.75
P063,Product 63,Category 3,307.88
P009,Product 9,Category 9,154.35
P008,Product 8,Category 8,252.32
P057,Product 57,Category 12,310.13
P013,Product 13,Category 13,47.04
P032,Product 32,Category 2,246.16
P066,Product 66,Category 6,79.06
P060,Product 60,Category 15,197.8
P062,Product 62,Category 2,167.7
P074,Product 74,Category 14,291.07
P047,Product 47,Category 2,198.11
P097,Product 97,Category 7,226.37
P032,Product 32,Category 2,246.16
P028,Product 28,Category 13,186.78
P005,Product 5,Category 5,86.73
P006,Product 6,Category 6,65.37
P057,Product 57,Category 12,310.13
P099,Product 99,Category 9,154.71
P088,Product 88,Category 13,289.01
P033,Product 33,Category 3,392.37
P046,Product 46,Category 1,42.09
P057,Product 57,Category 12,310.13
P022,Product 22,Category 7,474.2
P080,Product 80,Category 5,322.73
P046,Product 46,Category 1,42.09
P048,Product 48,Category 3,392.2
P018,Product 18,Category 3,218.78
P062,Product 62,Category 2,167.7
P005,Product 5,Category 5,86.73
P047,Product 47,Category 2,198.11
P080,Product 80,Category 5,322.73
P058,Product 58,Category 13,201.63
P047,Product 47,Category 2,198.11
P090,Product 90,Category 15,299.19
P086,Product 86,Category 11,371.95
P075,Product 75,Category 15,418.32
P093,Product 93,Category 3,53.85
P057,Product 57,Category 12,310.13
P069,Product 69,Category 9,386.3
P080,Product 80,Category 5,322.73
P041,Product 41,Category 11,267.12
P055,Product 55,Category 10,215.67
P053,Product 53,Category 8,434.3
P045,Product 45,Category 15,189.29
P040,Product 40,Category 10,456.29
P036,Product 36,Category 6,93.48
P003,Product 3,Category 3,436.22
P036,Product 36,Category 6,93.48
P028,Product 28,Category 13,186.78
P074,Product 74,Category 14,291.07
P031,Product 31,Category 1,69.9
P075,Product 75,Category 15,418.32
P025,Product 25,Category 10,34.77
P034,Product 34,Category 4,389.34
P084,Product 84,Category 9,410.58
P003,Product 3,Category 3,436.22
P027,Product 27,Category 12,273.37
P012,Product 12,Category 12,453.15
P034,Product 34,Category 4,389.34
P034,Product 34,Category 4,389.34
P042,Product 42,Category 12,416.99
P007,Product 7,Category 7,451.77
P100,Product 100,Category 10,118.57
P070,Product 70,Category 10,231.01
P041,Product 41,Category 11,267.12
P059,Product 59,Category 14,348.66
P003,Product 3,Category 3,436.22
P069,Product 69,Category 9,386.3
P081,Product 81,Category 6,112.74
P100,Product 100,Category 10,118.57
P021,Product 21,Category 6,126.09
P084,Product 84,Category 9,410.58
P083,Product 83,Category 8,465.48
P072,Product 72,Category 12,27.53
P005,Product 5,Category 5,86.73
P035,Product 35,Category 5,149.03
P048,Product 48,Category 3,392.2
P055,Product 55,Category 10,215.67
P048,Product 48,Category 3,392.2
P011,Product 11,Category 11,48.35
P095,Product 95,Category 5,177.16
P100,Product 100,Category 10,118.57
P027,Product 27,Category 12,273.37
P096,Product 96,Category 6,437.68
P042,Product 42,Category 12,416.99
P098,Product 98,Category 8,335.46
P029,Product 29,Category 14,260.21
P062,Product 62,Category 2,167.7
P019,Product 19,Category 4,20.62
P087,Product 87,Category 12,230.44
P085,Product 85,Category 10,456.11
P019,Product 19,Category 4,20.62
P028,Product 28,Category 13,186.78
P100,Product 100,Category 10,118.57
P052,Product 52,Category 7,409.71
P036,Product 36,Category 6,93.48
P071,Product 71,Category 11,289.19
P078,Product 78,Category 3,382.56
P027,Product 27,Category 12,273.37
P055,Product 55,Category 10,215.67
P040,Product 40,Category 10,456.29
P037,Product 37,Category 7,329.5
P088,Product 88,Category 13,289.01
P070,Product 70,Category 10,231.01
P042,Product 42,Category 12,416.99
P100,Product 100,Category 10,118.57
P001,Product 1,Category 1,254.75
P082,Product 82,Category 7,387.7
P042,Product 42,Category 12,416.99
P026,Product 26,Category 11,474.87
P091,Product 91,Category 1,338.65
P084,Product 84,Category 9,410.58
P027,Product 27,Category 12,273.37
P064,Product 64,Category 4,445.94
P053,Product 53,Category 8,434.3
P097,Product 97,Category 7,226.37
P097,Product 97,Category 7,226.37
P064,Product 64,Category 4,445.94
P099,Product 99,Category 9,154.71
P098,Product 98,Category 8,335.46
P008,Product 8,Category 8,252.32
P019,Product 19,Category 4,20.62
P049,Product 49,Category 4,491.59
P003,Product 3,Category 3,436.22
P079,Product 79,Category 4,47.04
P063,Product 63,Category 3,307.88
P007,Product 7,Category 7,451.77
P021,Product 21,Category 6,126.09
P030,Product 30,Category 15,225.39
P042,Product 42,Category 12,416.99
P001,Product 1,Category 1,254.75
P097,Product 97,Category 7,226.37
P036,Product 36,Category 6,93.48
P067,Product 67,Category 7,245.24
P093,Product 93,Category 3,53.85
P015,Product 15,Category 15,366.97
P011,Product 11,Category 11,48.35
P012,Product 12,Category 12,453.15
P003,Product 3,Category 3,436.22
P024,Product 24,Category 9,73.05
P092,Product 92,Category 2,134.34
P074,Product 74,Category 14,291.07
P100,Product 100,Category 10,118.57
P035,Product 35,Category 5,149.03
P030,Product 30,Category 15,225.39
P048,Product 48,Category 3,392.2
P079,Product 79,Category 4,47.04
P047,Product 47,Category 2,198.11
P024,Product 24,Category 9,73.05
P037,Product 37,Category 7,329.5
P050,Product 50,Category 5,464.52
P068,Product 68,Category 8,366.31
P015,Product 15,Category 15,366.97
P038,Product 38,Category 8,30.8
P034,Product 34,Category 4,389.34
P006,Product 6,Category 6,65.37
P058,Product 58,Category 13,201.63
P090,Product 90,Category 15,299.19
P078,Product 78,Category 3,382.56
P078,Product 78,Category 3,382.56
P014,Product 14,Category 14,159.28
P071,Product 71,Category 11,289.19
P097,Product 97,Category 7,226.37
P077,Product 77,Category 2,475.01
P082,Product 82,Category 7,387.7
P022,Product 22,Category 7,474.2
P004,Product 4,Category 4,446.21
P093,Product 93,Category 3,53.85
P021,Product 21,Category 6,126.09
P071,Product 71,Category 11,289.19
P006,Product 6,Category 6,65.37
P069,Product 69,Category 9,386.3
P062,Product 62,Category 2,167.7
P025,Product 25,Category 10,34.77
P088,Product 88,Category 13,289.01
P090,Product 90,Category 15,299.19
P033,Product 33,Category 3,392.37
P070,Product 70,Category 10,231.01
P033,Product 33,Category 3,392.37
P090,Product 90,Category 15,299.19
P084,Product 84,Category 9,410.58
P038,Product 38,Category 8,30.8
P020,Product 20,Category 5,261.28
P074,Product 74,Category 14,291.07
P045,Product 45,Category 15,189.29
P045,Product 45,Category 15,189.29
P001,Product 1,Category 1,254.75
P100,Product 100,Category 10,118.57
P014,Product 14,Category 14,159.28
P033,Product 33,Category 3,392.37
P026,Product 26,Category 11,474.87
P045,Product 45,Category 15,189.29
P071,Product 71,Category 11,289.19
P090,Product 90,Category 15,299.19
P043,Product 43,Category 13,374.4
P096,Product 96,Category 6,437.68
P088,Product 88,Category 13,289.01
P083,Product 83,Category 8,465.48
P093,Product 93,Category 3,53.85
P005,Product 5,Category 5,86.73
P016,Product 16,Category 1,29.92
P010,Product 10,Category 10,293.01
P079,Product 79,Category 4,47.04
P008,Product 8,Category 8,252.32
P044,Product 44,Category 14,37.1
P011,Product 11,Category 11,48.35
P018,Product 18,Category 3,218.78
P062,Product 62,Category 2,167.7
P070,Product 70,Category 10,231.01
P039,Product 39,Category 9,489.97
P061,Product 61,Category 1,126.53
P091,Product 91,Category 1,338.65
P081,Product 81,Category 6,112.74
P068,Product 68,Category 8,366.31
P022,Product 22,Category 7,474.2
P069,Product 69,Category 9,386.3
P052,Product 52,Category 7,409.71
P069,Product 69,Category 9,386.3
P056,Product 56,Category 11,261.99
P086,Product 86,Category 11,371.95
P024,Product 24,Category 9,73.05
P052,Product 52,Category 7,409.71
P071,Product 71,Category 11,289.19
P003,Product 3,Category 3,436.22
P067,Product 67,Category 7,245.24
P044,Product 44,Category 14,37.1
P005,Product 5,Category 5,86.73
P011,Product 11,Category 11,48.35
P074,Product 74,Category 14,291.07
P100,Product 100,Category 10,118.57
P074,Product 74,Category 14,291.07
P060,Product 60,Category 15,197.8
P048,Product 48,Category 3,392.2
P019,Product 19,Category 4,20.62
P054,Product 54,Category 9,12.91
P094,Product 94,Category 4,65.36
P037,Product 37,Category 7,329.5
P055,Product 55,Category 10,215.67
P029,Product 29,Category 14,260.21
P072,Product 72,Category 12,27.53
P028,Product 28,Category 13,186.78
P006,Product 6,Category 6,65.37
P082,Product 82,Category 7,387.7
P055,Product 55,Category 10,215.67
P008,Product 8,Category 8,252.32
P022,Product 22,Category 7,474.2
P076,Product 76,Category 1,21.06
P076,Product 76,Category 1,21.06
P016,Product 16,Category 1,29.92
P071,Product 71,Category 11,289.19
P035,Product 35,Category 5,149.03
P064,Product 64,Category 4,445.94
P015,Product 15,Category 15,366.97
P070,Product 70,Category 10,231.01
P086,Product 86,Category 11,371.95
P090,Product 90,Category 15,299.19
P080,Product 80,Category 5,322.73
P020,Product 20,Category 5,261.28
P088,Product 88,Category 13,289.01
P022,Product 22,Category 7,474.2
P014,Product 14,Category 14,159.28
P094,Product 94,Category 4,65.36
P077,Product 77,Category 2,475.01
P060,Product 60,Category 15,197.8
P087,Product 87,Category 12,230.44
P090,Product 90,Category 15,299.19
P045,Product 45,Category 15,189.29
P091,Product 91,Category 1,338.65
P007,Product 7,Category 7,451.77
P015,Product 15,Category 15,366.97
P027,Product 27,Category 12,273.37
P093,Product 93,Category 3,53.85
P091,Product 91,Category 1,338.65
P094,Product 94,Category 4,65.36
P029,Product 29,Category 14,260.21
P038,Product 38,Category 8,30.8
P009,Product 9,Category 9,154.35
P013,Product 13,Category 13,47.04
P057,Product 57,Category 12,310.13
P016,Product 16,Category 1,29.92
P089,Product 89,Category 14,220.92
P078,Product 78,Category 3,382.56
P061,Product 61,Category 1,126.53
P011,Product 11,Category 11,48.35
P049,Product 49,Category 4,491.59
P100,Product 100,Category 10,118.57
P063,Product 63,Category 3,307.88
P037,Product 37,Category 7,329.5
P092,Product 92,Category 2,134.34
P024,Product 24,Category 9,73.05
P033,Product 33,Category 3,392.37
P033,Product 33,Category 3,392.37
P037,Product 37,Category 7,329.5
P044,Product 44,Category 14,37.1
P095,Product 95,Category 5,177.16
P031,Product 31,Category 1,69.9
P004,Product 4,Category 4,446.21
P067,Product 67,Category 7,245.24
P029,Product 29,Category 14,260.21
P053,Product 53,Category 8,434.3
P011,Product 11,Category 11,48.35
P007,Product 7,Category 7,451.77
P028,Product 28,Category 13,186.78
P067,Product 67,Category 7,245.24
P074,Product 74,Category 14,291.07
P036,Product 36,Category 6,93.48
P072,Product 72,Category 12,27.53
P099,Product 99,Category 9,154.71
P068,Product 68,Category 8,366.31
P001,Product 1,Category 1,254.75
P035,Product 35,Category 5,149.03
P088,Product 88,Category 13,289.01
P008,Product 8,Category 8,252.32
P012,Product 12,Category 12,453.15
P081,Product 81,Category 6,112.74
P056,Product 56,Category 11,261.99
P057,Product 57,Category 12,310.13
P041,Product 41,Category 11,267.12
P090,Product 90,Category 15,299.19
P046,Product 46,Category 1,42.09
P023,Product 23,Category 8,444.27
P031,Product 31,Category 1,69.9
P097,Product 97,Category 7,226.37
P076,Product 76,Category 1,21.06
P030,Product 30,Category 15,225.39
P079,Product 79,Category 4,47.04
P079,Product 79,Category 4,47.04
P052,Product 52,Category 7,409.71
P056,Product 56,Category 11,261.99
P082,Product 82,Category 7,387.7
P016,Product 16,Category 1,29.92
P094,Product 94,Category 4,65.36
P044,Product 44,Category 14,37.1
P007,Product 7,Category 7,451.77
P015,Product 15,Category 15,366.97
P044,Product 44,Category 14,37.1
P085,Product 85,Category 10,456.11
P046,Product 46,Category 1,42.09
P065,Product 65,Category 5,194.4
P014,Product 14,Category 14,159.28
P018,Product 18,Category 3,218.78
P037,Product 37,Category 7,329.5
P092,Product 92,Category 2,134.34
P034,Product 34,Category 4,389.34
P072,Product 72,Category 12,27.53
P064,Product 64,Category 4,445.94
P024,Product 24,Category 9,73.05
P057,Product 57,Category 12,310.13
P034,Product 34,Category 4,389.34
P035,Product 35,Category 5,149.03
P079,Product 79,Category 4,47.04
P094,Product 94,Category 4,65.36
P032,Product 32,Category 2,246.16
P059,Product 59,Category 14,348.66
P069,Product 69,Category 9,386.3
P058,Product 58,Category 13,201.63
P086,Product 86,Category 11,371.95
P015,Product 15,Category 15,366.97
P039,Product 39,Category 9,489.97
P055,Product 55,Category 10,215.67
P097,Product 97,Category 7,226.37
P093,Product 93,Category 3,53.85
P090,Product 90,Category 15,299.19
P048,Product 48,Category 3,392.2
P072,Product 72,Category 12,27.53
P091,Product 91,Category 1,338.65
P011,Product 11,Category 11,48.35
P062,Product 62,Category 2,167.7
P091,Product 91,Category 1,338.65
P011,Product 11,Category 11,48.35
P077,Product 77,Category 2,475.01
P096,Product 96,Category 6,437.68
P001,Product 1,Category 1,254.75
P009,Product 9,Category 9,154.35
P079,Product 79,Category 4,47.04
P005,Product 5,Category 5,86.73
P062,Product 62,Category 2,167.7
P087,Product 87,Category 12,230.44
P066,Product 66,Category 6,79.06
P062,Product 62,Category 2,167.7
P005,Product 5,Category 5,86.73
P011,Product 11,Category 11,48.35
P034,Product 34,Category 4,389.34
P054,Product 54,Category 9,12.91
P052,Product 52,Category 7,409.71
P075,Product 75,Category 15,418.32
P046,Product 46,Category 1,42.09
P096,Product 96,Category 6,437.68
P041,Product 41,Category 11,267.12
P027,Product 27,Category 12,273.37
P076,Product 76,Category 1,21.06
P050,Product 50,Category 5,464.52
P051,Product 51,Category 6,16.21
P039,Product 39,Category 9,489.97
P080,Product 80,Category 5,322.73
P014,Product 14,Category 14,159.28
P042,Product 42,Category 12,416.99
P003,Product 3,Category 3,436.22
P018,Product 18,Category 3,218.78
P014,Product 14,Category 14,159.28
P087,Product 87,Category 12,230.44
P034,Product 34,Category 4,389.34
P090,Product 90,Category 15,299.19
P057,Product 57,Category 12,310.13
P071,Product 71,Category 11,289.19
P001,Product 1,Category 1,254.75
P069,Product 69,Category 9,386.3
P090,Product 90,Category 15,299.19
P094,Product 94,Category 4,65.36
P088,Product 88,Category 13,289.01
P080,Product 80,Category 5,322.73
P062,Product 62,Category 2,167.7
P027,Product 27,Category 12,273.37
P097,Product 97,Category 7,226.37
P081,Product 81,Category 6,112.74
P025,Product 25,Category 10,34.77
P044,Product 44,Category 14,37.1
P062,Product 62,Category 2,167.7
P017,Product 17,Category 2,373.36
P037,Product 37,Category 7,329.5
P009,Product 9,Category 9,154.35
P021,Product 21,Category 6,126.09
P018,Product 18,Category 3,218.78
P081,Product 81,Category 6,112.74
P036,Product 36,Category 6,93.48
P087,Product 87,Category 12,230.44
P056,Product 56,Category 11,261.99
P086,Product 86,Category 11,371.95
P038,Product 38,Category 8,30.8
P033,Product 33,Category 3,392.37
P017,Product 17,Category 2,373.36
P057,Product 57,Category 12,310.13
P097,Product 97,Category 7,226.37
P032,Product 32,Category 2,246.16
P070,Product 70,Category 10,231.01
P071,Product 71,Category 11,289.19
P084,Product 84,Category 9,410.58
P061,Product 61,Category 1,126.53
P059,Product 59,Category 14,348.66
P078,Product 78,Category 3,382.56
P006,Product 6,Category 6,65.37
P015,Product 15,Category 15,366.97
P055,Product 55,Category 10,215.67
P063,Product 63,Category 3,307.88
P033,Product 33,Category 3,392.37
P013,Product 13,Category 13,47.04
P003,Product 3,Category 3,436.22
P083,Product 83,Category 8,465.48
P062,Product 62,Category 2,167.7
P035,Product 35,Category 5,149.03
P061,Product 61,Category 1,126.53
P001,Product 1,Category 1,254.75
P008,Product 8,Category 8,252.32
P087,Product 87,Category 12,230.44
P086,Product 86,Category 11,371.95
P005,Product 5,Category 5,86.73
P095,Product 95,Category 5,177.16
P073,Product 73,Category 13,98.73
P008,Product 8,Category 8,252.32
P013,Product 13,Category 13,47.04
P021,Product 21,Category 6,126.09
P087,Product 87,Category 12,230.44
P033,Product 33,Category 3,392.37
P009,Product 9,Category 9,154.35
P076,Product 76,Category 1,21.06
P067,Product 67,Category 7,245.24
P100,Product 100,Category 10,118.57
P015,Product 15,Category 15,366.97
P080,Product 80,Category 5,322.73
P032,Product 32,Category 2,246.16
P008,Product 8,Category 8,252.32
P073,Product 73,Category 13,98.73
P018,Product 18,Category 3,218.78
P062,Product 62,Category 2,167.7
P030,Product 30,Category 15,225.39
P078,Product 78,Category 3,382.56
P039,Product 39,Category 9,489.97
P091,Product 91,Category 1,338.65
P051,Product 51,Category 6,16.21
P095,Product 95,Category 5,177.16
P017,Product 17,Category 2,373.36
P059,Product 59,Category 14,348.66
P078,Product 78,Category 3,382.56
P044,Product 44,Category 14,37.1
P007,Product 7,Category 7,451.77
P071,Product 71,Category 11,289.19
P089,Product 89,Category 14,220.92
P051,Product 51,Category 6,16.21
P075,Product 75,Category 15,418.32
P016,Product 16,Category 1,29.92
P047,Product 47,Category 2,198.11
P015,Product 15,Category 15,366.97
P037,Product 37,Category 7,329.5
P020,Product 20,Category 5,261.28
P071,Product 71,Category 11,289.19
P078,Product 78,Category 3,382.56
P062,Product 62,Category 2,167.7
P081,Product 81,Category 6,112.74
P021,Product 21,Category 6,126.09
P083,Product 83,Category 8,465.48
P071,Product 71,Category 11,289.19
P050,Product 50,Category 5,464.52
P031,Product 31,Category 1,69.9
P094,Product 94,Category 4,65.36
P091,Product 91,Category 1,338.65
P079,Product 79,Category 4,47.04
P077,Product 77,Category 2,475.01
P064,Product 64,Category 4,445.94
P084,Product 84,Category 9,410.58
P038,Product 38,Category 8,30.8
P059,Product 59,Category 14,348.66
P088,Product 88,Category 13,289.01
P018,Product 18,Category 3,218.78
P094,Product 94,Category 4,65.36
P021,Product 21,Category 6,126.09
P049,Product 49,Category 4,491.59
P066,Product 66,Category 6,79.06
P091,Product 91,Category 1,338.65
P087,Product 87,Category 12,230.44
P055,Product 55,Category 10,215.67
P032,Product 32,Category 2,246.16
P037,Product 37,Category 7,329.5
P095,Product 95,Category 5,177.16
P060,Product 60,Category 15,197.8
P095,Product 95,Category 5,177.16
P052,Product 52,Category 7,409.71
P026,Product 26,Category 11,474.87
P044,Product 44,Category 14,37.1
P065,Product 65,Category 5,194.4
P081,Product 81,Category 6,112.74
P072,Product 72,Category 12,27.53
P016,Product 16,Category 1,29.92
P075,Product 75,Category 15,418.32
P060,Product 60,Category 15,197.8
P012,Product 12,Category 12,453.15
P044,Product 44,Category 14,37.1
P046,Product 46,Category 1,42.09
P031,Product 31,Category 1,69.9
P075,Product 75,Category 15,418.32
P080,Product 80,Category 5,322.73
P067,Product 67,Category 7,245.24
P070,Product 70,Category 10,231.01
P011,Product 11,Category 11,48.35
P067,Product 67,Category 7,245.24
P048,Product 48,Category 3,392.2
P029,Product 29,Category 14,260.21
P013,Product 13,Category 13,47.04
P005,Product 5,Category 5,86.73
P067,Product 67,Category 7,245.24
P083,Product 83,Category 8,465.48
P097,Product 97,Category 7,226.37
P001,Product 1,Category 1,254.75
P040,Product 40,Category 10,456.29
P089,Product 89,Category 14,220.92
P091,Product 91,Category 1,338.65
P023,Product 23,Category 8,444.27
P013,Product 13,Category 13,47.04
P086,Product 86,Category 11,371.95
P079,Product 79,Category 4,47.04
P010,Product 10,Category 10,293.01
P083,Product 83,Category 8,465.48
P096,Product 96,Category 6,437.68
P073,Product 73,Category 13,98.73
P083,Product 83,Category 8,465.48
P026,Product 26,Category 11,474.87
P100,Product 100,Category 10,118.57
P075,Product 75,Category 15,418.32
P066,Product 66,Category 6,79.06
P002,Product 2,Category 2,181.44
P006,Product 6,Category 6,65.37
P044,Product 44,Category 14,37.1
P085,Product 85,Category 10,456.11
P092,Product 92,Category 2,134.34
P093,Product 93,Category 3,53.85
P091,Product 91,Category 1,338.65
P096,Product 96,Category 6,437.68
P009,Product 9,Category 9,154.35
P083,Product 83,Category 8,465.48
P020,Product 20,Category 5,261.28
P085,Product 85,Category 10,456.11
P074,Product 74,Category 14,291.07
P007,Product 7,Category 7,451.77
P028,Product 28,Category 13,186.78
P058,Product 58,Category 13,201.63
P065,Product 65,Category 5,194.4
P004,Product 4,Category 4,446.21
P078,Product 78,Category 3,382.56
P090,Product 90,Category 15,299.19
P074,Product 74,Category 14,291.07
P039,Product 39,Category 9,489.97
P072,Product 72,Category 12,27.53
P039,Product 39,Category 9,489.97
P067,Product 67,Category 7,245.24
P051,Product 51,Category 6,16.21
P087,Product 87,Category 12,230.44
P091,Product 91,Category 1,338.65
P093,Product 93,Category 3,53.85
P052,Product 52,Category 7,409.71
P095,Product 95,Category 5,177.16
P066,Product 66,Category 6,79.06
P074,Product 74,Category 14,291.07
P053,Product 53,Category 8,434.3
P080,Product 80,Category 5,322.73
P056,Product 56,Category 11,261.99
P058,Product 58,Category 13,201.63
P065,Product 65,Category 5,194.4
P055,Product 55,Category 10,215.67
P086,Product 86,Category 11,371.95
P094,Product 94,Category 4,65.36
P007,Product 7,Category 7,451.77
P097,Product 97,Category 7,226.37
P098,Product 98,Category 8,335.46
P088,Product 88,Category 13,289.01
P089,Product 89,Category 14,220.92
P089,Product 89,Category 14,220.92
P096,Product 96,Category 6,437.68
P034,Product 34,Category 4,389.34
P059,Product 59,Category 14,348.66
P020,Product 20,Category 5,261.28
P029,Product 29,Category 14,260.21
P073,Product 73,Category 13,98.73
P076,Product 76,Category 1,21.06
P035,Product 35,Category 5,149.03
P022,Product 22,Category 7,474.2
P021,Product 21,Category 6,126.09
P046,Product 46,Category 1,42.09
P082,Product 82,Category 7,387.7
P008,Product 8,Category 8,252.32
P022,Product 22,Category 7,474.2
P096,Product 96,Category 6,437.68
P069,Product 69,Category 9,386.3
P043,Product 43,Category 13,374.4
P010,Product 10,Category 10,293.01
P019,Product 19,Category 4,20.62
P075,Product 75,Category 15,418.32
P059,Product 59,Category 14,348.66
P094,Product 94,Category 4,65.36
P066,Product 66,Category 6,79.06
P078,Product 78,Category 3,382.56
P041,Product 41,Category 11,267.12
P046,Product 46,Category 1,42.09
P080,Product 80,Category 5,322.73
P091,Product 91,Category 1,338.65
P028,Product 28,Category 13,186.78
P017,Product 17,Category 2,373.36
P091,Product 91,Category 1,338.65
P073,Product 73,Category 13,98.73
P070,Product 70,Category 10,231.01
P030,Product 30,Category 15,225.39
P001,Product 1,Category 1,254.75
P096,Product 96,Category 6,437.68
P002,Product 2,Category 2,181.44
P095,Product 95,Category 5,177.16
P087,Product 87,Category 12,230.44
P071,Product 71,Category 11,289.19
P070,Product 70,Category 10,231.01
P008,Product 8,Category 8,252.32
P056,Product 56,Category 11,261.99
P073,Product 73,Category 13,98.73
P034,Product 34,Category 4,389.34
P074,Product 74,Category 14,291.07
P050,Product 50,Category 5,464.52
P089,Product 89,Category 14,220.92
P094,Product 94,Category 4,65.36
P068,Product 68,Category 8,366.31
P042,Product 42,Category 12,416.99
P009,Product 9,Category 9,154.35
P053,Product 53,Category 8,434.3
P096,Product 96,Category 6,437.68
P037,Product 37,Category 7,329.5
P002,Product 2,Category 2,181.44
P032,Product 32,Category 2,246.16
P050,Product 50,Category 5,464.52
P018,Product 18,Category 3,218.78
P029,Product 29,Category 14,260.21
P012,Product 12,Category 12,453.15
P060,Product 60,Category 15,197.8
P038,Product 38,Category 8,30.8
P082,Product 82,Category 7,387.7
P075,Product 75,Category 15,418.32
P036,Product 36,Category 6,93.48
P061,Product 61,Category 1,126.53
P007,Product 7,Category 7,451.77
P017,Product 17,Category 2,373.36
P051,Product 51,Category 6,16.21
P020,Product 20,Category 5,261.28
P023,Product 23,Category 8,444.27
P010,Product 10,Category 10,293.01
P031,Product 31,Category 1,69.9
P041,Product 41,Category 11,267.12
P012,Product 12,Category 12,453.15
P029,Product 29,Category 14,260.21
P062,Product 62,Category 2,167.7
P014,Product 14,Category 14,159.28
P085,Product 85,Category 10,456.11
P052,Product 52,Category 7,409.71
P061,Product 61,Category 1,126.53
P021,Product 21,Category 6,126.09
P076,Product 76,Category 1,21.06
P059,Product 59,Category 14,348.66
P086,Product 86,Category 11,371.95
P057,Product 57,Category 12,310.13
P097,Product 97,Category 7,226.37
P076,Product 76,Category 1,21.06
P090,Product 90,Category 15,299.19
P082,Product 82,Category 7,387.7
P099,Product 99,Category 9,154.71
P070,Product 70,Category 10,231.01
P037,Product 37,Category 7,329.5
P071,Product 71,Category 11,289.19
P052,Product 52,Category 7,409.71
P089,Product 89,Category 14,220.92
P040,Product 40,Category 10,456.29
P095,Product 95,Category 5,177.16
P004,Product 4,Category 4,446.21
P031,Product 31,Category 1,69.9
P012,Product 12,Category 12,453.15
P084,Product 84,Category 9,410.58
P001,Product 1,Category 1,254.75
P022,Product 22,Category 7,474.2
P018,Product 18,Category 3,218.78
P005,Product 5,Category 5,86.73
P010,Product 10,Category 10,293.01
P098,Product 98,Category 8,335.46
P021,Product 21,Category 6,126.09
P100,Product 100,Category 10,118.57
P043,Product 43,Category 13,374.4
P086,Product 86,Category 11,371.95
P017,Product 17,Category 2,373.36
P011,Product 11,Category 11,48.35
P054,Product 54,Category 9,12.91
P074,Product 74,Category 14,291.07
P043,Product 43,Category 13,374.4
P046,Product 46,Category 1,42.09
P082,Product 82,Category 7,387.7
P085,Product 85,Category 10,456.11
P072,Product 72,Category 12,27.53
P042,Product 42,Category 12,416.99
P043,Product 43,Category 13,374.4
P036,Product 36,Category 6,93.48
P086,Product 86,Category 11,371.95
P081,Product 81,Category 6,112.74
P025,Product 25,Category 10,34.77
P084,Product 84,Category 9,410.58
P003,Product 3,Category 3,436.22
P002,Product 2,Category 2,181.44
P088,Product 88,Category 13,289.01
P043,Product 43,Category 13,374.4
P079,Product 79,Category 4,47.04
P063,Product 63,Category 3,307.88
P007,Product 7,Category 7,451.77
P009,Product 9,Category 9,154.35
P089,Product 89,Category 14,220.92
P019,Product 19,Category 4,20.62
P066,Product 66,Category 6,79.06
P033,Product 33,Category 3,392.37
P003,Product 3,Category 3,436.22
P027,Product 27,Category 12,273.37
P029,Product 29,Category 14,260.21
P086,Product 86,Category 11,371.95
P038,Product 38,Category 8,30.8
P099,Product 99,Category 9,154.71
P040,Product 40,Category 10,456.29
P075,Product 75,Category 15,418.32
P007,Product 7,Category 7,451.77
P062,Product 62,Category 2,167.7
P036,Product 36,Category 6,93.48
P043,Product 43,Category 13,374.4
P091,Product 91,Category 1,338.65
P002,Product 2,Category 2,181.44
P100,Product 100,Category 10,118.57
P019,Product 19,Category 4,20.62
P073,Product 73,Category 13,98.73
P045,Product 45,Category 15,189.29
P062,Product 62,Category 2,167.7
P088,Product 88,Category 13,289.01
P070,Product 70,Category 10,231.01
P054,Product 54,Category 9,12.91
P072,Product 72,Category 12,27.53
P022,Product 22,Category 7,474.2
P086,Product 86,Category 11,371.95
P024,Product 24,Category 9,73.05
P006,Product 6,Category 6,65.37
P100,Product 100,Category 10,118.57
P060,Product 60,Category 15,197.8
P023,Product 23,Category 8,444.27
P015,Product 15,Category 15,366.97
P048,Product 48,Category 3,392.2
P062,Product 62,Category 2,167.7
P041,Product 41,Category 11,267.12
P044,Product 44,Category 14,37.1
P078,Product 78,Category 3,382.56
P046,Product 46,Category 1,42.09
P080,Product 80,Category 5,322.73
P054,Product 54,Category 9,12.91
P038,Product 38,Category 8,30.8
P036,Product 36,Category 6,93.48
P095,Product 95,Category 5,177.16
P058,Product 58,Category 13,201.63
P060,Product 60,Category 15,197.8
P009,Product 9,Category 9,154.35
P065,Product 65,Category 5,194.4
P003,Product 3,Category 3,436.22
P065,Product 65,Category 5,194.4
P058,Product 58,Category 13,201.63
P007,Product 7,Category 7,451.77
P060,Product 60,Category 15,197.8
P014,Product 14,Category 14,159.28
P062,Product 62,Category 2,167.7
P018,Product 18,Category 3,218.78
P002,Product 2,Category 2,181.44
P038,Product 38,Category 8,30.8
P076,Product 76,Category 1,21.06
P086,Product 86,Category 11,371.95
P068,Product 68,Category 8,366.31
P075,Product 75,Category 15,418.32
P087,Product 87,Category 12,230.44
P011,Product 11,Category 11,48.35
P072,Product 72,Category 12,27.53
P004,Product 4,Category 4,446.21
P067,Product 67,Category 7,245.24
P017,Product 17,Category 2,373.36
P035,Product 35,Category 5,149.03
P026,Product 26,Category 11,474.87
P040,Product 40,Category 10,456.29
P080,Product 80,Category 5,322.73
P076,Product 76,Category 1,21.06
P073,Product 73,Category 13,98.73
P091,Product 91,Category 1,338.65
P025,Product 25,Category 10,34.77
P024,Product 24,Category 9,73.05
P025,Product 25,Category 10,34.77
P009,Product 9,Category 9,154.35
P005,Product 5,Category 5,86.73
P001,Product 1,Category 1,254.75
P081,Product 81,Category 6,112.74
P002,Product 2,Category 2,181.44
P023,Product 23,Category 8,444.27
P029,Product 29,Category 14,260.21
P018,Product 18,Category 3,218.78
P079,Product 79,Category 4,47.04
P086,Product 86,Category 11,371.95
P003,Product 3,Category 3,436.22
P004,Product 4,Category 4,446.21
P072,Product 72,Category 12,27.53
P051,Product 51,Category 6,16.21
P021,Product 21,Category 6,126.09
P099,Product 99,Category 9,154.71
P067,Product 67,Category 7,245.24
P024,Product 24,Category 9,73.05
P042,Product 42,Category 12,416.99
P063,Product 63,Category 3,307.88
P080,Product 80,Category 5,322.73
P011,Product 11,Category 11,48.35
P094,Product 94,Category 4,65.36
P100,Product 100,Category 10,118.57
P041,Product 41,Category 11,267.12
P089,Product 89,Category 14,220.92
P091,Product 91,Category 1,338.65
P012,Product 12,Category 12,453.15
P037,Product 37,Category 7,329.5
P096,Product 96,Category 6,437.68
P053,Product 53,Category 8,434.3
P061,Product 61,Category 1,126.53
P029,Product 29,Category 14,260.21
P075,Product 75,Category 15,418.32
P066,Product 66,Category 6,79.06
P052,Product 52,Category 7,409.71
P097,Product 97,Category 7,226.37
P089,Product 89,Category 14,220.92
P057,Product 57,Category 12,310.13
P096,Product 96,Category 6,437.68
P008,Product 8,Category 8,252.32
P028,Product 28,Category 13,186.78
P056,Product 56,Category 11,261.99
P089,Product 89,Category 14,220.92
P062,Product 62,Category 2,167.7
P067,Product 67,Category 7,245.24
P014,Product 14,Category 14,159.28
P003,Product 3,Category 3,436.22
P096,Product 96,Category 6,437.68
P008,Product 8,Category 8,252.32
P021,Product 21,Category 6,126.09
P056,Product 56,Category 11,261.99
P017,Product 17,Category 2,373.36
P032,Product 32,Category 2,246.16
P051,Product 51,Category 6,16.21
P001,Product 1,Category 1,254.75
P078,Product 78,Category 3,382.56
P023,Product 23,Category 8,444.27
P009,Product 9,Category 9,154.35
P063,Product 63,Category 3,307.88
P015,Product 15,Category 15,366.97
P040,Product 40,Category 10,456.29
P033,Product 33,Category 3,392.37
P008,Product 8,Category 8,252.32
P052,Product 52,Category 7,409.71
P071,Product 71,Category 11,289.19
P035,Product 35,Category 5,149.03
P015,Product 15,Category 15,366.97
P072,Product 72,Category 12,27.53
P070,Product 70,Category 10,231.01
P026,Product 26,Category 11,474.87
P058,Product 58,Category 13,201.63
P068,Product 68,Category 8,366.31
P035,Product 35,Category 5,149.03
P009,Product 9,Category 9,154.35
P033,Product 33,Category 3,392.37
P035,Product 35,Category 5,149.03
P100,Product 100,Category 10,118.57
P085,Product 85,Category 10,456.11
P020,Product 20,Category 5,261.28
P087,Product 87,Category 12,230.44
P092,Product 92,Category 2,134.34
P026,Product 26,Category 11,474.87
P098,Product 98,Category 8,335.46
P001,Product 1,Category 1,254.75
P090,Product 90,Category 15,299.19
P011,Product 11,Category 11,48.35
P077,Product 77,Category 2,475.01
P078,Product 78,Category 3,382.56
P071,Product 71,Category 11,289.19
P026,Product 26,Category 11,474.87
P002,Product 2,Category 2,181.44
P073,Product 73,Category 13,98.73
P096,Product 96,Category 6,437.68
P026,Product 26,Category 11,474.87
P004,Product 4,Category 4,446.21
P028,Product 28,Category 13,186.78
P006,Product 6,Category 6,65.37
P065,Product 65,Category 5,194.4
P050,Product 50,Category 5,464.52
P063,Product 63,Category 3,307.88
P028,Product 28,Category 13,186.78
P038,Product 38,Category 8,30.8
P043,Product 43,Category 13,374.4
P065,Product 65,Category 5,194.4
P030,Product 30,Category 15,225.39
P017,Product 17,Category 2,373.36
P016,Product 16,Category 1,29.92
P098,Product 98,Category 8,335.46
P014,Product 14,Category 14,159.28
P020,Product 20,Category 5,261.28
P011,Product 11,Category 11,48.35
P030,Product 30,Category 15,225.39
P022,Product 22,Category 7,474.2
P014,Product 14,Category 14,159.28
P058,Product 58,Category 13,201.63
P077,Product 77,Category 2,475.01
P043,Product 43,Category 13,374.4
P035,Product 35,Category 5,149.03
P067,Product 67,Category 7,245.24
P059,Product 59,Category 14,348.66
P058,Product 58,Category 13,201.63
P088,Product 88,Category 13,289.01
P059,Product 59,Category 14,348.66
P010,Product 10,Category 10,293.01
P049,Product 49,Category 4,491.59
P026,Product 26,Category 11,474.87
P087,Product 87,Category 12,230.44
P064,Product 64,Category 4,445.94
P013,Product 13,Category 13,47.04
P093,Product 93,Category 3,53.85
P043,Product 43,Category 13,374.4
P026,Product 26,Category 11,474.87
P073,Product 73,Category 13,98.73
P047,Product 47,Category 2,198.11
P093,Product 93,Category 3,53.85
P042,Product 42,Category 12,416.99
P081,Product 81,Category 6,112.74
P088,Product 88,Category 13,289.01
P007,Product 7,Category 7,451.77
P013,Product 13,Category 13,47.04
P049,Product 49,Category 4,491.59
P003,Product 3,Category 3,436.22
P007,Product 7,Category 7,451.77
P035,Product 35,Category 5,149.03
P042,Product 42,Category 12,416.99
P047,Product 47,Category 2,198.11
P056,Product 56,Category 11,261.99
P055,Product 55,Category 10,215.67
P023,Product 23,Category 8,444.27
P088,Product 88,Category 13,289.01
P079,Product 79,Category 4,47.04
P050,Product 50,Category 5,464.52
P099,Product 99,Category 9,154.71
P088,Product 88,Category 13,289.01
P086,Product 86,Category 11,371.95
P066,Product 66,Category 6,79.06
P078,Product 78,Category 3,382.56
P009,Product 9,Category 9,154.35
P001,Product 1,Category 1,254.75
P040,Product 40,Category 10,456.29
P080,Product 80,Category 5,322.73
P018,Product 18,Category 3,218.78
P014,Product 14,Category 14,159.28
P061,Product 61,Category 1,126.53
P035,Product 35,Category 5,149.03
P027,Product 27,Category 12,273.37
P011,Product 11,Category 11,48.35
P092,Product 92,Category 2,134.34
P020,Product 20,Category 5,261.28
P096,Product 96,Category 6,437.68
P020,Product 20,Category 5,261.28
P007,Product 7,Category 7,451.77
P100,Product 100,Category 10,118.57
P098,Product 98,Category 8,335.46
P092,Product 92,Category 2,134.34
P098,Product 98,Category 8,335.46
P002,Product 2,Category 2,181.44
P059,Product 59,Category 14,348.66
P056,Product 56,Category 11,261.99
P051,Product 51,Category 6,16.21
P056,Product 56,Category 11,261.99
P081,Product 81,Category 6,112.74
P053,Product 53,Category 8,434.3
P009,Product 9,Category 9,154.35
P008,Product 8,Category 8,252.32
P080,Product 80,Category 5,322.73
P063,Product 63,Category 3,307.88
P004,Product 4,Category 4,446.21
P009,Product 9,Category 9,154.35
P040,Product 40,Category 10,456.29
P078,Product 78,Category 3,382.56
P060,Product 60,Category 15,197.8
P005,Product 5,Category 5,86.73
P046,Product 46,Category 1,42.09
P067,Product 67,Category 7,245.24
P018,Product 18,Category 3,218.78
P097,Product 97,Category 7,226.37
P035,Product 35,Category 5,149.03
P091,Product 91,Category 1,338.65
P086,Product 86,Category 11,371.95
P090,Product 90,Category 15,299.19
P046,Product 46,Category 1,42.09
P061,Product 61,Category 1,126.53
P021,Product 21,Category 6,126.09
P091,Product 91,Category 1,338.65
P092,Product 92,Category 2,134.34
P063,Product 63,Category 3,307.88
P092,Product 92,Category 2,134.34
P031,Product 31,Category 1,69.9
P022,Product 22,Category 7,474.2
P041,Product 41,Category 11,267.12
P038,Product 38,Category 8,30.8
P014,Product 14,Category 14,159.28
P018,Product 18,Category 3,218.78
P082,Product 82,Category 7,387.7
P020,Product 20,Category 5,261.28
P095,Product 95,Category 5,177.16
P061,Product 61,Category 1,126.53
P001,Product 1,Category 1,254.75
P032,Product 32,Category 2,246.16
P098,Product 98,Category 8,335.46
P048,Product 48,Category 3,392.2
P008,Product 8,Category 8,252.32
P029,Product 29,Category 14,260.21
P097,Product 97,Category 7,226.37
P071,Product 71,Category 11,289.19
P026,Product 26,Category 11,474.87
P070,Product 70,Category 10,231.01
P047,Product 47,Category 2,198.11
P029,Product 29,Category 14,260.21
P034,Product 34,Category 4,389.34
P032,Product 32,Category 2,246.16
P077,Product 77,Category 2,475.01
P074,Product 74,Category 14,291.07
P042,Product 42,Category 12,416.99
P091,Product 91,Category 1,338.65
P025,Product 25,Category 10,34.77
P056,Product 56,Category 11,261.99
P085,Product 85,Category 10,456.11
P031,Product 31,Category 1,69.9
P092,Product 92,Category 2,134.34
P050,Product 50,Category 5,464.52
P029,Product 29,Category 14,260.21
P080,Product 80,Category 5,322.73
P035,Product 35,Category 5,149.03
P043,Product 43,Category 13,374.4
P055,Product 55,Category 10,215.67
P019,Product 19,Category 4,20.62
P003,Product 3,Category 3,436.22
P017,Product 17,Category 2,373.36
P056,Product 56,Category 11,261.99
P067,Product 67,Category 7,245.24
P066,Product 66,Category 6,79.06
P078,Product 78,Category 3,382.56
P005,Product 5,Category 5,86.73
P041,Product 41,Category 11,267.12
P065,Product 65,Category 5,194.4
P041,Product 41,Category 11,267.12
P047,Product 47,Category 2,198.11
P089,Product 89,Category 14,220.92
P070,Product 70,Category 10,231.01
P085,Product 85,Category 10,456.11
P044,Product 44,Category 14,37.1
P062,Product 62,Category 2,167.7
P073,Product 73,Category 13,98.73
P065,Product 65,Category 5,194.4
P071,Product 71,Category 11,289.19
P097,Product 97,Category 7,226.37
P036,Product 36,Category 6,93.48
P076,Product 76,Category 1,21.06
P051,Product 51,Category 6,16.21
P056,Product 56,Category 11,261.99
P086,Product 86,Category 11,371.95
P014,Product 14,Category 14,159.28
P099,Product 99,Category 9,154.71
P062,Product 62,Category 2,167.7
P079,Product 79,Category 4,47.04
P066,Product 66,Category 6,79.06
P009,Product 9,Category 9,154.35
P050,Product 50,Category 5,464.52
P071,Product 71,Category 11,289.19
P086,Product 86,Category 11,371.95
P043,Product 43,Category 13,374.4
P053,Product 53,Category 8,434.3
P060,Product 60,Category 15,197.8
P049,Product 49,Category 4,491.59
P037,Product 37,Category 7,329.5
P040,Product 40,Category 10,456.29
P078,Product 78,Category 3,382.56
P090,Product 90,Category 15,299.19
P079,Product 79,Category 4,47.04
P094,Product 94,Category 4,65.36
P029,Product 29,Category 14,260.21
P028,Product 28,Category 13,186.78
P049,Product 49,Category 4,491.59
P062,Product 62,Category 2,167.7
P062,Product 62,Category 2,167.7
P023,Product 23,Category 8,444.27
P071,Product 71,Category 11,289.19
P092,Product 92,Category 2,134.34
P027,Product 27,Category 12,273.37
P001,Product 1,Category 1,254.75
P013,Product 13,Category 13,47.04
P062,Product 62,Category 2,167.7
P029,Product 29,Category 14,260.21
P093,Product 93,Category 3,53.85
P076,Product 76,Category 1,21.06
P057,Product 57,Category 12,310.13
P046,Product 46,Category 1,42.09
P060,Product 60,Category 15,197.8
P048,Product 48,Category 3,392.2
P091,Product 91,Category 1,338.65
P040,Product 40,Category 10,456.29
P030,Product 30,Category 15,225.39
P022,Product 22,Category 7,474.2
P070,Product 70,Category 10,231.01
P029,Product 29,Category 14,260.21
P080,Product 80,Category 5,322.73
P045,Product 45,Category 15,189.29
P003,Product 3,Category 3,436.22
P051,Product 51,Category 6,16.21
P085,Product 85,Category 10,456.11
P001,Product 1,Category 1,254.75
P019,Product 19,Category 4,20.62
P079,Product 79,Category 4,47.04
P045,Product 45,Category 15,189.29
P055,Product 55,Category 10,215.67
P091,Product 91,Category 1,338.65
P076,Product 76,Category 1,21.06
P076,Product 76,Category 1,21.06
P086,Product 86,Category 11,371.95
P003,Product 3,Category 3,436.22
P066,Product 66,Category 6,79.06
P100,Product 100,Category 10,118.57
P016,Product 16,Category 1,29.92
P008,Product 8,Category 8,252.32
P010,Product 10,Category 10,293.01
P088,Product 88,Category 13,289.01
P054,Product 54,Category 9,12.91
P068,Product 68,Category 8,366.31
P089,Product 89,Category 14,220.92
P002,Product 2,Category 2,181.44
P014,Product 14,Category 14,159.28
P001,Product 1,Category 1,254.75
P003,Product 3,Category 3,436.22
P082,Product 82,Category 7,387.7
P029,Product 29,Category 14,260.21
P083,Product 83,Category 8,465.48
P012,Product 12,Category 12,453.15
P042,Product 42,Category 12,416.99
P073,Product 73,Category 13,98.73
P004,Product 4,Category 4,446.21
P092,Product 92,Category 2,134.34
P004,Product 4,Category 4,446.21
P045,Product 45,Category 15,189.29
P097,Product 97,Category 7,226.37
P099,Product 99,Category 9,154.71
P090,Product 90,Category 15,299.19
P076,Product 76,Category 1,21.06
P075,Product 75,Category 15,418.32
P093,Product 93,Category 3,53.85
P004,Product 4,Category 4,446.21
P041,Product 41,Category 11,267.12
P046,Product 46,Category 1,42.09
P026,Product 26,Category 11,474.87
P078,Product 78,Category 3,382.56
P079,Product 79,Category 4,47.04
P074,Product 74,Category 14,291.07
P011,Product 11,Category 11,48.35
P085,Product 85,Category 10,456.11
P084,Product 84,Category 9,410.58
P076,Product 76,Category 1,21.06
P020,Product 20,Category 5,261.28
P036,Product 36,Category 6,93.48
P002,Product 2,Category 2,181.44
P091,Product 91,Category 1,338.65
P027,Product 27,Category 12,273.37
P088,Product 88,Category 13,289.01
P015,Product 15,Category 15,366.97
P046,Product 46,Category 1,42.09
P033,Product 33,Category 3,392.37
P060,Product 60,Category 15,197.8
P096,Product 96,Category 6,437.68
P057,Product 57,Category 12,310.13
P030,Product 30,Category 15,225.39
P016,Product 16,Category 1,29.92
P032,Product 32,Category 2,246.16
P073,Product 73,Category 13,98.73
P033,Product 33,Category 3,392.37
P034,Product 34,Category 4,389.34
P087,Product 87,Category 12,230.44
P089,Product 89,Category 14,220.92
P069,Product 69,Category 9,386.3
P074,Product 74,Category 14,291.07
P013,Product 13,Category 13,47.04
P041,Product 41,Category 11,267.12
P034,Product 34,Category 4,389.34
P052,Product 52,Category 7,409.71
P003,Product 3,Category 3,436.22
P099,Product 99,Category 9,154.71
P048,Product 48,Category 3,392.2
P013,Product 13,Category 13,47.04
P083,Product 83,Category 8,465.48
P041,Product 41,Category 11,267.12
P022,Product 22,Category 7,474.2
P060,Product 60,Category 15,197.8
P073,Product 73,Category 13,98.73
P018,Product 18,Category 3,218.78
P073,Product 73,Category 13,98.73
P096,Product 96,Category 6,437.68
P050,Product 50,Category 5,464.52
P002,Product 2,Category 2,181.44
P042,Product 42,Category 12,416.99
P058,Product 58,Category 13,201.63
P014,Product 14,Category 14,159.28
P028,Product 28,Category 13,186.78
P012,Product 12,Category 12,453.15
P076,Product 76,Category 1,21.06
P009,Product 9,Category 9,154.35
P079,Product 79,Category 4,47.04
P003,Product 3,Category 3,436.22
P007,Product 7,Category 7,451.77
P068,Product 68,Category 8,366.31
P085,Product 85,Category 10,456.11
P034,Product 34,Category 4,389.34
P012,Product 12,Category 12,453.15
P026,Product 26,Category 11,474.87
P088,Product 88,Category 13,289.01
P030,Product 30,Category 15,225.39
P051,Product 51,Category 6,16.21
P017,Product 17,Category 2,373.36
P046,Product 46,Category 1,42.09
P034,Product 34,Category 4,389.34
P081,Product 81,Category 6,112.74
P070,Product 70,Category 10,231.01
P060,Product 60,Category 15,197.8
P033,Product 33,Category 3,392.37
P001,Product 1,Category 1,254.75
P028,Product 28,Category 13,186.78
P001,Product 1,Category 1,254.75
P006,Product 6,Category 6,65.37
P084,Product 84,Category 9,410.58
P086,Product 86,Category 11,371.95
P042,Product 42,Category 12,416.99
P005,Product 5,Category 5,86.73
P028,Product 28,Category 13,186.78
P069,Product 69,Category 9,386.3
P038,Product 38,Category 8,30.8
P028,Product 28,Category 13,186.78
P074,Product 74,Category 14,291.07
P064,Product 64,Category 4,445.94
P024,Product 24,Category 9,73.05
P083,Product 83,Category 8,465.48
P078,Product 78,Category 3,382.56
P008,Product 8,Category 8,252.32
P054,Product 54,Category 9,12.91
P076,Product 76,Category 1,21.06
P064,Product 64,Category 4,445.94
P051,Product 51,Category 6,16.21
P050,Product 50,Category 5,464.52
P073,Product 73,Category 13,98.73
P072,Product 72,Category 12,27.53
P081,Product 81,Category 6,112.74
P061,Product 61,Category 1,126.53
P071,Product 71,Category 11,289.19
P029,Product 29,Category 14,260.21
P054,Product 54,Category 9,12.91
P011,Product 11,Category 11,48.35
P017,Product 17,Category 2,373.36
P059,Product 59,Category 14,348.66
P079,Product 79,Category 4,47.04
P054,Product 54,Category 9,12.91
P088,Product 88,Category 13,289.01
P099,Product 99,Category 9,154.71
P075,Product 75,Category 15,418.32
P070,Product 70,Category 10,231.01
P016,Product 16,Category 1,29.92
P048,Product 48,Category 3,392.2
P086,Product 86,Category 11,371.95
P071,Product 71,Category 11,289.19
P090,Product 90,Category 15,299.19
P072,Product 72,Category 12,27.53
P086,Product 86,Category 11,371.95
P076,Product 76,Category 1,21.06
P005,Product 5,Category 5,86.73
P076,Product 76,Category 1,21.06
P055,Product 55,Category 10,215.67
P068,Product 68,Category 8,366.31
P048,Product 48,Category 3,392.2
P022,Product 22,Category 7,474.2
P049,Product 49,Category 4,491.59
P098,Product 98,Category 8,335.46
P068,Product 68,Category 8,366.31
P069,Product 69,Category 9,386.3
P065,Product 65,Category 5,194.4
P076,Product 76,Category 1,21.06
P095,Product 95,Category 5,177.16
P032,Product 32,Category 2,246.16
P021,Product 21,Category 6,126.09
P068,Product 68,Category 8,366.31
P024,Product 24,Category 9,73.05
P005,Product 5,Category 5,86.73
P042,Product 42,Category 12,416.99
P039,Product 39,Category 9,489.97
P094,Product 94,Category 4,65.36
P050,Product 50,Category 5,464.52
P043,Product 43,Category 13,374.4
P073,Product 73,Category 13,98.73
P089,Product 89,Category 14,220.92
P049,Product 49,Category 4,491.59
P059,Product 59,Category 14,348.66
P071,Product 71,Category 11,289.19
P038,Product 38,Category 8,30.8
P073,Product 73,Category 13,98.73
P058,Product 58,Category 13,201.63
P039,Product 39,Category 9,489.97
P006,Product 6,Category 6,65.37
P100,Product 100,Category 10,118.57
P039,Product 39,Category 9,489.97
P058,Product 58,Category 13,201.63
P049,Product 49,Category 4,491.59
P068,Product 68,Category 8,366.31
P054,Product 54,Category 9,12.91
P004,Product 4,Category 4,446.21
P063,Product 63,Category 3,307.88
P095,Product 95,Category 5,177.16
P072,Product 72,Category 12,27.53
P043,Product 43,Category 13,374.4
P019,Product 19,Category 4,20.62
P078,Product 78,Category 3,382.56
P045,Product 45,Category 15,189.29
P022,Product 22,Category 7,474.2
P038,Product 38,Category 8,30.8
P039,Product 39,Category 9,489.97
P039,Product 39,Category 9,489.97
P088,Product 88,Category 13,289.01
P070,Product 70,Category 10,231.01
P068,Product 68,Category 8,366.31
P008,Product 8,Category 8,252.32
P044,Product 44,Category 14,37.1
P014,Product 14,Category 14,159.28
P020,Product 20,Category 5,261.28
P025,Product 25,Category 10,34.77
P060,Product 60,Category 15,197.8
P088,Product 88,Category 13,289.01
P078,Product 78,Category 3,382.56
P027,Product 27,Category 12,273.37
P094,Product 94,Category 4,65.36
P052,Product 52,Category 7,409.71
P016,Product 16,Category 1,29.92
P075,Product 75,Category 15,418.32
P020,Product 20,Category 5,261.28
P097,Product 97,Category 7,226.37
P060,Product 60,Category 15,197.8
P008,Product 8,Category 8,252.32
P060,Product 60,Category 15,197.8
P029,Product 29,Category 14,260.21
P017,Product 17,Category 2,373.36
P037,Product 37,Category 7,329.5
P036,Product 36,Category 6,93.48
P051,Product 51,Category 6,16.21
P065,Product 65,Category 5,194.4
P069,Product 69,Category 9,386.3
P041,Product 41,Category 11,267.12
P035,Product 35,Category 5,149.03
P014,Product 14,Category 14,159.28
P029,Product 29,Category 14,260.21
P093,Product 93,Category 3,53.85
P065,Product 65,Category 5,194.4
P098,Product 98,Category 8,335.46
P056,Product 56,Category 11,261.99
P032,Product 32,Category 2,246.16
P097,Product 97,Category 7,226.37
P085,Product 85,Category 10,456.11
P041,Product 41,Category 11,267.12
P062,Product 62,Category 2,167.7
P047,Product 47,Category 2,198.11
P016,Product 16,Category 1,29.92
P073,Product 73,Category 13,98.73
P024,Product 24,Category 9,73.05
P031,Product 31,Category 1,69.9
P005,Product 5,Category 5,86.73
P039,Product 39,Category 9,489.97
P037,Product 37,Category 7,329.5
P055,Product 55,Category 10,215.67
P090,Product 90,Category 15,299.19
P091,Product 91,Category 1,338.65
P023,Product 23,Category 8,444.27
P018,Product 18,Category 3,218.78
P085,Product 85,Category 10,456.11
P090,Product 90,Category 15,299.19
P082,Product 82,Category 7,387.7
P023,Product 23,Category 8,444.27
P094,Product 94,Category 4,65.36
P071,Product 71,Category 11,289.19
P087,Product 87,Category 12,230.44
P096,Product 96,Category 6,437.68
P037,Product 37,Category 7,329.5
P037,Product 37,Category 7,329.5
P045,Product 45,Category 15,189.29
P021,Product 21,Category 6,126.09
P019,Product 19,Category 4,20.62
P080,Product 80,Category 5,322.73
P100,Product 100,Category 10,118.57
P010,Product 10,Category 10,293.01
P089,Product 89,Category 14,220.92
P056,Product 56,Category 11,261.99
P031,Product 31,Category 1,69.9
P018,Product 18,Category 3,218.78
P055,Product 55,Category 10,215.67
P047,Product 47,Category 2,198.11
P010,Product 10,Category 10,293.01
P032,Product 32,Category 2,246.16
P046,Product 46,Category 1,42.09
P012,Product 12,Category 12,453.15
P081,Product 81,Category 6,112.74
P095,Product 95,Category 5,177.16
P036,Product 36,Category 6,93.48
P019,Product 19,Category 4,20.62
P077,Product 77,Category 2,475.01
P099,Product 99,Category 9,154.71
P006,Product 6,Category 6,65.37
P033,Product 33,Category 3,392.37
P042,Product 42,Category 12,416.99
P022,Product 22,Category 7,474.2
P016,Product 16,Category 1,29.92
P068,Product 68,Category 8,366.31
P012,Product 12,Category 12,453.15
P004,Product 4,Category 4,446.21
P097,Product 97,Category 7,226.37
P007,Product 7,Category 7,451.77
P085,Product 85,Category 10,456.11
P029,Product 29,Category 14,260.21
P054,Product 54,Category 9,12.91
P036,Product 36,Category 6,93.48
P076,Product 76,Category 1,21.06
P031,Product 31,Category 1,69.9
P058,Product 58,Category 13,201.63
P077,Product 77,Category 2,475.01
P050,Product 50,Category 5,464.52
P090,Product 90,Category 15,299.19
P036,Product 36,Category 6,93.48
P004,Product 4,Category 4,446.21
P073,Product 73,Category 13,98.73
P079,Product 79,Category 4,47.04
P056,Product 56,Category 11,261.99
P064,Product 64,Category 4,445.94
P050,Product 50,Category 5,464.52
P026,Product 26,Category 11,474.87
P076,Product 76,Category 1,21.06
P041,Product 41,Category 11,267.12
P092,Product 92,Category 2,134.34
P004,Product 4,Category 4,446.21
P042,Product 42,Category 12,416.99
P029,Product 29,Category 14,260.21
P012,Product 12,Category 12,453.15
P085,Product 85,Category 10,456.11
P023,Product 23,Category 8,444.27
P082,Product 82,Category 7,387.7
P073,Product 73,Category 13,98.73
P023,Product 23,Category 8,444.27
P001,Product 1,Category 1,254.75
P063,Product 63,Category 3,307.88
P011,Product 11,Category 11,48.35
P067,Product 67,Category 7,245.24
P010,Product 10,Category 10,293.01
P025,Product 25,Category 10,34.77
P002,Product 2,Category 2,181.44
P034,Product 34,Category 4,389.34
P050,Product 50,Category 5,464.52
P072,Product 72,Category 12,27.53
P091,Product 91,Category 1,338.65
P052,Product 52,Category 7,409.71
P016,Product 16,Category 1,29.92
P027,Product 27,Category 12,273.37
P050,Product 50,Category 5,464.52
P042,Product 42,Category 12,416.99
P019,Product 19,Category 4,20.62
P042,Product 42,Category 12,416.99
P024,Product 24,Category 9,73.05
P041,Product 41,Category 11,267.12
P056,Product 56,Category 11,261.99
P076,Product 76,Category 1,21.06
P074,Product 74,Category 14,291.07
P032,Product 32,Category 2,246.16
P080,Product 80,Category 5,322.73
P042,Product 42,Category 12,416.99
P010,Product 10,Category 10,293.01
P069,Product 69,Category 9,386.3
P033,Product 33,Category 3,392.37
P006,Product 6,Category 6,65.37
P049,Product 49,Category 4,491.59
P045,Product 45,Category 15,189.29
P095,Product 95,Category 5,177.16
P044,Product 44,Category 14,37.1
P081,Product 81,Category 6,112.74
P049,Product 49,Category 4,491.59
P014,Product 14,Category 14,159.28
P060,Product 60,Category 15,197.8
P034,Product 34,Category 4,389.34
P035,Product 35,Category 5,149.03
P100,Product 100,Category 10,118.57
P051,Product 51,Category 6,16.21
P014,Product 14,Category 14,159.28
P048,Product 48,Category 3,392.2
P075,Product 75,Category 15,418.32
P011,Product 11,Category 11,48.35
P054,Product 54,Category 9,12.91
P086,Product 86,Category 11,371.95
P086,Product 86,Category 11,371.95
P038,Product 38,Category 8,30.8
P069,Product 69,Category 9,386.3
P014,Product 14,Category 14,159.28
P068,Product 68,Category 8,366.31
P041,Product 41,Category 11,267.12
P013,Product 13,Category 13,47.04
P096,Product 96,Category 6,437.68
P094,Product 94,Category 4,65.36
P064,Product 64,Category 4,445.94
P032,Product 32,Category 2,246.16
P068,Product 68,Category 8,366.31
P063,Product 63,Category 3,307.88
P048,Product 48,Category 3,392.2
P001,Product 1,Category 1,254.75
P090,Product 90,Category 15,299.19
P085,Product 85,Category 10,456.11
P081,Product 81,Category 6,112.74
P080,Product 80,Category 5,322.73
P082,Product 82,Category 7,387.7
P012,Product 12,Category 12,453.15
P073,Product 73,Category 13,98.73
P072,Product 72,Category 12,27.53
P100,Product 100,Category 10,118.57
P002,Product 2,Category 2,181.44
P001,Product 1,Category 1,254.75
P078,Product 78,Category 3,382.56
P085,Product 85,Category 10,456.11
P079,Product 79,Category 4,47.04
P065,Product 65,Category 5,194.4
P099,Product 99,Category 9,154.71
P052,Product 52,Category 7,409.71
P069,Product 69,Category 9,386.3
P044,Product 44,Category 14,37.1
P021,Product 21,Category 6,126.09
P097,Product 97,Category 7,226.37
P026,Product 26,Category 11,474.87
P078,Product 78,Category 3,382.56
P070,Product 70,Category 10,231.01
P054,Product 54,Category 9,12.91
P072,Product 72,Category 12,27.53
P030,Product 30,Category 15,225.39
P082,Product 82,Category 7,387.7
P028,Product 28,Category 13,186.78
P032,Product 32,Category 2,246.16
P066,Product 66,Category 6,79.06
P094,Product 94,Category 4,65.36
P004,Product 4,Category 4,446.21
P014,Product 14,Category 14,159.28
P098,Product 98,Category 8,335.46
P020,Product 20,Category 5,261.28
P051,Product 51,Category 6,16.21
P011,Product 11,Category 11,48.35
P013,Product 13,Category 13,47.04
P073,Product 73,Category 13,98.73
P033,Product 33,Category 3,392.37
P018,Product 18,Category 3,218.78
P060,Product 60,Category 15,197.8
P005,Product 5,Category 5,86.73
P068,Product 68,Category 8,366.31
P003,Product 3,Category 3,436.22
P080,Product 80,Category 5,322.73
P021,Product 21,Category 6,126.09
P039,Product 39,Category 9,489.97
P084,Product 84,Category 9,410.58
P088,Product 88,Category 13,289.01
P082,Product 82,Category 7,387.7
P036,Product 36,Category 6,93.48
P049,Product 49,Category 4,491.59
P041,Product 41,Category 11,267.12
P030,Product 30,Category 15,225.39
P067,Product 67,Category 7,245.24
P081,Product 81,Category 6,112.74
P070,Product 70,Category 10,231.01
P035,Product 35,Category 5,149.03
P089,Product 89,Category 14,220.92
P057,Product 57,Category 12,310.13
P084,Product 84,Category 9,410.58
P008,Product 8,Category 8,252.32
P029,Product 29,Category 14,260.21
P098,Product 98,Category 8,335.46
P065,Product 65,Category 5,194.4
P059,Product 59,Category 14,348.66
P098,Product 98,Category 8,335.46
P060,Product 60,Category 15,197.8
P069,Product 69,Category 9,386.3
P057,Product 57,Category 12,310.13
P045,Product 45,Category 15,189.29
P049,Product 49,Category 4,491.59
P090,Product 90,Category 15,299.19
P040,Product 40,Category 10,456.29
P061,Product 61,Category 1,126.53
P080,Product 80,Category 5,322.73
P019,Product 19,Category 4,20.62
P058,Product 58,Category 13,201.63
P089,Product 89,Category 14,220.92
P043,Product 43,Category 13,374.4
P016,Product 16,Category 1,29.92
P004,Product 4,Category 4,446.21
P008,Product 8,Category 8,252.32
P078,Product 78,Category 3,382.56
P097,Product 97,Category 7,226.37
P090,Product 90,Category 15,299.19
P040,Product 40,Category 10,456.29
P038,Product 38,Category 8,30.8
P033,Product 33,Category 3,392.37
P075,Product 75,Category 15,418.32
P017,Product 17,Category 2,373.36
P048,Product 48,Category 3,392.2
P045,Product 45,Category 15,189.29
P067,Product 67,Category 7,245.24
P033,Product 33,Category 3,392.37
P086,Product 86,Category 11,371.95
P038,Product 38,Category 8,30.8
P032,Product 32,Category 2,246.16
P055,Product 55,Category 10,215.67
P035,Product 35,Category 5,149.03
P076,Product 76,Category 1,21.06
P021,Product 21,Category 6,126.09
P049,Product 49,Category 4,491.59
P066,Product 66,Category 6,79.06
P015,Product 15,Category 15,366.97
P100,Product 100,Category 10,118.57
P076,Product 76,Category 1,21.06
P011,Product 11,Category 11,48.35
P087,Product 87,Category 12,230.44
P070,Product 70,Category 10,231.01
P009,Product 9,Category 9,154.35
P033,Product 33,Category 3,392.37
P010,Product 10,Category 10,293.01
P035,Product 35,Category 5,149.03
P047,Product 47,Category 2,198.11
P068,Product 68,Category 8,366.31
P037,Product 37,Category 7,329.5
P091,Product 91,Category 1,338.65
P100,Product 100,Category 10,118.57
P100,Product 100,Category 10,118.57
P078,Product 78,Category 3,382.56
P035,Product 35,Category 5,149.03
P029,Product 29,Category 14,260.21
P047,Product 47,Category 2,198.11
P041,Product 41,Category 11,267.12
P064,Product 64,Category 4,445.94
P069,Product 69,Category 9,386.3
P052,Product 52,Category 7,409.71
P008,Product 8,Category 8,252.32
P033,Product 33,Category 3,392.37
P019,Product 19,Category 4,20.62
P080,Product 80,Category 5,322.73
P049,Product 49,Category 4,491.59
P034,Product 34,Category 4,389.34
P038,Product 38,Category 8,30.8
P060,Product 60,Category 15,197.8
P072,Product 72,Category 12,27.53
P083,Product 83,Category 8,465.48
P075,Product 75,Category 15,418.32
P084,Product 84,Category 9,410.58
P031,Product 31,Category 1,69.9
P024,Product 24,Category 9,73.05
P006,Product 6,Category 6,65.37
P057,Product 57,Category 12,310.13
P015,Product 15,Category 15,366.97
P005,Product 5,Category 5,86.73
P070,Product 70,Category 10,231.01
P100,Product 100,Category 10,118.57
P092,Product 92,Category 2,134.34
P093,Product 93,Category 3,53.85
P023,Product 23,Category 8,444.27
P010,Product 10,Category 10,293.01
P086,Product 86,Category 11,371.95
P058,Product 58,Category 13,201.63
P081,Product 81,Category 6,112.74
P040,Product 40,Category 10,456.29
P099,Product 99,Category 9,154.71
P057,Product 57,Category 12,310.13
P027,Product 27,Category 12,273.37
P060,Product 60,Category 15,197.8
P012,Product 12,Category 12,453.15
P099,Product 99,Category 9,154.71
P072,Product 72,Category 12,27.53
P094,Product 94,Category 4,65.36
P013,Product 13,Category 13,47.04
P022,Product 22,Category 7,474.2
P049,Product 49,Category 4,491.59
P061,Product 61,Category 1,126.53
P098,Product 98,Category 8,335.46
P024,Product 24,Category 9,73.05
P028,Product 28,Category 13,186.78
P016,Product 16,Category 1,29.92
P056,Product 56,Category 11,261.99
P068,Product 68,Category 8,366.31
P068,Product 68,Category 8,366.31
P050,Product 50,Category 5,464.52
P062,Product 62,Category 2,167.7
P089,Product 89,Category 14,220.92
P026,Product 26,Category 11,474.87
P001,Product 1,Category 1,254.75
P052,Product 52,Category 7,409.71
P095,Product 95,Category 5,177.16
P056,Product 56,Category 11,261.99
P085,Product 85,Category 10,456.11
P066,Product 66,Category 6,79.06
P048,Product 48,Category 3,392.2
P011,Product 11,Category 11,48.35
P050,Product 50,Category 5,464.52
P034,Product 34,Category 4,389.34
P037,Product 37,Category 7,329.5
P037,Product 37,Category 7,329.5
P029,Product 29,Category 14,260.21
P032,Product 32,Category 2,246.16
P009,Product 9,Category 9,154.35
P012,Product 12,Category 12,453.15
P002,Product 2,Category 2,181.44
P079,Product 79,Category 4,47.04
P018,Product 18,Category 3,218.78
P038,Product 38,Category 8,30.8
P082,Product 82,Category 7,387.7
P069,Product 69,Category 9,386.3
P040,Product 40,Category 10,456.29
P071,Product 71,Category 11,289.19
P084,Product 84,Category 9,410.58
P075,Product 75,Category 15,418.32
P080,Product 80,Category 5,322.73
P007,Product 7,Category 7,451.77
P031,Product 31,Category 1,69.9
P070,Product 70,Category 10,231.01
P035,Product 35,Category 5,149.03
P059,Product 59,Category 14,348.66
P060,Product 60,Category 15,197.8
P098,Product 98,Category 8,335.46
P004,Product 4,Category 4,446.21
P041,Product 41,Category 11,267.12
P066,Product 66,Category 6,79.06
P015,Product 15,Category 15,366.97
P068,Product 68,Category 8,366.31
P015,Product 15,Category 15,366.97
P059,Product 59,Category 14,348.66
P003,Product 3,Category 3,436.22
P015,Product 15,Category 15,366.97
P035,Product 35,Category 5,149.03
P036,Product 36,Category 6,93.48
P027,Product 27,Category 12,273.37
P035,Product 35,Category 5,149.03
P007,Product 7,Category 7,451.77
P005,Product 5,Category 5,86.73
P026,Product 26,Category 11,474.87
P067,Product 67,Category 7,245.24
P025,Product 25,Category 10,34.77
P047,Product 47,Category 2,198.11
P100,Product 100,Category 10,118.57
P095,Product 95,Category 5,177.16
P083,Product 83,Category 8,465.48
P066,Product 66,Category 6,79.06
P007,Product 7,Category 7,451.77
P005,Product 5,Category 5,86.73
P090,Product 90,Category 15,299.19
P003,Product 3,Category 3,436.22
P059,Product 59,Category 14,348.66
P021,Product 21,Category 6,126.09
P075,Product 75,Category 15,418.32
P013,Product 13,Category 13,47.04
P044,Product 44,Category 14,37.1
P085,Product 85,Category 10,456.11
P059,Product 59,Category 14,348.66
P021,Product 21,Category 6,126.09
P031,Product 31,Category 1,69.9
P036,Product 36,Category 6,93.48
P076,Product 76,Category 1,21.06
P085,Product 85,Category 10,456.11
P093,Product 93,Category 3,53.85
P044,Product 44,Category 14,37.1
P091,Product 91,Category 1,338.65
P027,Product 27,Category 12,273.37
P076,Product 76,Category 1,21.06
P063,Product 63,Category 3,307.88
P037,Product 37,Category 7,329.5
P096,Product 96,Category 6,437.68
P004,Product 4,Category 4,446.21
P041,Product 41,Category 11,267.12
P012,Product 12,Category 12,453.15
P098,Product 98,Category 8,335.46
P062,Product 62,Category 2,167.7
P001,Product 1,Category 1,254.75
P012,Product 12,Category 12,453.15
P092,Product 92,Category 2,134.34
P017,Product 17,Category 2,373.36
P062,Product 62,Category 2,167.7
P019,Product 19,Category 4,20.62
P002,Product 2,Category 2,181.44
P020,Product 20,Category 5,261.28
P084,Product 84,Category 9,410.58
P001,Product 1,Category 1,254.75
P047,Product 47,Category 2,198.11
P063,Product 63,Category 3,307.88
P055,Product 55,Category 10,215.67
P076,Product 76,Category 1,21.06
P052,Product 52,Category 7,409.71
P015,Product 15,Category 15,366.97
P069,Product 69,Category 9,386.3
P063,Product 63,Category 3,307.88
P034,Product 34,Category 4,389.34
P063,Product 63,Category 3,307.88
P092,Product 92,Category 2,134.34
P100,Product 100,Category 10,118.57
P006,Product 6,Category 6,65.37
P054,Product 54,Category 9,12.91
P008,Product 8,Category 8,252.32
P044,Product 44,Category 14,37.1
P001,Product 1,Category 1,254.75
P087,Product 87,Category 12,230.44
P036,Product 36,Category 6,93.48
P063,Product 63,Category 3,307.88
P014,Product 14,Category 14,159.28
P064,Product 64,Category 4,445.94
P077,Product 77,Category 2,475.01
P100,Product 100,Category 10,118.57
P060,Product 60,Category 15,197.8
P024,Product 24,Category 9,73.05
P076,Product 76,Category 1,21.06
P020,Product 20,Category 5,261.28
P083,Product 83,Category 8,465.48
P007,Product 7,Category 7,451.77
P033,Product 33,Category 3,392.37
P035,Product 35,Category 5,149.03
P080,Product 80,Category 5,322.73
P083,Product 83,Category 8,465.48
P005,Product 5,Category 5,86.73
P058,Product 58,Category 13,201.63
P041,Product 41,Category 11,267.12
P095,Product 95,Category 5,177.16
P056,Product 56,Category 11,261.99
P022,Product 22,Category 7,474.2
P095,Product 95,Category 5,177.16
P076,Product 76,Category 1,21.06
P004,Product 4,Category 4,446.21
P044,Product 44,Category 14,37.1
P057,Product 57,Category 12,310.13
P010,Product 10,Category 10,293.01
P031,Product 31,Category 1,69.9
P098,Product 98,Category 8,335.46
P037,Product 37,Category 7,329.5
P004,Product 4,Category 4,446.21
P099,Product 99,Category 9,154.71
P098,Product 98,Category 8,335.46
P019,Product 19,Category 4,20.62
P002,Product 2,Category 2,181.44
P044,Product 44,Category 14,37.1
P082,Product 82,Category 7,387.7
P047,Product 47,Category 2,198.11
P002,Product 2,Category 2,181.44
P091,Product 91,Category 1,338.65
P064,Product 64,Category 4,445.94
P040,Product 40,Category 10,456.29
P071,Product 71,Category 11,289.19
P053,Product 53,Category 8,434.3
P011,Product 11,Category 11,48.35
P031,Product 31,Category 1,69.9
P051,Product 51,Category 6,16.21
P017,Product 17,Category 2,373.36
P030,Product 30,Category 15,225.39
